ISO-10303-21;
HEADER;
/* Generated by software containing ST-Developer
 * from STEP Tools, Inc. (www.steptools.com) 
 */
/* OPTION: using custom renumber hook */

FILE_DESCRIPTION(
/* description */ ('STEP AP242 Edition 2',
'CAx-IF Rec.Pracs.---Representation and Presentation of Product Manufa
cturing Information (PMI)---4.0---2014-10-13',
'CAx-IF Rec.Pracs.---3D Tessellated Geometry---0.4---2014-09-14','2;1',
'CAx-IF Rec.Pracs.---User Defined Attributes---1.5---2016-08-15'),
/* implementation_level */ '2;1');

FILE_NAME(
/* name */ '6a1af4463738ac997e61ef18',
/* time_stamp */ '2026-05-30T14:29:27Z',
/* author */ (''),
/* organization */ (''),
/* preprocessor_version */ 'ST-DEVELOPER v20',
/* originating_system */ 'ONSHAPE BY PTC INC, 1.215',
/* authorisation */ '  ');

FILE_SCHEMA (('AP242_MANAGED_MODEL_BASED_3D_ENGINEERING_MIM_LF { 1 0 10303 442 3 1 4 }'));
ENDSEC;

DATA;
#10=TOROIDAL_SURFACE('',#3411,0.002,0.001);
#11=TOROIDAL_SURFACE('',#3423,0.002,0.001);
#12=TOROIDAL_SURFACE('',#3425,0.002,0.001);
#13=TOROIDAL_SURFACE('',#3427,0.002,0.001);
#14=TOROIDAL_SURFACE('',#3438,0.002,0.001);
#15=TOROIDAL_SURFACE('',#3440,0.002,0.001);
#16=TOROIDAL_SURFACE('',#3442,0.0555181734151394,0.001);
#17=TOROIDAL_SURFACE('',#3447,0.0555181734151394,0.001);
#18=TOROIDAL_SURFACE('',#3479,0.002,0.001);
#19=TOROIDAL_SURFACE('',#3481,0.002,0.001);
#20=B_SPLINE_SURFACE_WITH_KNOTS('',3,1,((#5338,#5339),(#5340,#5341),(#5342,
#5343),(#5344,#5345)),.SURF_OF_LINEAR_EXTRUSION.,.F.,.F.,.F.,(4,4),(2,2),
(0.0886856883665976,0.956173394589417),(0.,1.),.PIECEWISE_BEZIER_KNOTS.);
#21=(
BOUNDED_SURFACE()
B_SPLINE_SURFACE(3,2,((#4944,#4945,#4946),(#4947,#4948,#4949),(#4950,#4951,
#4952),(#4953,#4954,#4955),(#4956,#4957,#4958),(#4959,#4960,#4961),(#4962,
#4963,#4964),(#4965,#4966,#4967),(#4968,#4969,#4970),(#4971,#4972,#4973),
(#4974,#4975,#4976),(#4977,#4978,#4979),(#4980,#4981,#4982),(#4983,#4984,
#4985),(#4986,#4987,#4988),(#4989,#4990,#4991),(#4992,#4993,#4994),(#4995,
#4996,#4997),(#4998,#4999,#5000),(#5001,#5002,#5003)),.UNSPECIFIED.,.F.,
 .F.,.F.)
B_SPLINE_SURFACE_WITH_KNOTS((4,1,1,1,1,1,1,1,1,1,1,1,1,1,1,1,1,4),(3,3),
(0.0218839846522163,0.0281326244990758,0.0343812643459352,0.0406299041927946,
0.046878544039654,0.0531271838865134,0.0562515038099431,0.0593758237333728,
0.0625001436568025,0.0640623036185173,0.0656244635802322,0.067186623541947,
0.0687487835036619,0.0703109434653768,0.0710920234462342,0.0714825634366629,
0.0716778334318773,0.0718731034270916),(0.,1.),.UNSPECIFIED.)
GEOMETRIC_REPRESENTATION_ITEM()
RATIONAL_B_SPLINE_SURFACE(((1.,0.707106781186548,1.),(1.,0.707106781186548,
1.),(1.,0.707106781186548,1.),(1.,0.707106781186547,1.),(1.,0.707106781186549,
1.),(1.,0.707106781186547,1.),(1.,0.707106781186549,1.),(1.,0.707106781186547,
1.),(1.,0.707106781186547,1.),(1.,0.707106781186548,1.),(1.,0.707106781186547,
1.),(1.,0.707106781186549,1.),(1.,0.707106781186547,1.),(1.,0.707106781186549,
1.),(1.,0.707106781186545,1.),(1.,0.707106781186551,1.),(1.,0.707106781186542,
1.),(1.,0.70710678118655,1.),(1.,0.707106781186545,1.),(1.,0.707106781186545,
1.)))
REPRESENTATION_ITEM('')
SURFACE()
);
#22=(
BOUNDED_SURFACE()
B_SPLINE_SURFACE(3,2,((#5022,#5023,#5024),(#5025,#5026,#5027),(#5028,#5029,
#5030),(#5031,#5032,#5033),(#5034,#5035,#5036),(#5037,#5038,#5039),(#5040,
#5041,#5042),(#5043,#5044,#5045),(#5046,#5047,#5048),(#5049,#5050,#5051),
(#5052,#5053,#5054),(#5055,#5056,#5057),(#5058,#5059,#5060),(#5061,#5062,
#5063),(#5064,#5065,#5066),(#5067,#5068,#5069),(#5070,#5071,#5072),(#5073,
#5074,#5075),(#5076,#5077,#5078),(#5079,#5080,#5081)),.UNSPECIFIED.,.F.,
 .F.,.F.)
B_SPLINE_SURFACE_WITH_KNOTS((4,1,1,1,1,1,1,1,1,1,1,1,1,1,1,1,1,4),(3,3),
(0.0218839846522163,0.0281326244990758,0.0343812643459352,0.0406299041927946,
0.046878544039654,0.0531271838865134,0.0562515038099431,0.0593758237333728,
0.0625001436568025,0.0640623036185173,0.0656244635802322,0.067186623541947,
0.0687487835036619,0.0703109434653768,0.0710920234462342,0.0714825634366629,
0.0716778334318773,0.0718731034270916),(0.,1.),.UNSPECIFIED.)
GEOMETRIC_REPRESENTATION_ITEM()
RATIONAL_B_SPLINE_SURFACE(((1.,0.707106781186548,1.),(1.,0.707106781186548,
1.),(1.,0.707106781186548,1.),(1.,0.707106781186547,1.),(1.,0.707106781186549,
1.),(1.,0.707106781186547,1.),(1.,0.707106781186549,1.),(1.,0.707106781186547,
1.),(1.,0.707106781186547,1.),(1.,0.707106781186548,1.),(1.,0.707106781186547,
1.),(1.,0.707106781186549,1.),(1.,0.707106781186547,1.),(1.,0.707106781186549,
1.),(1.,0.707106781186545,1.),(1.,0.707106781186551,1.),(1.,0.707106781186542,
1.),(1.,0.70710678118655,1.),(1.,0.707106781186545,1.),(1.,0.707106781186545,
1.)))
REPRESENTATION_ITEM('')
SURFACE()
);
#23=(
BOUNDED_SURFACE()
B_SPLINE_SURFACE(3,2,((#5087,#5088,#5089),(#5090,#5091,#5092),(#5093,#5094,
#5095),(#5096,#5097,#5098)),.UNSPECIFIED.,.F.,.F.,.F.)
B_SPLINE_SURFACE_WITH_KNOTS((4,4),(3,3),(0.,0.00455086145683255),(0.,1.),
 .PIECEWISE_BEZIER_KNOTS.)
GEOMETRIC_REPRESENTATION_ITEM()
RATIONAL_B_SPLINE_SURFACE(((1.,0.707106781186547,1.),(1.,0.707106781186547,
1.),(1.,0.707106781186547,1.),(1.,0.707106781186547,1.)))
REPRESENTATION_ITEM('')
SURFACE()
);
#24=(
BOUNDED_SURFACE()
B_SPLINE_SURFACE(3,2,((#5111,#5112,#5113),(#5114,#5115,#5116),(#5117,#5118,
#5119),(#5120,#5121,#5122)),.UNSPECIFIED.,.F.,.F.,.F.)
B_SPLINE_SURFACE_WITH_KNOTS((4,4),(3,3),(-1.04083408558608E-17,0.00455086136546949),
(0.,1.),.PIECEWISE_BEZIER_KNOTS.)
GEOMETRIC_REPRESENTATION_ITEM()
RATIONAL_B_SPLINE_SURFACE(((1.,0.707106781186548,1.),(1.,0.707106781186548,
1.),(1.,0.707106781186548,1.),(1.,0.707106781186548,1.)))
REPRESENTATION_ITEM('')
SURFACE()
);
#25=(
BOUNDED_SURFACE()
B_SPLINE_SURFACE(3,2,((#5463,#5464,#5465),(#5466,#5467,#5468),(#5469,#5470,
#5471),(#5472,#5473,#5474),(#5475,#5476,#5477),(#5478,#5479,#5480),(#5481,
#5482,#5483)),.UNSPECIFIED.,.F.,.F.,.F.)
B_SPLINE_SURFACE_WITH_KNOTS((4,1,1,1,4),(3,3),(0.0375604856005604,0.0437923221220501,
0.0500241586435397,0.0562559951650293,0.0624878316865189),(0.,1.),
 .UNSPECIFIED.)
GEOMETRIC_REPRESENTATION_ITEM()
RATIONAL_B_SPLINE_SURFACE(((1.,0.707106781186548,1.),(1.,0.707106781186548,
1.),(1.,0.707106781186545,1.),(1.,0.707106781186548,1.),(1.,0.707106781186547,
1.),(1.,0.707106781186547,1.),(1.,0.707106781186547,1.)))
REPRESENTATION_ITEM('')
SURFACE()
);
#26=(
BOUNDED_SURFACE()
B_SPLINE_SURFACE(3,2,((#5509,#5510,#5511),(#5512,#5513,#5514),(#5515,#5516,
#5517),(#5518,#5519,#5520),(#5521,#5522,#5523)),.UNSPECIFIED.,.F.,.F.,.F.)
B_SPLINE_SURFACE_WITH_KNOTS((4,1,4),(3,3),(0.0375598201454248,0.0499625962626202,
0.0623653723798155),(0.,1.),.UNSPECIFIED.)
GEOMETRIC_REPRESENTATION_ITEM()
RATIONAL_B_SPLINE_SURFACE(((1.,0.707106781186548,1.),(1.,0.707106781186548,
1.),(1.,0.707106781186548,1.),(1.,0.707106781186548,1.),(1.,0.707106781186548,
1.)))
REPRESENTATION_ITEM('')
SURFACE()
);
#27=(
BOUNDED_SURFACE()
B_SPLINE_SURFACE(3,2,((#5576,#5577,#5578),(#5579,#5580,#5581),(#5582,#5583,
#5584),(#5585,#5586,#5587),(#5588,#5589,#5590)),.UNSPECIFIED.,.F.,.F.,.F.)
B_SPLINE_SURFACE_WITH_KNOTS((4,1,4),(3,3),(6.23416249179165E-19,0.000652963579376933,
0.00130592715875387),(0.,1.),.UNSPECIFIED.)
GEOMETRIC_REPRESENTATION_ITEM()
RATIONAL_B_SPLINE_SURFACE(((1.,0.886591763925448,1.),(1.,0.886591745842181,
1.),(1.,0.843159805788844,1.),(1.,0.756119537653079,1.),(1.,0.707106781186548,
1.)))
REPRESENTATION_ITEM('')
SURFACE()
);
#28=(
BOUNDED_SURFACE()
B_SPLINE_SURFACE(3,2,((#5597,#5598,#5599),(#5600,#5601,#5602),(#5603,#5604,
#5605),(#5606,#5607,#5608),(#5609,#5610,#5611)),.UNSPECIFIED.,.F.,.F.,.F.)
B_SPLINE_SURFACE_WITH_KNOTS((4,1,4),(3,3),(4.71238898038469,5.49778714378214,
6.28318530717959),(0.,1.),.UNSPECIFIED.)
GEOMETRIC_REPRESENTATION_ITEM()
RATIONAL_B_SPLINE_SURFACE(((1.,0.707106781186533,1.),(1.,0.715173926786492,
1.),(1.,0.730914318047996,1.),(1.,0.737277336806196,1.),(1.,0.737277336810109,
1.)))
REPRESENTATION_ITEM('')
SURFACE()
);
#29=(
BOUNDED_SURFACE()
B_SPLINE_SURFACE(3,2,((#5613,#5614,#5615),(#5616,#5617,#5618),(#5619,#5620,
#5621),(#5622,#5623,#5624),(#5625,#5626,#5627)),.UNSPECIFIED.,.F.,.F.,.F.)
B_SPLINE_SURFACE_WITH_KNOTS((4,1,4),(3,3),(-3.79470760369927E-19,0.00065139790346029,
0.00130279580692058),(0.,1.),.UNSPECIFIED.)
GEOMETRIC_REPRESENTATION_ITEM()
RATIONAL_B_SPLINE_SURFACE(((1.,0.707106781186547,1.),(1.,0.75618719057951,
1.),(1.,0.842734025807461,1.),(1.,0.886591755474061,1.),(1.,0.886591763925448,
1.)))
REPRESENTATION_ITEM('')
SURFACE()
);
#30=(
BOUNDED_SURFACE()
B_SPLINE_SURFACE(3,2,((#5633,#5634,#5635),(#5636,#5637,#5638),(#5639,#5640,
#5641),(#5642,#5643,#5644),(#5645,#5646,#5647)),.UNSPECIFIED.,.F.,.F.,.F.)
B_SPLINE_SURFACE_WITH_KNOTS((4,1,4),(3,3),(3.14159265358979,3.92699081698724,
4.71238898038469),(0.,1.),.UNSPECIFIED.)
GEOMETRIC_REPRESENTATION_ITEM()
RATIONAL_B_SPLINE_SURFACE(((1.,0.737277336810113,1.),(1.,0.73727733680765,
1.),(1.,0.730914318047172,1.),(1.,0.715173926786705,1.),(1.,0.707106781186537,
1.)))
REPRESENTATION_ITEM('')
SURFACE()
);
#31=ELLIPSE('',#3249,0.00141421356237309,0.001);
#32=ELLIPSE('',#3251,0.00141421356237309,0.001);
#33=ELLIPSE('',#3257,0.00141421356237309,0.001);
#34=ELLIPSE('',#3259,0.00141421356237309,0.001);
#35=ELLIPSE('',#3261,0.00141421356237309,0.001);
#36=ELLIPSE('',#3266,0.00141421356237309,0.001);
#37=ELLIPSE('',#3394,0.000752864878157511,0.00075);
#38=ELLIPSE('',#3395,0.000752864878157511,0.00075);
#39=ELLIPSE('',#3454,0.00141421356237309,0.001);
#40=ELLIPSE('',#3456,0.00141421356237309,0.001);
#41=ELLIPSE('',#3470,0.00100215045016361,0.001);
#42=ELLIPSE('',#3477,0.00100215045016361,0.001);
#43=SPHERICAL_SURFACE('',#3245,0.001);
#44=SPHERICAL_SURFACE('',#3254,0.001);
#45=SPHERICAL_SURFACE('',#3268,0.001);
#46=SPHERICAL_SURFACE('',#3291,0.001);
#47=SPHERICAL_SURFACE('',#3294,0.001);
#48=SPHERICAL_SURFACE('',#3300,0.001);
#49=SPHERICAL_SURFACE('',#3449,0.001);
#50=SPHERICAL_SURFACE('',#3451,0.001);
#51=SPHERICAL_SURFACE('',#3465,0.001);
#52=SPHERICAL_SURFACE('',#3467,0.001);
#53=B_SPLINE_CURVE_WITH_KNOTS('',3,(#4748,#4749,#4750,#4751),
 .UNSPECIFIED.,.F.,.F.,(4,4),(0.000117735133213139,0.00464151698667951),
 .UNSPECIFIED.);
#54=B_SPLINE_CURVE_WITH_KNOTS('',3,(#4759,#4760,#4761,#4762),
 .UNSPECIFIED.,.F.,.F.,(4,4),(0.,0.00452375991118394),.UNSPECIFIED.);
#55=B_SPLINE_CURVE_WITH_KNOTS('',3,(#4792,#4793,#4794,#4795,#4796),
 .UNSPECIFIED.,.F.,.F.,(4,1,4),(0.,0.00149735352235558,0.00299470704471116),
 .UNSPECIFIED.);
#56=B_SPLINE_CURVE_WITH_KNOTS('',3,(#4798,#4799,#4800,#4801,#4802),
 .UNSPECIFIED.,.F.,.F.,(4,1,4),(0.,0.00149729966334288,0.00299459932668577),
 .UNSPECIFIED.);
#57=B_SPLINE_CURVE_WITH_KNOTS('',3,(#4807,#4808,#4809,#4810,#4811),
 .UNSPECIFIED.,.F.,.F.,(4,1,4),(0.,0.00158448513141563,0.00316897026283126),
 .UNSPECIFIED.);
#58=B_SPLINE_CURVE_WITH_KNOTS('',3,(#4888,#4889,#4890,#4891,#4892,#4893,
#4894,#4895,#4896,#4897,#4898,#4899),.UNSPECIFIED.,.F.,.F.,(4,1,1,1,1,1,
1,1,1,4),(0.,0.00314823734485399,0.00629647468970799,0.00944471203456198,
0.012592949379416,0.018889424069124,0.025185898758832,0.0314823734485399,
0.0377788481382479,0.0503717975176639),.UNSPECIFIED.);
#59=B_SPLINE_CURVE_WITH_KNOTS('',3,(#4902,#4903,#4904,#4905,#4906,#4907,
#4908,#4909,#4910,#4911,#4912,#4913),.UNSPECIFIED.,.F.,.F.,(4,1,1,1,1,1,
1,1,1,4),(0.,0.0123778124163966,0.0185667186245949,0.0247556248327933,0.0309445310409916,
0.0371334372491899,0.040227890353289,0.0433223434573882,0.0464167965614873,
0.0495112496655865),.UNSPECIFIED.);
#60=B_SPLINE_CURVE_WITH_KNOTS('',3,(#4933,#4934,#4935,#4936,#4937),
 .UNSPECIFIED.,.F.,.F.,(4,1,4),(0.,0.000789815969140222,0.00157963193828044),
 .UNSPECIFIED.);
#61=B_SPLINE_CURVE_WITH_KNOTS('',3,(#4939,#4940,#4941,#4942,#4943),
 .UNSPECIFIED.,.F.,.F.,(4,1,4),(0.,0.000789815969140233,0.00157963193828047),
 .UNSPECIFIED.);
#62=B_SPLINE_CURVE_WITH_KNOTS('',3,(#5004,#5005,#5006,#5007,#5008,#5009,
#5010,#5011,#5012,#5013,#5014,#5015),.UNSPECIFIED.,.F.,.F.,(4,1,1,1,1,1,
1,1,1,4),(0.00441980295515614,0.0171913261966756,0.0235770878174353,0.029962849438195,
0.0363486110589547,0.0427343726797144,0.0459272534900942,0.0491201343004741,
0.0523130151108539,0.0555058959212338),.UNSPECIFIED.);
#63=B_SPLINE_CURVE_WITH_KNOTS('',3,(#5017,#5018,#5019,#5020,#5021),
 .UNSPECIFIED.,.F.,.F.,(4,1,4),(0.,0.5,1.),.UNSPECIFIED.);
#64=B_SPLINE_CURVE_WITH_KNOTS('',3,(#5082,#5083,#5084,#5085,#5086),
 .UNSPECIFIED.,.F.,.F.,(4,1,4),(0.,0.5,1.),.UNSPECIFIED.);
#65=B_SPLINE_CURVE_WITH_KNOTS('',3,(#5099,#5100,#5101,#5102),
 .UNSPECIFIED.,.F.,.F.,(4,4),(9.09675981259092E-9,0.0044199474129245),
 .UNSPECIFIED.);
#66=B_SPLINE_CURVE_WITH_KNOTS('',3,(#5104,#5105,#5106,#5107,#5108),
 .UNSPECIFIED.,.F.,.F.,(4,1,4),(0.,0.000783642708703552,0.0015672854174071),
 .UNSPECIFIED.);
#67=B_SPLINE_CURVE_WITH_KNOTS('',3,(#5123,#5124,#5125,#5126,#5127),
 .UNSPECIFIED.,.F.,.F.,(4,1,4),(0.,0.000783642708703555,0.00156728541740711),
 .UNSPECIFIED.);
#68=B_SPLINE_CURVE_WITH_KNOTS('',3,(#5346,#5347,#5348,#5349,#5350,#5351,
#5352),.UNSPECIFIED.,.F.,.F.,(4,1,1,1,4),(0.,0.00601327129163612,0.0120265425832722,
0.0180398138749083,0.0240530851665445),.UNSPECIFIED.);
#69=B_SPLINE_CURVE_WITH_KNOTS('',3,(#5357,#5358,#5359,#5360,#5361),
 .UNSPECIFIED.,.F.,.F.,(4,1,4),(0.,0.0120635942923264,0.0241271885846528),
 .UNSPECIFIED.);
#70=B_SPLINE_CURVE_WITH_KNOTS('',3,(#5372,#5373,#5374,#5375,#5376),
 .UNSPECIFIED.,.F.,.F.,(4,1,4),(0.,0.000651397903460284,0.00130279580692057),
 .UNSPECIFIED.);
#71=B_SPLINE_CURVE_WITH_KNOTS('',3,(#5380,#5381,#5382,#5383,#5384),
 .UNSPECIFIED.,.F.,.F.,(4,1,4),(0.,0.000652963579376933,0.00130592715875387),
 .UNSPECIFIED.);
#72=B_SPLINE_CURVE_WITH_KNOTS('',3,(#5400,#5401,#5402,#5403,#5404,#5405,
#5406),.UNSPECIFIED.,.F.,.F.,(4,1,1,1,4),(0.,0.00621144243232871,0.0124228848646574,
0.0186343272969861,0.0248457697293148),.UNSPECIFIED.);
#73=B_SPLINE_CURVE_WITH_KNOTS('',3,(#5427,#5428,#5429,#5430,#5431,#5432),
 .UNSPECIFIED.,.F.,.F.,(4,1,1,4),(0.,0.0124146745460255,0.0186220118190383,
0.024829349092051),.UNSPECIFIED.);
#74=B_SPLINE_CURVE_WITH_KNOTS('',3,(#5525,#5526,#5527,#5528,#5529),
 .UNSPECIFIED.,.F.,.F.,(4,1,4),(0.,0.000844567092968722,0.00168913418593744),
 .UNSPECIFIED.);
#75=B_SPLINE_CURVE_WITH_KNOTS('',3,(#5535,#5536,#5537,#5538,#5539),
 .UNSPECIFIED.,.F.,.F.,(4,1,4),(0.,0.000843072234066253,0.00168614446813251),
 .UNSPECIFIED.);
#76=COLOUR_RGB('',0.615686274509804,0.811764705882353,0.929411764705882);
#77=COLOUR_RGB('',0.901960784313726,0.901960784313726,0.901960784313726);
#78=CONTEXT_DEPENDENT_SHAPE_REPRESENTATION(#132,#5685);
#79=CONTEXT_DEPENDENT_SHAPE_REPRESENTATION(#133,#5687);
#80=CONTEXT_DEPENDENT_SHAPE_REPRESENTATION(#134,#5689);
#81=CONTEXT_DEPENDENT_SHAPE_REPRESENTATION(#135,#5691);
#82=CONTEXT_DEPENDENT_SHAPE_REPRESENTATION(#136,#5692);
#83=CONTEXT_DEPENDENT_SHAPE_REPRESENTATION(#137,#5695);
#84=CONTEXT_DEPENDENT_SHAPE_REPRESENTATION(#138,#5697);
#85=CONTEXT_DEPENDENT_SHAPE_REPRESENTATION(#139,#5698);
#86=CONTEXT_DEPENDENT_SHAPE_REPRESENTATION(#140,#5699);
#87=CONTEXT_DEPENDENT_SHAPE_REPRESENTATION(#141,#5701);
#88=CONTEXT_DEPENDENT_SHAPE_REPRESENTATION(#142,#5703);
#89=CONTEXT_DEPENDENT_SHAPE_REPRESENTATION(#143,#5704);
#90=CONTEXT_DEPENDENT_SHAPE_REPRESENTATION(#144,#5705);
#91=CONTEXT_DEPENDENT_SHAPE_REPRESENTATION(#145,#5707);
#92=CONTEXT_DEPENDENT_SHAPE_REPRESENTATION(#146,#5708);
#93=CONTEXT_DEPENDENT_SHAPE_REPRESENTATION(#147,#5709);
#94=CONTEXT_DEPENDENT_SHAPE_REPRESENTATION(#148,#5711);
#95=CONTEXT_DEPENDENT_SHAPE_REPRESENTATION(#149,#5712);
#96=CONTEXT_DEPENDENT_SHAPE_REPRESENTATION(#150,#5713);
#97=CONTEXT_DEPENDENT_SHAPE_REPRESENTATION(#151,#5714);
#98=CONTEXT_DEPENDENT_SHAPE_REPRESENTATION(#152,#5716);
#99=CONTEXT_DEPENDENT_SHAPE_REPRESENTATION(#153,#5717);
#100=CONTEXT_DEPENDENT_SHAPE_REPRESENTATION(#154,#5718);
#101=CONTEXT_DEPENDENT_SHAPE_REPRESENTATION(#155,#5720);
#102=CONTEXT_DEPENDENT_SHAPE_REPRESENTATION(#156,#5721);
#103=CONTEXT_DEPENDENT_SHAPE_REPRESENTATION(#157,#5722);
#104=CONTEXT_DEPENDENT_SHAPE_REPRESENTATION(#158,#5724);
#105=NEXT_ASSEMBLY_USAGE_OCCURRENCE('NAUO1','Part 2','Part 2',#5725,#5726,
'');
#106=NEXT_ASSEMBLY_USAGE_OCCURRENCE('NAUO2','Part 1','Part 1',#5725,#5727,
'');
#107=NEXT_ASSEMBLY_USAGE_OCCURRENCE('NAUO3','Part 1','Part 1',#5725,#5728,
'');
#108=NEXT_ASSEMBLY_USAGE_OCCURRENCE('NAUO4','Part 1','Part 1',#5725,#5729,
'');
#109=NEXT_ASSEMBLY_USAGE_OCCURRENCE('NAUO5','Part 2','Part 2',#5725,#5726,
'');
#110=NEXT_ASSEMBLY_USAGE_OCCURRENCE('NAUO6','Part 1','Part 1',#5730,#5731,
'');
#111=NEXT_ASSEMBLY_USAGE_OCCURRENCE('NAUO7','Part 1','Part 1',#5730,#5732,
'');
#112=NEXT_ASSEMBLY_USAGE_OCCURRENCE('NAUO8','Screw and Nut 10mm <2>',
'Screw and Nut 10mm <2>',#5725,#5730,'');
#113=NEXT_ASSEMBLY_USAGE_OCCURRENCE('NAUO9','Part 1','Part 1',#5725,#5727,
'');
#114=NEXT_ASSEMBLY_USAGE_OCCURRENCE('NAUO10','Part 1','Part 1',#5733,#5731,
'');
#115=NEXT_ASSEMBLY_USAGE_OCCURRENCE('NAUO11','Part 1','Part 1',#5733,#5734,
'');
#116=NEXT_ASSEMBLY_USAGE_OCCURRENCE('NAUO12','Screw and Nut 8mm <4>',
'Screw and Nut 8mm <4>',#5725,#5733,'');
#117=NEXT_ASSEMBLY_USAGE_OCCURRENCE('NAUO13','Part 1','Part 1',#5725,#5729,
'');
#118=NEXT_ASSEMBLY_USAGE_OCCURRENCE('NAUO14','Part 1','Part 1',#5735,#5732,
'');
#119=NEXT_ASSEMBLY_USAGE_OCCURRENCE('NAUO15','Part 1','Part 1',#5735,#5731,
'');
#120=NEXT_ASSEMBLY_USAGE_OCCURRENCE('NAUO16','Screw and Nut 10mm <1>',
'Screw and Nut 10mm <1>',#5725,#5735,'');
#121=NEXT_ASSEMBLY_USAGE_OCCURRENCE('NAUO17','Part 1','Part 1',#5736,#5734,
'');
#122=NEXT_ASSEMBLY_USAGE_OCCURRENCE('NAUO18','Part 1','Part 1',#5736,#5731,
'');
#123=NEXT_ASSEMBLY_USAGE_OCCURRENCE('NAUO19','Screw and Nut 8mm <3>',
'Screw and Nut 8mm <3>',#5725,#5736,'');
#124=NEXT_ASSEMBLY_USAGE_OCCURRENCE('NAUO20','Part 1','Part 1',#5725,#5729,
'');
#125=NEXT_ASSEMBLY_USAGE_OCCURRENCE('NAUO21','Part 1','Part 1',#5737,#5734,
'');
#126=NEXT_ASSEMBLY_USAGE_OCCURRENCE('NAUO22','Part 1','Part 1',#5737,#5731,
'');
#127=NEXT_ASSEMBLY_USAGE_OCCURRENCE('NAUO23','Screw and Nut 8mm <2>',
'Screw and Nut 8mm <2>',#5725,#5737,'');
#128=NEXT_ASSEMBLY_USAGE_OCCURRENCE('NAUO24','Part 1','Part 1',#5738,#5734,
'');
#129=NEXT_ASSEMBLY_USAGE_OCCURRENCE('NAUO25','Part 1','Part 1',#5738,#5731,
'');
#130=NEXT_ASSEMBLY_USAGE_OCCURRENCE('NAUO26','Screw and Nut 8mm <1>',
'Screw and Nut 8mm <1>',#5725,#5738,'');
#131=NEXT_ASSEMBLY_USAGE_OCCURRENCE('NAUO27','Part 1','Part 1',#5725,#5739,
'');
#132=(
REPRESENTATION_RELATIONSHIP(' ',' ',#3137,#3136)
REPRESENTATION_RELATIONSHIP_WITH_TRANSFORMATION(#159)
SHAPE_REPRESENTATION_RELATIONSHIP()
);
#133=(
REPRESENTATION_RELATIONSHIP(' ',' ',#3138,#3136)
REPRESENTATION_RELATIONSHIP_WITH_TRANSFORMATION(#160)
SHAPE_REPRESENTATION_RELATIONSHIP()
);
#134=(
REPRESENTATION_RELATIONSHIP(' ',' ',#3139,#3136)
REPRESENTATION_RELATIONSHIP_WITH_TRANSFORMATION(#161)
SHAPE_REPRESENTATION_RELATIONSHIP()
);
#135=(
REPRESENTATION_RELATIONSHIP(' ',' ',#3140,#3136)
REPRESENTATION_RELATIONSHIP_WITH_TRANSFORMATION(#162)
SHAPE_REPRESENTATION_RELATIONSHIP()
);
#136=(
REPRESENTATION_RELATIONSHIP(' ',' ',#3137,#3136)
REPRESENTATION_RELATIONSHIP_WITH_TRANSFORMATION(#163)
SHAPE_REPRESENTATION_RELATIONSHIP()
);
#137=(
REPRESENTATION_RELATIONSHIP(' ',' ',#3142,#3141)
REPRESENTATION_RELATIONSHIP_WITH_TRANSFORMATION(#164)
SHAPE_REPRESENTATION_RELATIONSHIP()
);
#138=(
REPRESENTATION_RELATIONSHIP(' ',' ',#3143,#3141)
REPRESENTATION_RELATIONSHIP_WITH_TRANSFORMATION(#165)
SHAPE_REPRESENTATION_RELATIONSHIP()
);
#139=(
REPRESENTATION_RELATIONSHIP(' ',' ',#3141,#3136)
REPRESENTATION_RELATIONSHIP_WITH_TRANSFORMATION(#166)
SHAPE_REPRESENTATION_RELATIONSHIP()
);
#140=(
REPRESENTATION_RELATIONSHIP(' ',' ',#3138,#3136)
REPRESENTATION_RELATIONSHIP_WITH_TRANSFORMATION(#167)
SHAPE_REPRESENTATION_RELATIONSHIP()
);
#141=(
REPRESENTATION_RELATIONSHIP(' ',' ',#3142,#3144)
REPRESENTATION_RELATIONSHIP_WITH_TRANSFORMATION(#168)
SHAPE_REPRESENTATION_RELATIONSHIP()
);
#142=(
REPRESENTATION_RELATIONSHIP(' ',' ',#3145,#3144)
REPRESENTATION_RELATIONSHIP_WITH_TRANSFORMATION(#169)
SHAPE_REPRESENTATION_RELATIONSHIP()
);
#143=(
REPRESENTATION_RELATIONSHIP(' ',' ',#3144,#3136)
REPRESENTATION_RELATIONSHIP_WITH_TRANSFORMATION(#170)
SHAPE_REPRESENTATION_RELATIONSHIP()
);
#144=(
REPRESENTATION_RELATIONSHIP(' ',' ',#3140,#3136)
REPRESENTATION_RELATIONSHIP_WITH_TRANSFORMATION(#171)
SHAPE_REPRESENTATION_RELATIONSHIP()
);
#145=(
REPRESENTATION_RELATIONSHIP(' ',' ',#3143,#3146)
REPRESENTATION_RELATIONSHIP_WITH_TRANSFORMATION(#172)
SHAPE_REPRESENTATION_RELATIONSHIP()
);
#146=(
REPRESENTATION_RELATIONSHIP(' ',' ',#3142,#3146)
REPRESENTATION_RELATIONSHIP_WITH_TRANSFORMATION(#173)
SHAPE_REPRESENTATION_RELATIONSHIP()
);
#147=(
REPRESENTATION_RELATIONSHIP(' ',' ',#3146,#3136)
REPRESENTATION_RELATIONSHIP_WITH_TRANSFORMATION(#174)
SHAPE_REPRESENTATION_RELATIONSHIP()
);
#148=(
REPRESENTATION_RELATIONSHIP(' ',' ',#3145,#3147)
REPRESENTATION_RELATIONSHIP_WITH_TRANSFORMATION(#175)
SHAPE_REPRESENTATION_RELATIONSHIP()
);
#149=(
REPRESENTATION_RELATIONSHIP(' ',' ',#3142,#3147)
REPRESENTATION_RELATIONSHIP_WITH_TRANSFORMATION(#176)
SHAPE_REPRESENTATION_RELATIONSHIP()
);
#150=(
REPRESENTATION_RELATIONSHIP(' ',' ',#3147,#3136)
REPRESENTATION_RELATIONSHIP_WITH_TRANSFORMATION(#177)
SHAPE_REPRESENTATION_RELATIONSHIP()
);
#151=(
REPRESENTATION_RELATIONSHIP(' ',' ',#3140,#3136)
REPRESENTATION_RELATIONSHIP_WITH_TRANSFORMATION(#178)
SHAPE_REPRESENTATION_RELATIONSHIP()
);
#152=(
REPRESENTATION_RELATIONSHIP(' ',' ',#3145,#3148)
REPRESENTATION_RELATIONSHIP_WITH_TRANSFORMATION(#179)
SHAPE_REPRESENTATION_RELATIONSHIP()
);
#153=(
REPRESENTATION_RELATIONSHIP(' ',' ',#3142,#3148)
REPRESENTATION_RELATIONSHIP_WITH_TRANSFORMATION(#180)
SHAPE_REPRESENTATION_RELATIONSHIP()
);
#154=(
REPRESENTATION_RELATIONSHIP(' ',' ',#3148,#3136)
REPRESENTATION_RELATIONSHIP_WITH_TRANSFORMATION(#181)
SHAPE_REPRESENTATION_RELATIONSHIP()
);
#155=(
REPRESENTATION_RELATIONSHIP(' ',' ',#3145,#3149)
REPRESENTATION_RELATIONSHIP_WITH_TRANSFORMATION(#182)
SHAPE_REPRESENTATION_RELATIONSHIP()
);
#156=(
REPRESENTATION_RELATIONSHIP(' ',' ',#3142,#3149)
REPRESENTATION_RELATIONSHIP_WITH_TRANSFORMATION(#183)
SHAPE_REPRESENTATION_RELATIONSHIP()
);
#157=(
REPRESENTATION_RELATIONSHIP(' ',' ',#3149,#3136)
REPRESENTATION_RELATIONSHIP_WITH_TRANSFORMATION(#184)
SHAPE_REPRESENTATION_RELATIONSHIP()
);
#158=(
REPRESENTATION_RELATIONSHIP(' ',' ',#3150,#3136)
REPRESENTATION_RELATIONSHIP_WITH_TRANSFORMATION(#185)
SHAPE_REPRESENTATION_RELATIONSHIP()
);
#159=ITEM_DEFINED_TRANSFORMATION(' ',' ',#3151,#3196);
#160=ITEM_DEFINED_TRANSFORMATION(' ',' ',#3151,#3218);
#161=ITEM_DEFINED_TRANSFORMATION(' ',' ',#3151,#3303);
#162=ITEM_DEFINED_TRANSFORMATION(' ',' ',#3151,#3317);
#163=ITEM_DEFINED_TRANSFORMATION(' ',' ',#3151,#3318);
#164=ITEM_DEFINED_TRANSFORMATION(' ',' ',#3151,#3327);
#165=ITEM_DEFINED_TRANSFORMATION(' ',' ',#3151,#3341);
#166=ITEM_DEFINED_TRANSFORMATION(' ',' ',#3151,#3342);
#167=ITEM_DEFINED_TRANSFORMATION(' ',' ',#3151,#3343);
#168=ITEM_DEFINED_TRANSFORMATION(' ',' ',#3151,#3344);
#169=ITEM_DEFINED_TRANSFORMATION(' ',' ',#3151,#3358);
#170=ITEM_DEFINED_TRANSFORMATION(' ',' ',#3151,#3359);
#171=ITEM_DEFINED_TRANSFORMATION(' ',' ',#3151,#3360);
#172=ITEM_DEFINED_TRANSFORMATION(' ',' ',#3151,#3361);
#173=ITEM_DEFINED_TRANSFORMATION(' ',' ',#3151,#3362);
#174=ITEM_DEFINED_TRANSFORMATION(' ',' ',#3151,#3363);
#175=ITEM_DEFINED_TRANSFORMATION(' ',' ',#3151,#3364);
#176=ITEM_DEFINED_TRANSFORMATION(' ',' ',#3151,#3365);
#177=ITEM_DEFINED_TRANSFORMATION(' ',' ',#3151,#3366);
#178=ITEM_DEFINED_TRANSFORMATION(' ',' ',#3151,#3367);
#179=ITEM_DEFINED_TRANSFORMATION(' ',' ',#3151,#3368);
#180=ITEM_DEFINED_TRANSFORMATION(' ',' ',#3151,#3369);
#181=ITEM_DEFINED_TRANSFORMATION(' ',' ',#3151,#3370);
#182=ITEM_DEFINED_TRANSFORMATION(' ',' ',#3151,#3371);
#183=ITEM_DEFINED_TRANSFORMATION(' ',' ',#3151,#3372);
#184=ITEM_DEFINED_TRANSFORMATION(' ',' ',#3151,#3373);
#185=ITEM_DEFINED_TRANSFORMATION(' ',' ',#3151,#3496);
#186=SHAPE_REPRESENTATION_RELATIONSHIP('','',#3137,#194);
#187=SHAPE_REPRESENTATION_RELATIONSHIP('','',#3138,#195);
#188=SHAPE_REPRESENTATION_RELATIONSHIP('','',#3139,#196);
#189=SHAPE_REPRESENTATION_RELATIONSHIP('','',#3140,#197);
#190=SHAPE_REPRESENTATION_RELATIONSHIP('','',#3142,#198);
#191=SHAPE_REPRESENTATION_RELATIONSHIP('','',#3143,#199);
#192=SHAPE_REPRESENTATION_RELATIONSHIP('','',#3145,#200);
#193=SHAPE_REPRESENTATION_RELATIONSHIP('','',#3150,#201);
#194=ADVANCED_BREP_SHAPE_REPRESENTATION('',(#3113),#5651);
#195=ADVANCED_BREP_SHAPE_REPRESENTATION('',(#3114),#5652);
#196=ADVANCED_BREP_SHAPE_REPRESENTATION('',(#3115),#5653);
#197=ADVANCED_BREP_SHAPE_REPRESENTATION('',(#3116),#5654);
#198=ADVANCED_BREP_SHAPE_REPRESENTATION('',(#3117),#5656);
#199=ADVANCED_BREP_SHAPE_REPRESENTATION('',(#3118),#5657);
#200=ADVANCED_BREP_SHAPE_REPRESENTATION('',(#3119),#5659);
#201=ADVANCED_BREP_SHAPE_REPRESENTATION('',(#3120),#5664);
#202=CIRCLE('',#3159,0.001);
#203=CIRCLE('',#3160,0.001);
#204=CIRCLE('',#3169,0.001);
#205=CIRCLE('',#3170,0.001);
#206=CIRCLE('',#3175,0.0059);
#207=CIRCLE('',#3176,0.0025);
#208=CIRCLE('',#3177,0.0059);
#209=CIRCLE('',#3179,0.0059);
#210=CIRCLE('',#3183,0.0059);
#211=CIRCLE('',#3186,0.0059);
#212=CIRCLE('',#3189,0.0025);
#213=CIRCLE('',#3192,0.0023);
#214=CIRCLE('',#3194,0.0023);
#215=CIRCLE('',#3198,0.0022);
#216=CIRCLE('',#3199,0.00375);
#217=CIRCLE('',#3200,0.0022);
#218=CIRCLE('',#3208,0.0022);
#219=CIRCLE('',#3209,0.00375);
#220=CIRCLE('',#3213,0.0022);
#221=CIRCLE('',#3221,0.00375);
#222=CIRCLE('',#3222,0.0022);
#223=CIRCLE('',#3224,0.001);
#224=CIRCLE('',#3225,0.00375);
#225=CIRCLE('',#3226,0.0022);
#226=CIRCLE('',#3228,0.00375);
#227=CIRCLE('',#3229,0.0022);
#228=CIRCLE('',#3231,0.00375);
#229=CIRCLE('',#3232,0.0022);
#230=CIRCLE('',#3236,0.001);
#231=CIRCLE('',#3240,0.0022);
#232=CIRCLE('',#3246,0.001);
#233=CIRCLE('',#3247,0.001);
#234=CIRCLE('',#3253,0.001);
#235=CIRCLE('',#3255,0.001);
#236=CIRCLE('',#3263,0.001);
#237=CIRCLE('',#3265,0.001);
#238=CIRCLE('',#3267,0.001);
#239=CIRCLE('',#3269,0.001);
#240=CIRCLE('',#3275,0.001);
#241=CIRCLE('',#3276,0.001);
#242=CIRCLE('',#3279,0.001);
#243=CIRCLE('',#3280,0.001);
#244=CIRCLE('',#3283,0.001);
#245=CIRCLE('',#3284,0.001);
#246=CIRCLE('',#3288,0.001);
#247=CIRCLE('',#3290,0.001);
#248=CIRCLE('',#3292,0.001);
#249=CIRCLE('',#3293,0.001);
#250=CIRCLE('',#3295,0.001);
#251=CIRCLE('',#3299,0.001);
#252=CIRCLE('',#3301,0.001);
#253=CIRCLE('',#3305,0.0022);
#254=CIRCLE('',#3306,0.0022);
#255=CIRCLE('',#3309,0.00375);
#256=CIRCLE('',#3310,0.00375);
#257=CIRCLE('',#3313,0.0023);
#258=CIRCLE('',#3314,0.0023);
#259=CIRCLE('',#3320,0.001);
#260=CIRCLE('',#3321,0.001);
#261=CIRCLE('',#3323,0.002);
#262=CIRCLE('',#3324,0.002);
#263=CIRCLE('',#3329,0.001);
#264=CIRCLE('',#3330,0.001);
#265=CIRCLE('',#3332,0.002);
#266=CIRCLE('',#3333,0.002);
#267=CIRCLE('',#3335,0.001);
#268=CIRCLE('',#3338,0.001);
#269=CIRCLE('',#3346,0.001);
#270=CIRCLE('',#3347,0.001);
#271=CIRCLE('',#3349,0.002);
#272=CIRCLE('',#3350,0.002);
#273=CIRCLE('',#3352,0.001);
#274=CIRCLE('',#3355,0.001);
#275=CIRCLE('',#3380,0.001);
#276=CIRCLE('',#3381,0.001);
#277=CIRCLE('',#3388,0.0565181734151394);
#278=CIRCLE('',#3389,0.0565181734151394);
#279=CIRCLE('',#3391,0.001);
#280=CIRCLE('',#3392,0.001);
#281=CIRCLE('',#3397,0.001);
#282=CIRCLE('',#3398,0.001);
#283=CIRCLE('',#3400,0.002);
#284=CIRCLE('',#3401,0.002);
#285=CIRCLE('',#3402,0.002);
#286=CIRCLE('',#3403,0.0555181734151394);
#287=CIRCLE('',#3404,0.002);
#288=CIRCLE('',#3406,0.002);
#289=CIRCLE('',#3407,0.002);
#290=CIRCLE('',#3408,0.002);
#291=CIRCLE('',#3409,0.0555181734151394);
#292=CIRCLE('',#3410,0.002);
#293=CIRCLE('',#3412,0.001);
#294=CIRCLE('',#3413,0.001);
#295=CIRCLE('',#3414,0.001);
#296=CIRCLE('',#3416,0.001);
#297=CIRCLE('',#3417,0.001);
#298=CIRCLE('',#3418,0.001);
#299=CIRCLE('',#3420,0.001);
#300=CIRCLE('',#3422,0.001);
#301=CIRCLE('',#3424,0.001);
#302=CIRCLE('',#3426,0.001);
#303=CIRCLE('',#3428,0.001);
#304=CIRCLE('',#3429,0.001);
#305=CIRCLE('',#3431,0.001);
#306=CIRCLE('',#3433,0.001);
#307=CIRCLE('',#3435,0.001);
#308=CIRCLE('',#3437,0.001);
#309=CIRCLE('',#3439,0.001);
#310=CIRCLE('',#3441,0.001);
#311=CIRCLE('',#3443,0.001);
#312=CIRCLE('',#3445,0.001);
#313=CIRCLE('',#3446,0.001);
#314=CIRCLE('',#3448,0.001);
#315=CIRCLE('',#3450,0.001);
#316=CIRCLE('',#3452,0.001);
#317=CIRCLE('',#3459,0.001);
#318=CIRCLE('',#3461,0.001);
#319=CIRCLE('',#3462,0.001);
#320=CIRCLE('',#3464,0.001);
#321=CIRCLE('',#3466,0.001);
#322=CIRCLE('',#3468,0.001);
#323=CIRCLE('',#3471,0.001);
#324=CIRCLE('',#3473,0.001);
#325=CIRCLE('',#3475,0.001);
#326=CIRCLE('',#3478,0.001);
#327=CIRCLE('',#3480,0.001);
#328=CIRCLE('',#3482,0.001);
#329=CIRCLE('',#3484,0.00025);
#330=CIRCLE('',#3485,0.00025);
#331=CIRCLE('',#3487,0.00025);
#332=CIRCLE('',#3489,0.00025);
#333=CIRCLE('',#3490,0.00025);
#334=CIRCLE('',#3491,0.00025);
#335=CIRCLE('',#3493,0.00025);
#336=CIRCLE('',#3495,0.00025);
#337=CYLINDRICAL_SURFACE('',#3158,0.001);
#338=CYLINDRICAL_SURFACE('',#3168,0.001);
#339=CYLINDRICAL_SURFACE('',#3185,0.0059);
#340=CYLINDRICAL_SURFACE('',#3188,0.0025);
#341=CYLINDRICAL_SURFACE('',#3193,0.0023);
#342=CYLINDRICAL_SURFACE('',#3214,0.0022);
#343=CYLINDRICAL_SURFACE('',#3216,0.00375);
#344=CYLINDRICAL_SURFACE('',#3241,0.00375);
#345=CYLINDRICAL_SURFACE('',#3243,0.0022);
#346=CYLINDRICAL_SURFACE('',#3248,0.001);
#347=CYLINDRICAL_SURFACE('',#3250,0.001);
#348=CYLINDRICAL_SURFACE('',#3252,0.001);
#349=CYLINDRICAL_SURFACE('',#3256,0.001);
#350=CYLINDRICAL_SURFACE('',#3258,0.001);
#351=CYLINDRICAL_SURFACE('',#3260,0.001);
#352=CYLINDRICAL_SURFACE('',#3262,0.001);
#353=CYLINDRICAL_SURFACE('',#3264,0.001);
#354=CYLINDRICAL_SURFACE('',#3270,0.001);
#355=CYLINDRICAL_SURFACE('',#3271,0.001);
#356=CYLINDRICAL_SURFACE('',#3278,0.001);
#357=CYLINDRICAL_SURFACE('',#3282,0.001);
#358=CYLINDRICAL_SURFACE('',#3287,0.001);
#359=CYLINDRICAL_SURFACE('',#3289,0.001);
#360=CYLINDRICAL_SURFACE('',#3296,0.001);
#361=CYLINDRICAL_SURFACE('',#3297,0.001);
#362=CYLINDRICAL_SURFACE('',#3298,0.001);
#363=CYLINDRICAL_SURFACE('',#3302,0.001);
#364=CYLINDRICAL_SURFACE('',#3304,0.0022);
#365=CYLINDRICAL_SURFACE('',#3308,0.00375);
#366=CYLINDRICAL_SURFACE('',#3312,0.0023);
#367=CYLINDRICAL_SURFACE('',#3319,0.001);
#368=CYLINDRICAL_SURFACE('',#3322,0.002);
#369=CYLINDRICAL_SURFACE('',#3328,0.001);
#370=CYLINDRICAL_SURFACE('',#3331,0.002);
#371=CYLINDRICAL_SURFACE('',#3339,0.001);
#372=CYLINDRICAL_SURFACE('',#3345,0.001);
#373=CYLINDRICAL_SURFACE('',#3348,0.002);
#374=CYLINDRICAL_SURFACE('',#3356,0.001);
#375=CYLINDRICAL_SURFACE('',#3387,0.0565181734151394);
#376=CYLINDRICAL_SURFACE('',#3390,0.001);
#377=CYLINDRICAL_SURFACE('',#3396,0.001);
#378=CYLINDRICAL_SURFACE('',#3415,0.001);
#379=CYLINDRICAL_SURFACE('',#3419,0.001);
#380=CYLINDRICAL_SURFACE('',#3421,0.001);
#381=CYLINDRICAL_SURFACE('',#3430,0.001);
#382=CYLINDRICAL_SURFACE('',#3432,0.001);
#383=CYLINDRICAL_SURFACE('',#3434,0.001);
#384=CYLINDRICAL_SURFACE('',#3436,0.001);
#385=CYLINDRICAL_SURFACE('',#3444,0.001);
#386=CYLINDRICAL_SURFACE('',#3453,0.001);
#387=CYLINDRICAL_SURFACE('',#3455,0.001);
#388=CYLINDRICAL_SURFACE('',#3457,0.001);
#389=CYLINDRICAL_SURFACE('',#3458,0.001);
#390=CYLINDRICAL_SURFACE('',#3460,0.001);
#391=CYLINDRICAL_SURFACE('',#3463,0.001);
#392=CYLINDRICAL_SURFACE('',#3469,0.001);
#393=CYLINDRICAL_SURFACE('',#3472,0.001);
#394=CYLINDRICAL_SURFACE('',#3474,0.001);
#395=CYLINDRICAL_SURFACE('',#3476,0.001);
#396=CYLINDRICAL_SURFACE('',#3483,0.001);
#397=CYLINDRICAL_SURFACE('',#3486,0.00025);
#398=CYLINDRICAL_SURFACE('',#3488,0.00025);
#399=CYLINDRICAL_SURFACE('',#3492,0.00025);
#400=CYLINDRICAL_SURFACE('',#3494,0.00025);
#401=ORIENTED_EDGE('',*,*,#1213,.F.);
#402=ORIENTED_EDGE('',*,*,#1214,.F.);
#403=ORIENTED_EDGE('',*,*,#1215,.T.);
#404=ORIENTED_EDGE('',*,*,#1216,.T.);
#405=ORIENTED_EDGE('',*,*,#1217,.T.);
#406=ORIENTED_EDGE('',*,*,#1218,.F.);
#407=ORIENTED_EDGE('',*,*,#1219,.F.);
#408=ORIENTED_EDGE('',*,*,#1214,.T.);
#409=ORIENTED_EDGE('',*,*,#1220,.F.);
#410=ORIENTED_EDGE('',*,*,#1221,.T.);
#411=ORIENTED_EDGE('',*,*,#1222,.T.);
#412=ORIENTED_EDGE('',*,*,#1223,.F.);
#413=ORIENTED_EDGE('',*,*,#1224,.T.);
#414=ORIENTED_EDGE('',*,*,#1225,.F.);
#415=ORIENTED_EDGE('',*,*,#1226,.F.);
#416=ORIENTED_EDGE('',*,*,#1227,.F.);
#417=ORIENTED_EDGE('',*,*,#1228,.F.);
#418=ORIENTED_EDGE('',*,*,#1229,.F.);
#419=ORIENTED_EDGE('',*,*,#1230,.T.);
#420=ORIENTED_EDGE('',*,*,#1231,.T.);
#421=ORIENTED_EDGE('',*,*,#1218,.T.);
#422=ORIENTED_EDGE('',*,*,#1232,.T.);
#423=ORIENTED_EDGE('',*,*,#1233,.F.);
#424=ORIENTED_EDGE('',*,*,#1234,.F.);
#425=ORIENTED_EDGE('',*,*,#1235,.F.);
#426=ORIENTED_EDGE('',*,*,#1236,.T.);
#427=ORIENTED_EDGE('',*,*,#1237,.T.);
#428=ORIENTED_EDGE('',*,*,#1238,.T.);
#429=ORIENTED_EDGE('',*,*,#1239,.T.);
#430=ORIENTED_EDGE('',*,*,#1240,.T.);
#431=ORIENTED_EDGE('',*,*,#1241,.F.);
#432=ORIENTED_EDGE('',*,*,#1242,.T.);
#433=ORIENTED_EDGE('',*,*,#1243,.F.);
#434=ORIENTED_EDGE('',*,*,#1244,.F.);
#435=ORIENTED_EDGE('',*,*,#1245,.T.);
#436=ORIENTED_EDGE('',*,*,#1246,.F.);
#437=ORIENTED_EDGE('',*,*,#1247,.F.);
#438=ORIENTED_EDGE('',*,*,#1233,.T.);
#439=ORIENTED_EDGE('',*,*,#1248,.T.);
#440=ORIENTED_EDGE('',*,*,#1249,.F.);
#441=ORIENTED_EDGE('',*,*,#1250,.F.);
#442=ORIENTED_EDGE('',*,*,#1246,.T.);
#443=ORIENTED_EDGE('',*,*,#1251,.F.);
#444=ORIENTED_EDGE('',*,*,#1216,.F.);
#445=ORIENTED_EDGE('',*,*,#1252,.T.);
#446=ORIENTED_EDGE('',*,*,#1249,.T.);
#447=ORIENTED_EDGE('',*,*,#1215,.F.);
#448=ORIENTED_EDGE('',*,*,#1219,.T.);
#449=ORIENTED_EDGE('',*,*,#1231,.F.);
#450=ORIENTED_EDGE('',*,*,#1253,.F.);
#451=ORIENTED_EDGE('',*,*,#1234,.T.);
#452=ORIENTED_EDGE('',*,*,#1247,.T.);
#453=ORIENTED_EDGE('',*,*,#1250,.T.);
#454=ORIENTED_EDGE('',*,*,#1252,.F.);
#455=ORIENTED_EDGE('',*,*,#1213,.T.);
#456=ORIENTED_EDGE('',*,*,#1251,.T.);
#457=ORIENTED_EDGE('',*,*,#1248,.F.);
#458=ORIENTED_EDGE('',*,*,#1245,.F.);
#459=ORIENTED_EDGE('',*,*,#1232,.F.);
#460=ORIENTED_EDGE('',*,*,#1254,.T.);
#461=ORIENTED_EDGE('',*,*,#1220,.T.);
#462=ORIENTED_EDGE('',*,*,#1217,.F.);
#463=ORIENTED_EDGE('',*,*,#1235,.T.);
#464=ORIENTED_EDGE('',*,*,#1253,.T.);
#465=ORIENTED_EDGE('',*,*,#1230,.F.);
#466=ORIENTED_EDGE('',*,*,#1255,.F.);
#467=ORIENTED_EDGE('',*,*,#1256,.F.);
#468=ORIENTED_EDGE('',*,*,#1257,.F.);
#469=ORIENTED_EDGE('',*,*,#1258,.F.);
#470=ORIENTED_EDGE('',*,*,#1259,.T.);
#471=ORIENTED_EDGE('',*,*,#1260,.T.);
#472=ORIENTED_EDGE('',*,*,#1261,.T.);
#473=ORIENTED_EDGE('',*,*,#1240,.F.);
#474=ORIENTED_EDGE('',*,*,#1262,.F.);
#475=ORIENTED_EDGE('',*,*,#1258,.T.);
#476=ORIENTED_EDGE('',*,*,#1263,.T.);
#477=ORIENTED_EDGE('',*,*,#1264,.F.);
#478=ORIENTED_EDGE('',*,*,#1265,.F.);
#479=ORIENTED_EDGE('',*,*,#1225,.T.);
#480=ORIENTED_EDGE('',*,*,#1266,.T.);
#481=ORIENTED_EDGE('',*,*,#1267,.F.);
#482=ORIENTED_EDGE('',*,*,#1268,.F.);
#483=ORIENTED_EDGE('',*,*,#1264,.T.);
#484=ORIENTED_EDGE('',*,*,#1269,.F.);
#485=ORIENTED_EDGE('',*,*,#1260,.F.);
#486=ORIENTED_EDGE('',*,*,#1270,.T.);
#487=ORIENTED_EDGE('',*,*,#1267,.T.);
#488=ORIENTED_EDGE('',*,*,#1259,.F.);
#489=ORIENTED_EDGE('',*,*,#1262,.T.);
#490=ORIENTED_EDGE('',*,*,#1239,.F.);
#491=ORIENTED_EDGE('',*,*,#1271,.F.);
#492=ORIENTED_EDGE('',*,*,#1226,.T.);
#493=ORIENTED_EDGE('',*,*,#1265,.T.);
#494=ORIENTED_EDGE('',*,*,#1268,.T.);
#495=ORIENTED_EDGE('',*,*,#1270,.F.);
#496=ORIENTED_EDGE('',*,*,#1257,.T.);
#497=ORIENTED_EDGE('',*,*,#1269,.T.);
#498=ORIENTED_EDGE('',*,*,#1266,.F.);
#499=ORIENTED_EDGE('',*,*,#1263,.F.);
#500=ORIENTED_EDGE('',*,*,#1224,.F.);
#501=ORIENTED_EDGE('',*,*,#1272,.T.);
#502=ORIENTED_EDGE('',*,*,#1241,.T.);
#503=ORIENTED_EDGE('',*,*,#1261,.F.);
#504=ORIENTED_EDGE('',*,*,#1272,.F.);
#505=ORIENTED_EDGE('',*,*,#1223,.T.);
#506=ORIENTED_EDGE('',*,*,#1273,.F.);
#507=ORIENTED_EDGE('',*,*,#1242,.F.);
#508=ORIENTED_EDGE('',*,*,#1274,.F.);
#509=ORIENTED_EDGE('',*,*,#1275,.F.);
#510=ORIENTED_EDGE('',*,*,#1276,.F.);
#511=ORIENTED_EDGE('',*,*,#1277,.T.);
#512=ORIENTED_EDGE('',*,*,#1278,.F.);
#513=ORIENTED_EDGE('',*,*,#1228,.T.);
#514=ORIENTED_EDGE('',*,*,#1279,.F.);
#515=ORIENTED_EDGE('',*,*,#1237,.F.);
#516=ORIENTED_EDGE('',*,*,#1280,.F.);
#517=ORIENTED_EDGE('',*,*,#1236,.F.);
#518=ORIENTED_EDGE('',*,*,#1256,.T.);
#519=ORIENTED_EDGE('',*,*,#1254,.F.);
#520=ORIENTED_EDGE('',*,*,#1244,.T.);
#521=ORIENTED_EDGE('',*,*,#1281,.T.);
#522=ORIENTED_EDGE('',*,*,#1221,.F.);
#523=ORIENTED_EDGE('',*,*,#1227,.T.);
#524=ORIENTED_EDGE('',*,*,#1271,.T.);
#525=ORIENTED_EDGE('',*,*,#1238,.F.);
#526=ORIENTED_EDGE('',*,*,#1279,.T.);
#527=ORIENTED_EDGE('',*,*,#1282,.F.);
#528=ORIENTED_EDGE('',*,*,#1255,.T.);
#529=ORIENTED_EDGE('',*,*,#1229,.T.);
#530=ORIENTED_EDGE('',*,*,#1243,.T.);
#531=ORIENTED_EDGE('',*,*,#1273,.T.);
#532=ORIENTED_EDGE('',*,*,#1222,.F.);
#533=ORIENTED_EDGE('',*,*,#1281,.F.);
#534=ORIENTED_EDGE('',*,*,#1274,.T.);
#535=ORIENTED_EDGE('',*,*,#1280,.T.);
#536=ORIENTED_EDGE('',*,*,#1282,.T.);
#537=ORIENTED_EDGE('',*,*,#1278,.T.);
#538=ORIENTED_EDGE('',*,*,#1283,.F.);
#539=ORIENTED_EDGE('',*,*,#1284,.F.);
#540=ORIENTED_EDGE('',*,*,#1285,.T.);
#541=ORIENTED_EDGE('',*,*,#1277,.F.);
#542=ORIENTED_EDGE('',*,*,#1286,.F.);
#543=ORIENTED_EDGE('',*,*,#1287,.T.);
#544=ORIENTED_EDGE('',*,*,#1283,.T.);
#545=ORIENTED_EDGE('',*,*,#1276,.T.);
#546=ORIENTED_EDGE('',*,*,#1288,.F.);
#547=ORIENTED_EDGE('',*,*,#1289,.F.);
#548=ORIENTED_EDGE('',*,*,#1286,.T.);
#549=ORIENTED_EDGE('',*,*,#1275,.T.);
#550=ORIENTED_EDGE('',*,*,#1285,.F.);
#551=ORIENTED_EDGE('',*,*,#1290,.F.);
#552=ORIENTED_EDGE('',*,*,#1288,.T.);
#553=ORIENTED_EDGE('',*,*,#1291,.F.);
#554=ORIENTED_EDGE('',*,*,#1284,.T.);
#555=ORIENTED_EDGE('',*,*,#1287,.F.);
#556=ORIENTED_EDGE('',*,*,#1289,.T.);
#557=ORIENTED_EDGE('',*,*,#1290,.T.);
#558=ORIENTED_EDGE('',*,*,#1292,.F.);
#559=ORIENTED_EDGE('',*,*,#1291,.T.);
#560=ORIENTED_EDGE('',*,*,#1292,.T.);
#561=ORIENTED_EDGE('',*,*,#1293,.T.);
#562=ORIENTED_EDGE('',*,*,#1294,.T.);
#563=ORIENTED_EDGE('',*,*,#1295,.T.);
#564=ORIENTED_EDGE('',*,*,#1296,.T.);
#565=ORIENTED_EDGE('',*,*,#1297,.F.);
#566=ORIENTED_EDGE('',*,*,#1298,.T.);
#567=ORIENTED_EDGE('',*,*,#1299,.T.);
#568=ORIENTED_EDGE('',*,*,#1300,.F.);
#569=ORIENTED_EDGE('',*,*,#1301,.F.);
#570=ORIENTED_EDGE('',*,*,#1302,.T.);
#571=ORIENTED_EDGE('',*,*,#1303,.F.);
#572=ORIENTED_EDGE('',*,*,#1304,.F.);
#573=ORIENTED_EDGE('',*,*,#1305,.T.);
#574=ORIENTED_EDGE('',*,*,#1306,.T.);
#575=ORIENTED_EDGE('',*,*,#1307,.F.);
#576=ORIENTED_EDGE('',*,*,#1308,.F.);
#577=ORIENTED_EDGE('',*,*,#1309,.T.);
#578=ORIENTED_EDGE('',*,*,#1304,.T.);
#579=ORIENTED_EDGE('',*,*,#1310,.F.);
#580=ORIENTED_EDGE('',*,*,#1311,.F.);
#581=ORIENTED_EDGE('',*,*,#1312,.T.);
#582=ORIENTED_EDGE('',*,*,#1308,.T.);
#583=ORIENTED_EDGE('',*,*,#1313,.F.);
#584=ORIENTED_EDGE('',*,*,#1314,.F.);
#585=ORIENTED_EDGE('',*,*,#1315,.T.);
#586=ORIENTED_EDGE('',*,*,#1311,.T.);
#587=ORIENTED_EDGE('',*,*,#1316,.F.);
#588=ORIENTED_EDGE('',*,*,#1299,.F.);
#589=ORIENTED_EDGE('',*,*,#1317,.F.);
#590=ORIENTED_EDGE('',*,*,#1293,.F.);
#591=ORIENTED_EDGE('',*,*,#1318,.T.);
#592=ORIENTED_EDGE('',*,*,#1314,.T.);
#593=ORIENTED_EDGE('',*,*,#1319,.F.);
#594=ORIENTED_EDGE('',*,*,#1320,.F.);
#595=ORIENTED_EDGE('',*,*,#1321,.T.);
#596=ORIENTED_EDGE('',*,*,#1301,.T.);
#597=ORIENTED_EDGE('',*,*,#1322,.F.);
#598=ORIENTED_EDGE('',*,*,#1323,.T.);
#599=ORIENTED_EDGE('',*,*,#1324,.F.);
#600=ORIENTED_EDGE('',*,*,#1325,.F.);
#601=ORIENTED_EDGE('',*,*,#1326,.F.);
#602=ORIENTED_EDGE('',*,*,#1306,.F.);
#603=ORIENTED_EDGE('',*,*,#1327,.T.);
#604=ORIENTED_EDGE('',*,*,#1320,.T.);
#605=ORIENTED_EDGE('',*,*,#1305,.F.);
#606=ORIENTED_EDGE('',*,*,#1309,.F.);
#607=ORIENTED_EDGE('',*,*,#1312,.F.);
#608=ORIENTED_EDGE('',*,*,#1315,.F.);
#609=ORIENTED_EDGE('',*,*,#1318,.F.);
#610=ORIENTED_EDGE('',*,*,#1302,.F.);
#611=ORIENTED_EDGE('',*,*,#1321,.F.);
#612=ORIENTED_EDGE('',*,*,#1327,.F.);
#613=ORIENTED_EDGE('',*,*,#1303,.T.);
#614=ORIENTED_EDGE('',*,*,#1326,.T.);
#615=ORIENTED_EDGE('',*,*,#1319,.T.);
#616=ORIENTED_EDGE('',*,*,#1300,.T.);
#617=ORIENTED_EDGE('',*,*,#1316,.T.);
#618=ORIENTED_EDGE('',*,*,#1313,.T.);
#619=ORIENTED_EDGE('',*,*,#1310,.T.);
#620=ORIENTED_EDGE('',*,*,#1307,.T.);
#621=ORIENTED_EDGE('',*,*,#1317,.T.);
#622=ORIENTED_EDGE('',*,*,#1328,.T.);
#623=ORIENTED_EDGE('',*,*,#1322,.T.);
#624=ORIENTED_EDGE('',*,*,#1329,.F.);
#625=ORIENTED_EDGE('',*,*,#1294,.F.);
#626=ORIENTED_EDGE('',*,*,#1328,.F.);
#627=ORIENTED_EDGE('',*,*,#1298,.F.);
#628=ORIENTED_EDGE('',*,*,#1330,.T.);
#629=ORIENTED_EDGE('',*,*,#1325,.T.);
#630=ORIENTED_EDGE('',*,*,#1331,.F.);
#631=ORIENTED_EDGE('',*,*,#1295,.F.);
#632=ORIENTED_EDGE('',*,*,#1329,.T.);
#633=ORIENTED_EDGE('',*,*,#1324,.T.);
#634=ORIENTED_EDGE('',*,*,#1332,.F.);
#635=ORIENTED_EDGE('',*,*,#1296,.F.);
#636=ORIENTED_EDGE('',*,*,#1331,.T.);
#637=ORIENTED_EDGE('',*,*,#1330,.F.);
#638=ORIENTED_EDGE('',*,*,#1297,.T.);
#639=ORIENTED_EDGE('',*,*,#1332,.T.);
#640=ORIENTED_EDGE('',*,*,#1323,.F.);
#641=ORIENTED_EDGE('',*,*,#1333,.F.);
#642=ORIENTED_EDGE('',*,*,#1334,.T.);
#643=ORIENTED_EDGE('',*,*,#1335,.T.);
#644=ORIENTED_EDGE('',*,*,#1336,.T.);
#645=ORIENTED_EDGE('',*,*,#1337,.T.);
#646=ORIENTED_EDGE('',*,*,#1338,.T.);
#647=ORIENTED_EDGE('',*,*,#1339,.T.);
#648=ORIENTED_EDGE('',*,*,#1340,.T.);
#649=ORIENTED_EDGE('',*,*,#1341,.T.);
#650=ORIENTED_EDGE('',*,*,#1342,.T.);
#651=ORIENTED_EDGE('',*,*,#1343,.F.);
#652=ORIENTED_EDGE('',*,*,#1344,.T.);
#653=ORIENTED_EDGE('',*,*,#1345,.T.);
#654=ORIENTED_EDGE('',*,*,#1346,.T.);
#655=ORIENTED_EDGE('',*,*,#1347,.T.);
#656=ORIENTED_EDGE('',*,*,#1348,.T.);
#657=ORIENTED_EDGE('',*,*,#1349,.T.);
#658=ORIENTED_EDGE('',*,*,#1350,.T.);
#659=ORIENTED_EDGE('',*,*,#1351,.T.);
#660=ORIENTED_EDGE('',*,*,#1352,.T.);
#661=ORIENTED_EDGE('',*,*,#1353,.F.);
#662=ORIENTED_EDGE('',*,*,#1354,.T.);
#663=ORIENTED_EDGE('',*,*,#1355,.T.);
#664=ORIENTED_EDGE('',*,*,#1356,.T.);
#665=ORIENTED_EDGE('',*,*,#1357,.T.);
#666=ORIENTED_EDGE('',*,*,#1358,.T.);
#667=ORIENTED_EDGE('',*,*,#1359,.T.);
#668=ORIENTED_EDGE('',*,*,#1360,.T.);
#669=ORIENTED_EDGE('',*,*,#1361,.T.);
#670=ORIENTED_EDGE('',*,*,#1362,.F.);
#671=ORIENTED_EDGE('',*,*,#1333,.T.);
#672=ORIENTED_EDGE('',*,*,#1363,.T.);
#673=ORIENTED_EDGE('',*,*,#1364,.F.);
#674=ORIENTED_EDGE('',*,*,#1365,.T.);
#675=ORIENTED_EDGE('',*,*,#1366,.T.);
#676=ORIENTED_EDGE('',*,*,#1367,.T.);
#677=ORIENTED_EDGE('',*,*,#1368,.T.);
#678=ORIENTED_EDGE('',*,*,#1369,.T.);
#679=ORIENTED_EDGE('',*,*,#1370,.F.);
#680=ORIENTED_EDGE('',*,*,#1371,.T.);
#681=ORIENTED_EDGE('',*,*,#1372,.T.);
#682=ORIENTED_EDGE('',*,*,#1373,.T.);
#683=ORIENTED_EDGE('',*,*,#1374,.T.);
#684=ORIENTED_EDGE('',*,*,#1375,.F.);
#685=ORIENTED_EDGE('',*,*,#1376,.T.);
#686=ORIENTED_EDGE('',*,*,#1377,.T.);
#687=ORIENTED_EDGE('',*,*,#1340,.F.);
#688=ORIENTED_EDGE('',*,*,#1378,.T.);
#689=ORIENTED_EDGE('',*,*,#1375,.T.);
#690=ORIENTED_EDGE('',*,*,#1379,.T.);
#691=ORIENTED_EDGE('',*,*,#1355,.F.);
#692=ORIENTED_EDGE('',*,*,#1380,.F.);
#693=ORIENTED_EDGE('',*,*,#1381,.T.);
#694=ORIENTED_EDGE('',*,*,#1382,.T.);
#695=ORIENTED_EDGE('',*,*,#1370,.T.);
#696=ORIENTED_EDGE('',*,*,#1383,.T.);
#697=ORIENTED_EDGE('',*,*,#1364,.T.);
#698=ORIENTED_EDGE('',*,*,#1384,.T.);
#699=ORIENTED_EDGE('',*,*,#1385,.T.);
#700=ORIENTED_EDGE('',*,*,#1380,.T.);
#701=ORIENTED_EDGE('',*,*,#1386,.T.);
#702=ORIENTED_EDGE('',*,*,#1345,.F.);
#703=ORIENTED_EDGE('',*,*,#1387,.T.);
#704=ORIENTED_EDGE('',*,*,#1352,.F.);
#705=ORIENTED_EDGE('',*,*,#1388,.T.);
#706=ORIENTED_EDGE('',*,*,#1337,.F.);
#707=ORIENTED_EDGE('',*,*,#1389,.F.);
#708=ORIENTED_EDGE('',*,*,#1358,.F.);
#709=ORIENTED_EDGE('',*,*,#1390,.T.);
#710=ORIENTED_EDGE('',*,*,#1353,.T.);
#711=ORIENTED_EDGE('',*,*,#1391,.T.);
#712=ORIENTED_EDGE('',*,*,#1343,.T.);
#713=ORIENTED_EDGE('',*,*,#1392,.T.);
#714=ORIENTED_EDGE('',*,*,#1349,.F.);
#715=ORIENTED_EDGE('',*,*,#1393,.T.);
#716=ORIENTED_EDGE('',*,*,#1360,.F.);
#717=ORIENTED_EDGE('',*,*,#1394,.T.);
#718=ORIENTED_EDGE('',*,*,#1341,.F.);
#719=ORIENTED_EDGE('',*,*,#1386,.F.);
#720=ORIENTED_EDGE('',*,*,#1354,.F.);
#721=ORIENTED_EDGE('',*,*,#1392,.F.);
#722=ORIENTED_EDGE('',*,*,#1389,.T.);
#723=ORIENTED_EDGE('',*,*,#1342,.F.);
#724=ORIENTED_EDGE('',*,*,#1394,.F.);
#725=ORIENTED_EDGE('',*,*,#1359,.F.);
#726=ORIENTED_EDGE('',*,*,#1395,.F.);
#727=ORIENTED_EDGE('',*,*,#1396,.T.);
#728=ORIENTED_EDGE('',*,*,#1376,.F.);
#729=ORIENTED_EDGE('',*,*,#1378,.F.);
#730=ORIENTED_EDGE('',*,*,#1397,.F.);
#731=ORIENTED_EDGE('',*,*,#1335,.F.);
#732=ORIENTED_EDGE('',*,*,#1396,.F.);
#733=ORIENTED_EDGE('',*,*,#1356,.F.);
#734=ORIENTED_EDGE('',*,*,#1398,.F.);
#735=ORIENTED_EDGE('',*,*,#1336,.F.);
#736=ORIENTED_EDGE('',*,*,#1397,.T.);
#737=ORIENTED_EDGE('',*,*,#1339,.F.);
#738=ORIENTED_EDGE('',*,*,#1357,.F.);
#739=ORIENTED_EDGE('',*,*,#1395,.T.);
#740=ORIENTED_EDGE('',*,*,#1338,.F.);
#741=ORIENTED_EDGE('',*,*,#1388,.F.);
#742=ORIENTED_EDGE('',*,*,#1351,.F.);
#743=ORIENTED_EDGE('',*,*,#1399,.F.);
#744=ORIENTED_EDGE('',*,*,#1346,.F.);
#745=ORIENTED_EDGE('',*,*,#1390,.F.);
#746=ORIENTED_EDGE('',*,*,#1399,.T.);
#747=ORIENTED_EDGE('',*,*,#1400,.F.);
#748=ORIENTED_EDGE('',*,*,#1393,.F.);
#749=ORIENTED_EDGE('',*,*,#1348,.F.);
#750=ORIENTED_EDGE('',*,*,#1401,.F.);
#751=ORIENTED_EDGE('',*,*,#1363,.F.);
#752=ORIENTED_EDGE('',*,*,#1398,.T.);
#753=ORIENTED_EDGE('',*,*,#1361,.F.);
#754=ORIENTED_EDGE('',*,*,#1347,.F.);
#755=ORIENTED_EDGE('',*,*,#1400,.T.);
#756=ORIENTED_EDGE('',*,*,#1350,.F.);
#757=ORIENTED_EDGE('',*,*,#1402,.F.);
#758=ORIENTED_EDGE('',*,*,#1384,.F.);
#759=ORIENTED_EDGE('',*,*,#1401,.T.);
#760=ORIENTED_EDGE('',*,*,#1402,.T.);
#761=ORIENTED_EDGE('',*,*,#1379,.F.);
#762=ORIENTED_EDGE('',*,*,#1403,.F.);
#763=ORIENTED_EDGE('',*,*,#1385,.F.);
#764=ORIENTED_EDGE('',*,*,#1403,.T.);
#765=ORIENTED_EDGE('',*,*,#1374,.F.);
#766=ORIENTED_EDGE('',*,*,#1404,.F.);
#767=ORIENTED_EDGE('',*,*,#1381,.F.);
#768=ORIENTED_EDGE('',*,*,#1373,.F.);
#769=ORIENTED_EDGE('',*,*,#1405,.T.);
#770=ORIENTED_EDGE('',*,*,#1365,.F.);
#771=ORIENTED_EDGE('',*,*,#1406,.F.);
#772=ORIENTED_EDGE('',*,*,#1407,.F.);
#773=ORIENTED_EDGE('',*,*,#1404,.T.);
#774=ORIENTED_EDGE('',*,*,#1407,.T.);
#775=ORIENTED_EDGE('',*,*,#1408,.F.);
#776=ORIENTED_EDGE('',*,*,#1382,.F.);
#777=ORIENTED_EDGE('',*,*,#1408,.T.);
#778=ORIENTED_EDGE('',*,*,#1406,.T.);
#779=ORIENTED_EDGE('',*,*,#1344,.F.);
#780=ORIENTED_EDGE('',*,*,#1391,.F.);
#781=ORIENTED_EDGE('',*,*,#1387,.F.);
#782=ORIENTED_EDGE('',*,*,#1409,.F.);
#783=ORIENTED_EDGE('',*,*,#1410,.F.);
#784=ORIENTED_EDGE('',*,*,#1411,.T.);
#785=ORIENTED_EDGE('',*,*,#1412,.T.);
#786=ORIENTED_EDGE('',*,*,#1413,.T.);
#787=ORIENTED_EDGE('',*,*,#1414,.F.);
#788=ORIENTED_EDGE('',*,*,#1415,.F.);
#789=ORIENTED_EDGE('',*,*,#1410,.T.);
#790=ORIENTED_EDGE('',*,*,#1416,.T.);
#791=ORIENTED_EDGE('',*,*,#1417,.T.);
#792=ORIENTED_EDGE('',*,*,#1418,.T.);
#793=ORIENTED_EDGE('',*,*,#1419,.F.);
#794=ORIENTED_EDGE('',*,*,#1414,.T.);
#795=ORIENTED_EDGE('',*,*,#1383,.F.);
#796=ORIENTED_EDGE('',*,*,#1420,.T.);
#797=ORIENTED_EDGE('',*,*,#1421,.F.);
#798=ORIENTED_EDGE('',*,*,#1422,.F.);
#799=ORIENTED_EDGE('',*,*,#1423,.T.);
#800=ORIENTED_EDGE('',*,*,#1424,.F.);
#801=ORIENTED_EDGE('',*,*,#1425,.F.);
#802=ORIENTED_EDGE('',*,*,#1412,.F.);
#803=ORIENTED_EDGE('',*,*,#1426,.T.);
#804=ORIENTED_EDGE('',*,*,#1421,.T.);
#805=ORIENTED_EDGE('',*,*,#1427,.T.);
#806=ORIENTED_EDGE('',*,*,#1428,.F.);
#807=ORIENTED_EDGE('',*,*,#1429,.T.);
#808=ORIENTED_EDGE('',*,*,#1430,.T.);
#809=ORIENTED_EDGE('',*,*,#1377,.F.);
#810=ORIENTED_EDGE('',*,*,#1334,.F.);
#811=ORIENTED_EDGE('',*,*,#1362,.T.);
#812=ORIENTED_EDGE('',*,*,#1422,.T.);
#813=ORIENTED_EDGE('',*,*,#1426,.F.);
#814=ORIENTED_EDGE('',*,*,#1411,.F.);
#815=ORIENTED_EDGE('',*,*,#1415,.T.);
#816=ORIENTED_EDGE('',*,*,#1419,.T.);
#817=ORIENTED_EDGE('',*,*,#1431,.T.);
#818=ORIENTED_EDGE('',*,*,#1423,.F.);
#819=ORIENTED_EDGE('',*,*,#1427,.F.);
#820=ORIENTED_EDGE('',*,*,#1368,.F.);
#821=ORIENTED_EDGE('',*,*,#1432,.T.);
#822=ORIENTED_EDGE('',*,*,#1433,.T.);
#823=ORIENTED_EDGE('',*,*,#1434,.T.);
#824=ORIENTED_EDGE('',*,*,#1416,.F.);
#825=ORIENTED_EDGE('',*,*,#1413,.F.);
#826=ORIENTED_EDGE('',*,*,#1409,.T.);
#827=ORIENTED_EDGE('',*,*,#1425,.T.);
#828=ORIENTED_EDGE('',*,*,#1420,.F.);
#829=ORIENTED_EDGE('',*,*,#1369,.F.);
#830=ORIENTED_EDGE('',*,*,#1424,.T.);
#831=ORIENTED_EDGE('',*,*,#1428,.T.);
#832=ORIENTED_EDGE('',*,*,#1431,.F.);
#833=ORIENTED_EDGE('',*,*,#1418,.F.);
#834=ORIENTED_EDGE('',*,*,#1435,.F.);
#835=ORIENTED_EDGE('',*,*,#1436,.F.);
#836=ORIENTED_EDGE('',*,*,#1437,.F.);
#837=ORIENTED_EDGE('',*,*,#1435,.T.);
#838=ORIENTED_EDGE('',*,*,#1417,.F.);
#839=ORIENTED_EDGE('',*,*,#1434,.F.);
#840=ORIENTED_EDGE('',*,*,#1436,.T.);
#841=ORIENTED_EDGE('',*,*,#1438,.F.);
#842=ORIENTED_EDGE('',*,*,#1439,.F.);
#843=ORIENTED_EDGE('',*,*,#1438,.T.);
#844=ORIENTED_EDGE('',*,*,#1437,.T.);
#845=ORIENTED_EDGE('',*,*,#1440,.F.);
#846=ORIENTED_EDGE('',*,*,#1429,.F.);
#847=ORIENTED_EDGE('',*,*,#1439,.T.);
#848=ORIENTED_EDGE('',*,*,#1441,.F.);
#849=ORIENTED_EDGE('',*,*,#1442,.F.);
#850=ORIENTED_EDGE('',*,*,#1440,.T.);
#851=ORIENTED_EDGE('',*,*,#1433,.F.);
#852=ORIENTED_EDGE('',*,*,#1443,.F.);
#853=ORIENTED_EDGE('',*,*,#1441,.T.);
#854=ORIENTED_EDGE('',*,*,#1430,.F.);
#855=ORIENTED_EDGE('',*,*,#1442,.T.);
#856=ORIENTED_EDGE('',*,*,#1444,.F.);
#857=ORIENTED_EDGE('',*,*,#1445,.F.);
#858=ORIENTED_EDGE('',*,*,#1443,.T.);
#859=ORIENTED_EDGE('',*,*,#1432,.F.);
#860=ORIENTED_EDGE('',*,*,#1446,.F.);
#861=ORIENTED_EDGE('',*,*,#1444,.T.);
#862=ORIENTED_EDGE('',*,*,#1447,.F.);
#863=ORIENTED_EDGE('',*,*,#1448,.F.);
#864=ORIENTED_EDGE('',*,*,#1371,.F.);
#865=ORIENTED_EDGE('',*,*,#1445,.T.);
#866=ORIENTED_EDGE('',*,*,#1448,.T.);
#867=ORIENTED_EDGE('',*,*,#1449,.F.);
#868=ORIENTED_EDGE('',*,*,#1372,.F.);
#869=ORIENTED_EDGE('',*,*,#1446,.T.);
#870=ORIENTED_EDGE('',*,*,#1367,.F.);
#871=ORIENTED_EDGE('',*,*,#1450,.F.);
#872=ORIENTED_EDGE('',*,*,#1447,.T.);
#873=ORIENTED_EDGE('',*,*,#1405,.F.);
#874=ORIENTED_EDGE('',*,*,#1449,.T.);
#875=ORIENTED_EDGE('',*,*,#1451,.F.);
#876=ORIENTED_EDGE('',*,*,#1450,.T.);
#877=ORIENTED_EDGE('',*,*,#1366,.F.);
#878=ORIENTED_EDGE('',*,*,#1451,.T.);
#879=ORIENTED_EDGE('',*,*,#1452,.T.);
#880=ORIENTED_EDGE('',*,*,#1453,.F.);
#881=ORIENTED_EDGE('',*,*,#1454,.F.);
#882=ORIENTED_EDGE('',*,*,#1455,.T.);
#883=ORIENTED_EDGE('',*,*,#1456,.T.);
#884=ORIENTED_EDGE('',*,*,#1457,.F.);
#885=ORIENTED_EDGE('',*,*,#1458,.F.);
#886=ORIENTED_EDGE('',*,*,#1453,.T.);
#887=ORIENTED_EDGE('',*,*,#1459,.T.);
#888=ORIENTED_EDGE('',*,*,#1460,.F.);
#889=ORIENTED_EDGE('',*,*,#1461,.F.);
#890=ORIENTED_EDGE('',*,*,#1457,.T.);
#891=ORIENTED_EDGE('',*,*,#1462,.F.);
#892=ORIENTED_EDGE('',*,*,#1455,.F.);
#893=ORIENTED_EDGE('',*,*,#1463,.T.);
#894=ORIENTED_EDGE('',*,*,#1460,.T.);
#895=ORIENTED_EDGE('',*,*,#1464,.T.);
#896=ORIENTED_EDGE('',*,*,#1465,.F.);
#897=ORIENTED_EDGE('',*,*,#1454,.T.);
#898=ORIENTED_EDGE('',*,*,#1458,.T.);
#899=ORIENTED_EDGE('',*,*,#1461,.T.);
#900=ORIENTED_EDGE('',*,*,#1463,.F.);
#901=ORIENTED_EDGE('',*,*,#1464,.F.);
#902=ORIENTED_EDGE('',*,*,#1452,.F.);
#903=ORIENTED_EDGE('',*,*,#1462,.T.);
#904=ORIENTED_EDGE('',*,*,#1459,.F.);
#905=ORIENTED_EDGE('',*,*,#1456,.F.);
#906=ORIENTED_EDGE('',*,*,#1465,.T.);
#907=ORIENTED_EDGE('',*,*,#1466,.T.);
#908=ORIENTED_EDGE('',*,*,#1467,.F.);
#909=ORIENTED_EDGE('',*,*,#1468,.F.);
#910=ORIENTED_EDGE('',*,*,#1469,.T.);
#911=ORIENTED_EDGE('',*,*,#1466,.F.);
#912=ORIENTED_EDGE('',*,*,#1468,.T.);
#913=ORIENTED_EDGE('',*,*,#1467,.T.);
#914=ORIENTED_EDGE('',*,*,#1469,.F.);
#915=ORIENTED_EDGE('',*,*,#1470,.F.);
#916=ORIENTED_EDGE('',*,*,#1471,.T.);
#917=ORIENTED_EDGE('',*,*,#1472,.F.);
#918=ORIENTED_EDGE('',*,*,#1473,.T.);
#919=ORIENTED_EDGE('',*,*,#1474,.F.);
#920=ORIENTED_EDGE('',*,*,#1472,.T.);
#921=ORIENTED_EDGE('',*,*,#1470,.T.);
#922=ORIENTED_EDGE('',*,*,#1473,.F.);
#923=ORIENTED_EDGE('',*,*,#1475,.T.);
#924=ORIENTED_EDGE('',*,*,#1474,.T.);
#925=ORIENTED_EDGE('',*,*,#1475,.F.);
#926=ORIENTED_EDGE('',*,*,#1471,.F.);
#927=ORIENTED_EDGE('',*,*,#1476,.F.);
#928=ORIENTED_EDGE('',*,*,#1477,.T.);
#929=ORIENTED_EDGE('',*,*,#1478,.F.);
#930=ORIENTED_EDGE('',*,*,#1479,.T.);
#931=ORIENTED_EDGE('',*,*,#1480,.F.);
#932=ORIENTED_EDGE('',*,*,#1478,.T.);
#933=ORIENTED_EDGE('',*,*,#1476,.T.);
#934=ORIENTED_EDGE('',*,*,#1479,.F.);
#935=ORIENTED_EDGE('',*,*,#1481,.T.);
#936=ORIENTED_EDGE('',*,*,#1480,.T.);
#937=ORIENTED_EDGE('',*,*,#1481,.F.);
#938=ORIENTED_EDGE('',*,*,#1477,.F.);
#939=ORIENTED_EDGE('',*,*,#1482,.T.);
#940=ORIENTED_EDGE('',*,*,#1483,.T.);
#941=ORIENTED_EDGE('',*,*,#1484,.T.);
#942=ORIENTED_EDGE('',*,*,#1485,.T.);
#943=ORIENTED_EDGE('',*,*,#1486,.T.);
#944=ORIENTED_EDGE('',*,*,#1487,.T.);
#945=ORIENTED_EDGE('',*,*,#1488,.T.);
#946=ORIENTED_EDGE('',*,*,#1489,.T.);
#947=ORIENTED_EDGE('',*,*,#1490,.T.);
#948=ORIENTED_EDGE('',*,*,#1491,.T.);
#949=ORIENTED_EDGE('',*,*,#1492,.T.);
#950=ORIENTED_EDGE('',*,*,#1493,.T.);
#951=ORIENTED_EDGE('',*,*,#1494,.T.);
#952=ORIENTED_EDGE('',*,*,#1495,.T.);
#953=ORIENTED_EDGE('',*,*,#1496,.T.);
#954=ORIENTED_EDGE('',*,*,#1497,.T.);
#955=ORIENTED_EDGE('',*,*,#1498,.T.);
#956=ORIENTED_EDGE('',*,*,#1499,.T.);
#957=ORIENTED_EDGE('',*,*,#1500,.F.);
#958=ORIENTED_EDGE('',*,*,#1501,.T.);
#959=ORIENTED_EDGE('',*,*,#1500,.T.);
#960=ORIENTED_EDGE('',*,*,#1502,.T.);
#961=ORIENTED_EDGE('',*,*,#1503,.F.);
#962=ORIENTED_EDGE('',*,*,#1504,.F.);
#963=ORIENTED_EDGE('',*,*,#1505,.T.);
#964=ORIENTED_EDGE('',*,*,#1506,.T.);
#965=ORIENTED_EDGE('',*,*,#1507,.F.);
#966=ORIENTED_EDGE('',*,*,#1508,.F.);
#967=ORIENTED_EDGE('',*,*,#1509,.T.);
#968=ORIENTED_EDGE('',*,*,#1504,.T.);
#969=ORIENTED_EDGE('',*,*,#1510,.T.);
#970=ORIENTED_EDGE('',*,*,#1511,.F.);
#971=ORIENTED_EDGE('',*,*,#1512,.F.);
#972=ORIENTED_EDGE('',*,*,#1508,.T.);
#973=ORIENTED_EDGE('',*,*,#1513,.T.);
#974=ORIENTED_EDGE('',*,*,#1514,.F.);
#975=ORIENTED_EDGE('',*,*,#1515,.F.);
#976=ORIENTED_EDGE('',*,*,#1511,.T.);
#977=ORIENTED_EDGE('',*,*,#1516,.F.);
#978=ORIENTED_EDGE('',*,*,#1517,.T.);
#979=ORIENTED_EDGE('',*,*,#1518,.T.);
#980=ORIENTED_EDGE('',*,*,#1514,.T.);
#981=ORIENTED_EDGE('',*,*,#1519,.T.);
#982=ORIENTED_EDGE('',*,*,#1520,.T.);
#983=ORIENTED_EDGE('',*,*,#1521,.T.);
#984=ORIENTED_EDGE('',*,*,#1522,.T.);
#985=ORIENTED_EDGE('',*,*,#1523,.T.);
#986=ORIENTED_EDGE('',*,*,#1524,.T.);
#987=ORIENTED_EDGE('',*,*,#1525,.T.);
#988=ORIENTED_EDGE('',*,*,#1526,.T.);
#989=ORIENTED_EDGE('',*,*,#1527,.T.);
#990=ORIENTED_EDGE('',*,*,#1528,.F.);
#991=ORIENTED_EDGE('',*,*,#1529,.T.);
#992=ORIENTED_EDGE('',*,*,#1530,.T.);
#993=ORIENTED_EDGE('',*,*,#1531,.T.);
#994=ORIENTED_EDGE('',*,*,#1532,.T.);
#995=ORIENTED_EDGE('',*,*,#1533,.T.);
#996=ORIENTED_EDGE('',*,*,#1534,.T.);
#997=ORIENTED_EDGE('',*,*,#1535,.T.);
#998=ORIENTED_EDGE('',*,*,#1536,.T.);
#999=ORIENTED_EDGE('',*,*,#1537,.T.);
#1000=ORIENTED_EDGE('',*,*,#1538,.T.);
#1001=ORIENTED_EDGE('',*,*,#1539,.T.);
#1002=ORIENTED_EDGE('',*,*,#1540,.T.);
#1003=ORIENTED_EDGE('',*,*,#1541,.T.);
#1004=ORIENTED_EDGE('',*,*,#1542,.F.);
#1005=ORIENTED_EDGE('',*,*,#1543,.T.);
#1006=ORIENTED_EDGE('',*,*,#1544,.T.);
#1007=ORIENTED_EDGE('',*,*,#1545,.T.);
#1008=ORIENTED_EDGE('',*,*,#1546,.F.);
#1009=ORIENTED_EDGE('',*,*,#1547,.T.);
#1010=ORIENTED_EDGE('',*,*,#1548,.F.);
#1011=ORIENTED_EDGE('',*,*,#1549,.T.);
#1012=ORIENTED_EDGE('',*,*,#1550,.T.);
#1013=ORIENTED_EDGE('',*,*,#1551,.T.);
#1014=ORIENTED_EDGE('',*,*,#1552,.F.);
#1015=ORIENTED_EDGE('',*,*,#1553,.T.);
#1016=ORIENTED_EDGE('',*,*,#1554,.T.);
#1017=ORIENTED_EDGE('',*,*,#1505,.F.);
#1018=ORIENTED_EDGE('',*,*,#1509,.F.);
#1019=ORIENTED_EDGE('',*,*,#1512,.T.);
#1020=ORIENTED_EDGE('',*,*,#1515,.T.);
#1021=ORIENTED_EDGE('',*,*,#1518,.F.);
#1022=ORIENTED_EDGE('',*,*,#1555,.T.);
#1023=ORIENTED_EDGE('',*,*,#1527,.F.);
#1024=ORIENTED_EDGE('',*,*,#1541,.F.);
#1025=ORIENTED_EDGE('',*,*,#1556,.T.);
#1026=ORIENTED_EDGE('',*,*,#1557,.T.);
#1027=ORIENTED_EDGE('',*,*,#1558,.T.);
#1028=ORIENTED_EDGE('',*,*,#1559,.F.);
#1029=ORIENTED_EDGE('',*,*,#1560,.T.);
#1030=ORIENTED_EDGE('',*,*,#1561,.F.);
#1031=ORIENTED_EDGE('',*,*,#1562,.T.);
#1032=ORIENTED_EDGE('',*,*,#1563,.T.);
#1033=ORIENTED_EDGE('',*,*,#1564,.T.);
#1034=ORIENTED_EDGE('',*,*,#1565,.T.);
#1035=ORIENTED_EDGE('',*,*,#1516,.T.);
#1036=ORIENTED_EDGE('',*,*,#1513,.F.);
#1037=ORIENTED_EDGE('',*,*,#1510,.F.);
#1038=ORIENTED_EDGE('',*,*,#1507,.T.);
#1039=ORIENTED_EDGE('',*,*,#1503,.T.);
#1040=ORIENTED_EDGE('',*,*,#1566,.T.);
#1041=ORIENTED_EDGE('',*,*,#1567,.T.);
#1042=ORIENTED_EDGE('',*,*,#1568,.F.);
#1043=ORIENTED_EDGE('',*,*,#1528,.T.);
#1044=ORIENTED_EDGE('',*,*,#1542,.T.);
#1045=ORIENTED_EDGE('',*,*,#1569,.F.);
#1046=ORIENTED_EDGE('',*,*,#1570,.F.);
#1047=ORIENTED_EDGE('',*,*,#1548,.T.);
#1048=ORIENTED_EDGE('',*,*,#1571,.F.);
#1049=ORIENTED_EDGE('',*,*,#1570,.T.);
#1050=ORIENTED_EDGE('',*,*,#1489,.F.);
#1051=ORIENTED_EDGE('',*,*,#1572,.F.);
#1052=ORIENTED_EDGE('',*,*,#1543,.F.);
#1053=ORIENTED_EDGE('',*,*,#1573,.F.);
#1054=ORIENTED_EDGE('',*,*,#1545,.F.);
#1055=ORIENTED_EDGE('',*,*,#1574,.F.);
#1056=ORIENTED_EDGE('',*,*,#1529,.F.);
#1057=ORIENTED_EDGE('',*,*,#1571,.T.);
#1058=ORIENTED_EDGE('',*,*,#1547,.F.);
#1059=ORIENTED_EDGE('',*,*,#1575,.F.);
#1060=ORIENTED_EDGE('',*,*,#1485,.F.);
#1061=ORIENTED_EDGE('',*,*,#1569,.T.);
#1062=ORIENTED_EDGE('',*,*,#1484,.F.);
#1063=ORIENTED_EDGE('',*,*,#1576,.F.);
#1064=ORIENTED_EDGE('',*,*,#1486,.F.);
#1065=ORIENTED_EDGE('',*,*,#1544,.F.);
#1066=ORIENTED_EDGE('',*,*,#1572,.T.);
#1067=ORIENTED_EDGE('',*,*,#1577,.F.);
#1068=ORIENTED_EDGE('',*,*,#1574,.T.);
#1069=ORIENTED_EDGE('',*,*,#1546,.T.);
#1070=ORIENTED_EDGE('',*,*,#1573,.T.);
#1071=ORIENTED_EDGE('',*,*,#1578,.F.);
#1072=ORIENTED_EDGE('',*,*,#1575,.T.);
#1073=ORIENTED_EDGE('',*,*,#1579,.F.);
#1074=ORIENTED_EDGE('',*,*,#1559,.T.);
#1075=ORIENTED_EDGE('',*,*,#1580,.F.);
#1076=ORIENTED_EDGE('',*,*,#1576,.T.);
#1077=ORIENTED_EDGE('',*,*,#1580,.T.);
#1078=ORIENTED_EDGE('',*,*,#1558,.F.);
#1079=ORIENTED_EDGE('',*,*,#1581,.F.);
#1080=ORIENTED_EDGE('',*,*,#1487,.F.);
#1081=ORIENTED_EDGE('',*,*,#1577,.T.);
#1082=ORIENTED_EDGE('',*,*,#1488,.F.);
#1083=ORIENTED_EDGE('',*,*,#1582,.F.);
#1084=ORIENTED_EDGE('',*,*,#1530,.F.);
#1085=ORIENTED_EDGE('',*,*,#1578,.T.);
#1086=ORIENTED_EDGE('',*,*,#1532,.F.);
#1087=ORIENTED_EDGE('',*,*,#1583,.F.);
#1088=ORIENTED_EDGE('',*,*,#1482,.F.);
#1089=ORIENTED_EDGE('',*,*,#1579,.T.);
#1090=ORIENTED_EDGE('',*,*,#1483,.F.);
#1091=ORIENTED_EDGE('',*,*,#1584,.F.);
#1092=ORIENTED_EDGE('',*,*,#1560,.F.);
#1093=ORIENTED_EDGE('',*,*,#1581,.T.);
#1094=ORIENTED_EDGE('',*,*,#1557,.F.);
#1095=ORIENTED_EDGE('',*,*,#1585,.F.);
#1096=ORIENTED_EDGE('',*,*,#1582,.T.);
#1097=ORIENTED_EDGE('',*,*,#1584,.T.);
#1098=ORIENTED_EDGE('',*,*,#1583,.T.);
#1099=ORIENTED_EDGE('',*,*,#1586,.F.);
#1100=ORIENTED_EDGE('',*,*,#1561,.T.);
#1101=ORIENTED_EDGE('',*,*,#1585,.T.);
#1102=ORIENTED_EDGE('',*,*,#1556,.F.);
#1103=ORIENTED_EDGE('',*,*,#1586,.T.);
#1104=ORIENTED_EDGE('',*,*,#1531,.F.);
#1105=ORIENTED_EDGE('',*,*,#1525,.F.);
#1106=ORIENTED_EDGE('',*,*,#1587,.T.);
#1107=ORIENTED_EDGE('',*,*,#1549,.F.);
#1108=ORIENTED_EDGE('',*,*,#1588,.F.);
#1109=ORIENTED_EDGE('',*,*,#1589,.F.);
#1110=ORIENTED_EDGE('',*,*,#1526,.F.);
#1111=ORIENTED_EDGE('',*,*,#1590,.F.);
#1112=ORIENTED_EDGE('',*,*,#1522,.F.);
#1113=ORIENTED_EDGE('',*,*,#1564,.F.);
#1114=ORIENTED_EDGE('',*,*,#1591,.T.);
#1115=ORIENTED_EDGE('',*,*,#1523,.F.);
#1116=ORIENTED_EDGE('',*,*,#1592,.F.);
#1117=ORIENTED_EDGE('',*,*,#1590,.T.);
#1118=ORIENTED_EDGE('',*,*,#1588,.T.);
#1119=ORIENTED_EDGE('',*,*,#1593,.F.);
#1120=ORIENTED_EDGE('',*,*,#1592,.T.);
#1121=ORIENTED_EDGE('',*,*,#1589,.T.);
#1122=ORIENTED_EDGE('',*,*,#1594,.F.);
#1123=ORIENTED_EDGE('',*,*,#1593,.T.);
#1124=ORIENTED_EDGE('',*,*,#1555,.F.);
#1125=ORIENTED_EDGE('',*,*,#1595,.F.);
#1126=ORIENTED_EDGE('',*,*,#1519,.F.);
#1127=ORIENTED_EDGE('',*,*,#1594,.T.);
#1128=ORIENTED_EDGE('',*,*,#1521,.F.);
#1129=ORIENTED_EDGE('',*,*,#1596,.F.);
#1130=ORIENTED_EDGE('',*,*,#1565,.F.);
#1131=ORIENTED_EDGE('',*,*,#1595,.T.);
#1132=ORIENTED_EDGE('',*,*,#1517,.F.);
#1133=ORIENTED_EDGE('',*,*,#1596,.T.);
#1134=ORIENTED_EDGE('',*,*,#1520,.F.);
#1135=ORIENTED_EDGE('',*,*,#1506,.F.);
#1136=ORIENTED_EDGE('',*,*,#1554,.F.);
#1137=ORIENTED_EDGE('',*,*,#1597,.F.);
#1138=ORIENTED_EDGE('',*,*,#1501,.F.);
#1139=ORIENTED_EDGE('',*,*,#1598,.F.);
#1140=ORIENTED_EDGE('',*,*,#1498,.F.);
#1141=ORIENTED_EDGE('',*,*,#1599,.F.);
#1142=ORIENTED_EDGE('',*,*,#1497,.F.);
#1143=ORIENTED_EDGE('',*,*,#1502,.F.);
#1144=ORIENTED_EDGE('',*,*,#1499,.F.);
#1145=ORIENTED_EDGE('',*,*,#1600,.F.);
#1146=ORIENTED_EDGE('',*,*,#1566,.F.);
#1147=ORIENTED_EDGE('',*,*,#1599,.T.);
#1148=ORIENTED_EDGE('',*,*,#1597,.T.);
#1149=ORIENTED_EDGE('',*,*,#1601,.F.);
#1150=ORIENTED_EDGE('',*,*,#1600,.T.);
#1151=ORIENTED_EDGE('',*,*,#1598,.T.);
#1152=ORIENTED_EDGE('',*,*,#1602,.F.);
#1153=ORIENTED_EDGE('',*,*,#1551,.F.);
#1154=ORIENTED_EDGE('',*,*,#1603,.T.);
#1155=ORIENTED_EDGE('',*,*,#1490,.F.);
#1156=ORIENTED_EDGE('',*,*,#1604,.F.);
#1157=ORIENTED_EDGE('',*,*,#1601,.T.);
#1158=ORIENTED_EDGE('',*,*,#1553,.F.);
#1159=ORIENTED_EDGE('',*,*,#1605,.F.);
#1160=ORIENTED_EDGE('',*,*,#1494,.F.);
#1161=ORIENTED_EDGE('',*,*,#1602,.T.);
#1162=ORIENTED_EDGE('',*,*,#1496,.F.);
#1163=ORIENTED_EDGE('',*,*,#1606,.F.);
#1164=ORIENTED_EDGE('',*,*,#1567,.F.);
#1165=ORIENTED_EDGE('',*,*,#1492,.F.);
#1166=ORIENTED_EDGE('',*,*,#1607,.T.);
#1167=ORIENTED_EDGE('',*,*,#1562,.F.);
#1168=ORIENTED_EDGE('',*,*,#1608,.F.);
#1169=ORIENTED_EDGE('',*,*,#1552,.T.);
#1170=ORIENTED_EDGE('',*,*,#1604,.T.);
#1171=ORIENTED_EDGE('',*,*,#1609,.F.);
#1172=ORIENTED_EDGE('',*,*,#1605,.T.);
#1173=ORIENTED_EDGE('',*,*,#1568,.T.);
#1174=ORIENTED_EDGE('',*,*,#1606,.T.);
#1175=ORIENTED_EDGE('',*,*,#1610,.F.);
#1176=ORIENTED_EDGE('',*,*,#1608,.T.);
#1177=ORIENTED_EDGE('',*,*,#1609,.T.);
#1178=ORIENTED_EDGE('',*,*,#1493,.F.);
#1179=ORIENTED_EDGE('',*,*,#1610,.T.);
#1180=ORIENTED_EDGE('',*,*,#1495,.F.);
#1181=ORIENTED_EDGE('',*,*,#1611,.F.);
#1182=ORIENTED_EDGE('',*,*,#1591,.F.);
#1183=ORIENTED_EDGE('',*,*,#1612,.F.);
#1184=ORIENTED_EDGE('',*,*,#1538,.F.);
#1185=ORIENTED_EDGE('',*,*,#1612,.T.);
#1186=ORIENTED_EDGE('',*,*,#1563,.F.);
#1187=ORIENTED_EDGE('',*,*,#1613,.F.);
#1188=ORIENTED_EDGE('',*,*,#1539,.F.);
#1189=ORIENTED_EDGE('',*,*,#1611,.T.);
#1190=ORIENTED_EDGE('',*,*,#1537,.F.);
#1191=ORIENTED_EDGE('',*,*,#1614,.F.);
#1192=ORIENTED_EDGE('',*,*,#1524,.F.);
#1193=ORIENTED_EDGE('',*,*,#1613,.T.);
#1194=ORIENTED_EDGE('',*,*,#1607,.F.);
#1195=ORIENTED_EDGE('',*,*,#1615,.F.);
#1196=ORIENTED_EDGE('',*,*,#1540,.F.);
#1197=ORIENTED_EDGE('',*,*,#1614,.T.);
#1198=ORIENTED_EDGE('',*,*,#1536,.F.);
#1199=ORIENTED_EDGE('',*,*,#1616,.F.);
#1200=ORIENTED_EDGE('',*,*,#1587,.F.);
#1201=ORIENTED_EDGE('',*,*,#1615,.T.);
#1202=ORIENTED_EDGE('',*,*,#1491,.F.);
#1203=ORIENTED_EDGE('',*,*,#1617,.F.);
#1204=ORIENTED_EDGE('',*,*,#1533,.F.);
#1205=ORIENTED_EDGE('',*,*,#1616,.T.);
#1206=ORIENTED_EDGE('',*,*,#1535,.F.);
#1207=ORIENTED_EDGE('',*,*,#1618,.F.);
#1208=ORIENTED_EDGE('',*,*,#1550,.F.);
#1209=ORIENTED_EDGE('',*,*,#1617,.T.);
#1210=ORIENTED_EDGE('',*,*,#1603,.F.);
#1211=ORIENTED_EDGE('',*,*,#1618,.T.);
#1212=ORIENTED_EDGE('',*,*,#1534,.F.);
#1213=EDGE_CURVE('',#1619,#1620,#1875,.T.);
#1214=EDGE_CURVE('',#1621,#1619,#1876,.T.);
#1215=EDGE_CURVE('',#1621,#1622,#1877,.T.);
#1216=EDGE_CURVE('',#1622,#1620,#1878,.T.);
#1217=EDGE_CURVE('',#1619,#1623,#1879,.T.);
#1218=EDGE_CURVE('',#1624,#1623,#1880,.T.);
#1219=EDGE_CURVE('',#1621,#1624,#1881,.T.);
#1220=EDGE_CURVE('',#1625,#1623,#1882,.T.);
#1221=EDGE_CURVE('',#1625,#1626,#1883,.T.);
#1222=EDGE_CURVE('',#1626,#1627,#1884,.T.);
#1223=EDGE_CURVE('',#1628,#1627,#1885,.T.);
#1224=EDGE_CURVE('',#1628,#1629,#1886,.T.);
#1225=EDGE_CURVE('',#1630,#1629,#1887,.T.);
#1226=EDGE_CURVE('',#1631,#1630,#1888,.T.);
#1227=EDGE_CURVE('',#1632,#1631,#1889,.T.);
#1228=EDGE_CURVE('',#1633,#1632,#1890,.T.);
#1229=EDGE_CURVE('',#1634,#1633,#1891,.T.);
#1230=EDGE_CURVE('',#1634,#1635,#1892,.T.);
#1231=EDGE_CURVE('',#1635,#1624,#1893,.T.);
#1232=EDGE_CURVE('',#1636,#1637,#1894,.T.);
#1233=EDGE_CURVE('',#1638,#1637,#1895,.T.);
#1234=EDGE_CURVE('',#1639,#1638,#1896,.T.);
#1235=EDGE_CURVE('',#1640,#1639,#1897,.T.);
#1236=EDGE_CURVE('',#1640,#1641,#1898,.T.);
#1237=EDGE_CURVE('',#1641,#1642,#1899,.T.);
#1238=EDGE_CURVE('',#1642,#1643,#1900,.T.);
#1239=EDGE_CURVE('',#1643,#1644,#1901,.T.);
#1240=EDGE_CURVE('',#1644,#1645,#1902,.T.);
#1241=EDGE_CURVE('',#1646,#1645,#1903,.T.);
#1242=EDGE_CURVE('',#1646,#1647,#1904,.T.);
#1243=EDGE_CURVE('',#1648,#1647,#1905,.T.);
#1244=EDGE_CURVE('',#1636,#1648,#1906,.T.);
#1245=EDGE_CURVE('',#1637,#1649,#1907,.T.);
#1246=EDGE_CURVE('',#1650,#1649,#1908,.T.);
#1247=EDGE_CURVE('',#1638,#1650,#1909,.T.);
#1248=EDGE_CURVE('',#1649,#1651,#1910,.T.);
#1249=EDGE_CURVE('',#1652,#1651,#1911,.T.);
#1250=EDGE_CURVE('',#1650,#1652,#1912,.T.);
#1251=EDGE_CURVE('',#1620,#1651,#202,.T.);
#1252=EDGE_CURVE('',#1622,#1652,#203,.T.);
#1253=EDGE_CURVE('',#1639,#1635,#1913,.T.);
#1254=EDGE_CURVE('',#1636,#1625,#1914,.T.);
#1255=EDGE_CURVE('',#1653,#1634,#1915,.T.);
#1256=EDGE_CURVE('',#1640,#1653,#1916,.T.);
#1257=EDGE_CURVE('',#1654,#1655,#1917,.T.);
#1258=EDGE_CURVE('',#1656,#1654,#1918,.T.);
#1259=EDGE_CURVE('',#1656,#1657,#1919,.T.);
#1260=EDGE_CURVE('',#1657,#1655,#1920,.T.);
#1261=EDGE_CURVE('',#1654,#1645,#1921,.T.);
#1262=EDGE_CURVE('',#1656,#1644,#1922,.T.);
#1263=EDGE_CURVE('',#1629,#1658,#1923,.T.);
#1264=EDGE_CURVE('',#1659,#1658,#1924,.T.);
#1265=EDGE_CURVE('',#1630,#1659,#1925,.T.);
#1266=EDGE_CURVE('',#1658,#1660,#1926,.T.);
#1267=EDGE_CURVE('',#1661,#1660,#1927,.T.);
#1268=EDGE_CURVE('',#1659,#1661,#1928,.T.);
#1269=EDGE_CURVE('',#1655,#1660,#204,.T.);
#1270=EDGE_CURVE('',#1657,#1661,#205,.T.);
#1271=EDGE_CURVE('',#1631,#1643,#1929,.T.);
#1272=EDGE_CURVE('',#1628,#1646,#1930,.T.);
#1273=EDGE_CURVE('',#1647,#1627,#1931,.T.);
#1274=EDGE_CURVE('',#1662,#1641,#206,.T.);
#1275=EDGE_CURVE('',#1663,#1662,#1932,.T.);
#1276=EDGE_CURVE('',#1664,#1663,#207,.T.);
#1277=EDGE_CURVE('',#1664,#1665,#1933,.T.);
#1278=EDGE_CURVE('',#1633,#1665,#208,.T.);
#1279=EDGE_CURVE('',#1642,#1632,#1934,.T.);
#1280=EDGE_CURVE('',#1641,#1653,#209,.T.);
#1281=EDGE_CURVE('',#1648,#1626,#1935,.T.);
#1282=EDGE_CURVE('',#1653,#1633,#210,.T.);
#1283=EDGE_CURVE('',#1666,#1665,#1936,.T.);
#1284=EDGE_CURVE('',#1667,#1666,#211,.T.);
#1285=EDGE_CURVE('',#1667,#1662,#1937,.T.);
#1286=EDGE_CURVE('',#1668,#1664,#1938,.T.);
#1287=EDGE_CURVE('',#1668,#1666,#1939,.T.);
#1288=EDGE_CURVE('',#1669,#1663,#1940,.T.);
#1289=EDGE_CURVE('',#1668,#1669,#212,.T.);
#1290=EDGE_CURVE('',#1669,#1667,#1941,.T.);
#1291=EDGE_CURVE('',#1670,#1670,#213,.T.);
#1292=EDGE_CURVE('',#1671,#1671,#214,.T.);
#1293=EDGE_CURVE('',#1672,#1673,#1942,.T.);
#1294=EDGE_CURVE('',#1673,#1674,#215,.T.);
#1295=EDGE_CURVE('',#1674,#1675,#1943,.T.);
#1296=EDGE_CURVE('',#1675,#1676,#216,.T.);
#1297=EDGE_CURVE('',#1677,#1676,#1944,.T.);
#1298=EDGE_CURVE('',#1677,#1678,#217,.T.);
#1299=EDGE_CURVE('',#1678,#1679,#1945,.T.);
#1300=EDGE_CURVE('',#1680,#1679,#1946,.T.);
#1301=EDGE_CURVE('',#1681,#1680,#1947,.T.);
#1302=EDGE_CURVE('',#1681,#1672,#1948,.T.);
#1303=EDGE_CURVE('',#1682,#1683,#1949,.T.);
#1304=EDGE_CURVE('',#1684,#1682,#1950,.T.);
#1305=EDGE_CURVE('',#1684,#1685,#1951,.T.);
#1306=EDGE_CURVE('',#1685,#1683,#1952,.T.);
#1307=EDGE_CURVE('',#1686,#1682,#1953,.T.);
#1308=EDGE_CURVE('',#1687,#1686,#1954,.T.);
#1309=EDGE_CURVE('',#1687,#1684,#1955,.T.);
#1310=EDGE_CURVE('',#1688,#1686,#1956,.T.);
#1311=EDGE_CURVE('',#1689,#1688,#1957,.T.);
#1312=EDGE_CURVE('',#1689,#1687,#1958,.T.);
#1313=EDGE_CURVE('',#1690,#1688,#1959,.T.);
#1314=EDGE_CURVE('',#1691,#1690,#1960,.T.);
#1315=EDGE_CURVE('',#1691,#1689,#1961,.T.);
#1316=EDGE_CURVE('',#1679,#1690,#1962,.T.);
#1317=EDGE_CURVE('',#1673,#1678,#1963,.T.);
#1318=EDGE_CURVE('',#1672,#1691,#1964,.T.);
#1319=EDGE_CURVE('',#1692,#1680,#1965,.T.);
#1320=EDGE_CURVE('',#1693,#1692,#1966,.T.);
#1321=EDGE_CURVE('',#1693,#1681,#1967,.T.);
#1322=EDGE_CURVE('',#1694,#1695,#218,.T.);
#1323=EDGE_CURVE('',#1694,#1696,#1968,.T.);
#1324=EDGE_CURVE('',#1697,#1696,#219,.T.);
#1325=EDGE_CURVE('',#1695,#1697,#1969,.T.);
#1326=EDGE_CURVE('',#1683,#1692,#1970,.T.);
#1327=EDGE_CURVE('',#1685,#1693,#1971,.T.);
#1328=EDGE_CURVE('',#1678,#1673,#220,.T.);
#1329=EDGE_CURVE('',#1674,#1695,#1972,.T.);
#1330=EDGE_CURVE('',#1677,#1694,#1973,.T.);
#1331=EDGE_CURVE('',#1675,#1697,#1974,.T.);
#1332=EDGE_CURVE('',#1676,#1696,#1975,.T.);
#1333=EDGE_CURVE('',#1698,#1699,#1976,.T.);
#1334=EDGE_CURVE('',#1698,#1700,#1977,.F.);
#1335=EDGE_CURVE('',#1700,#1701,#1978,.F.);
#1336=EDGE_CURVE('',#1701,#1699,#1979,.F.);
#1337=EDGE_CURVE('',#1702,#1703,#221,.T.);
#1338=EDGE_CURVE('',#1703,#1704,#1980,.F.);
#1339=EDGE_CURVE('',#1704,#1705,#1981,.T.);
#1340=EDGE_CURVE('',#1705,#1706,#1982,.T.);
#1341=EDGE_CURVE('',#1706,#1707,#222,.T.);
#1342=EDGE_CURVE('',#1707,#1702,#1983,.T.);
#1343=EDGE_CURVE('',#1708,#1709,#1984,.T.);
#1344=EDGE_CURVE('',#1708,#1710,#223,.T.);
#1345=EDGE_CURVE('',#1710,#1711,#224,.F.);
#1346=EDGE_CURVE('',#1711,#1712,#1985,.T.);
#1347=EDGE_CURVE('',#1712,#1713,#1986,.F.);
#1348=EDGE_CURVE('',#1713,#1714,#1987,.F.);
#1349=EDGE_CURVE('',#1714,#1709,#225,.F.);
#1350=EDGE_CURVE('',#1715,#1716,#1988,.F.);
#1351=EDGE_CURVE('',#1716,#1717,#1989,.F.);
#1352=EDGE_CURVE('',#1717,#1718,#226,.T.);
#1353=EDGE_CURVE('',#1719,#1718,#1990,.T.);
#1354=EDGE_CURVE('',#1719,#1720,#227,.T.);
#1355=EDGE_CURVE('',#1720,#1715,#1991,.T.);
#1356=EDGE_CURVE('',#1721,#1722,#1992,.T.);
#1357=EDGE_CURVE('',#1722,#1723,#1993,.T.);
#1358=EDGE_CURVE('',#1723,#1724,#228,.F.);
#1359=EDGE_CURVE('',#1724,#1725,#1994,.T.);
#1360=EDGE_CURVE('',#1725,#1726,#229,.F.);
#1361=EDGE_CURVE('',#1726,#1721,#1995,.F.);
#1362=EDGE_CURVE('',#1698,#1727,#1996,.T.);
#1363=EDGE_CURVE('',#1699,#1728,#1997,.T.);
#1364=EDGE_CURVE('',#1727,#1728,#1998,.T.);
#1365=EDGE_CURVE('',#1729,#1730,#1999,.F.);
#1366=EDGE_CURVE('',#1730,#1731,#2000,.F.);
#1367=EDGE_CURVE('',#1731,#1732,#53,.T.);
#1368=EDGE_CURVE('',#1732,#1733,#2001,.T.);
#1369=EDGE_CURVE('',#1733,#1734,#2002,.T.);
#1370=EDGE_CURVE('',#1729,#1734,#2003,.T.);
#1371=EDGE_CURVE('',#1735,#1736,#54,.T.);
#1372=EDGE_CURVE('',#1736,#1737,#2004,.F.);
#1373=EDGE_CURVE('',#1737,#1738,#2005,.T.);
#1374=EDGE_CURVE('',#1738,#1739,#2006,.F.);
#1375=EDGE_CURVE('',#1740,#1739,#2007,.T.);
#1376=EDGE_CURVE('',#1740,#1700,#230,.F.);
#1377=EDGE_CURVE('',#1700,#1735,#2008,.T.);
#1378=EDGE_CURVE('',#1705,#1740,#2009,.T.);
#1379=EDGE_CURVE('',#1739,#1715,#2010,.F.);
#1380=EDGE_CURVE('',#1706,#1720,#2011,.F.);
#1381=EDGE_CURVE('',#1741,#1742,#2012,.T.);
#1382=EDGE_CURVE('',#1742,#1729,#2013,.T.);
#1383=EDGE_CURVE('',#1734,#1727,#2014,.T.);
#1384=EDGE_CURVE('',#1728,#1743,#2015,.T.);
#1385=EDGE_CURVE('',#1743,#1741,#2016,.T.);
#1386=EDGE_CURVE('',#1720,#1706,#231,.T.);
#1387=EDGE_CURVE('',#1710,#1718,#2017,.T.);
#1388=EDGE_CURVE('',#1717,#1703,#55,.T.);
#1389=EDGE_CURVE('',#1724,#1702,#2018,.T.);
#1390=EDGE_CURVE('',#1723,#1711,#56,.T.);
#1391=EDGE_CURVE('',#1718,#1708,#2019,.T.);
#1392=EDGE_CURVE('',#1709,#1719,#2020,.T.);
#1393=EDGE_CURVE('',#1714,#1726,#57,.T.);
#1394=EDGE_CURVE('',#1725,#1707,#2021,.T.);
#1395=EDGE_CURVE('',#1722,#1704,#232,.F.);
#1396=EDGE_CURVE('',#1722,#1704,#233,.T.);
#1397=EDGE_CURVE('',#1701,#1705,#31,.F.);
#1398=EDGE_CURVE('',#1699,#1721,#32,.T.);
#1399=EDGE_CURVE('',#1712,#1716,#234,.T.);
#1400=EDGE_CURVE('',#1712,#1716,#235,.F.);
#1401=EDGE_CURVE('',#1728,#1713,#33,.T.);
#1402=EDGE_CURVE('',#1743,#1715,#34,.F.);
#1403=EDGE_CURVE('',#1741,#1739,#35,.F.);
#1404=EDGE_CURVE('',#1742,#1738,#236,.T.);
#1405=EDGE_CURVE('',#1737,#1730,#237,.T.);
#1406=EDGE_CURVE('',#1744,#1729,#36,.T.);
#1407=EDGE_CURVE('',#1738,#1744,#238,.T.);
#1408=EDGE_CURVE('',#1742,#1744,#239,.F.);
#1409=EDGE_CURVE('',#1745,#1746,#2022,.T.);
#1410=EDGE_CURVE('',#1747,#1745,#2023,.T.);
#1411=EDGE_CURVE('',#1747,#1748,#2024,.T.);
#1412=EDGE_CURVE('',#1748,#1746,#2025,.T.);
#1413=EDGE_CURVE('',#1745,#1749,#2026,.T.);
#1414=EDGE_CURVE('',#1750,#1749,#2027,.T.);
#1415=EDGE_CURVE('',#1747,#1750,#2028,.T.);
#1416=EDGE_CURVE('',#1749,#1751,#2029,.T.);
#1417=EDGE_CURVE('',#1751,#1752,#240,.F.);
#1418=EDGE_CURVE('',#1752,#1753,#241,.F.);
#1419=EDGE_CURVE('',#1750,#1753,#2030,.T.);
#1420=EDGE_CURVE('',#1734,#1754,#2031,.T.);
#1421=EDGE_CURVE('',#1755,#1754,#2032,.T.);
#1422=EDGE_CURVE('',#1727,#1755,#2033,.T.);
#1423=EDGE_CURVE('',#1756,#1756,#242,.T.);
#1424=EDGE_CURVE('',#1757,#1757,#243,.T.);
#1425=EDGE_CURVE('',#1746,#1754,#2034,.T.);
#1426=EDGE_CURVE('',#1748,#1755,#2035,.T.);
#1427=EDGE_CURVE('',#1758,#1758,#244,.T.);
#1428=EDGE_CURVE('',#1759,#1759,#245,.T.);
#1429=EDGE_CURVE('',#1760,#1761,#2036,.F.);
#1430=EDGE_CURVE('',#1761,#1735,#58,.T.);
#1431=EDGE_CURVE('',#1753,#1760,#2037,.F.);
#1432=EDGE_CURVE('',#1732,#1762,#59,.T.);
#1433=EDGE_CURVE('',#1762,#1763,#2038,.T.);
#1434=EDGE_CURVE('',#1763,#1751,#2039,.T.);
#1435=EDGE_CURVE('',#1764,#1752,#2040,.T.);
#1436=EDGE_CURVE('',#1760,#1764,#246,.T.);
#1437=EDGE_CURVE('',#1764,#1763,#247,.T.);
#1438=EDGE_CURVE('',#1765,#1764,#248,.T.);
#1439=EDGE_CURVE('',#1760,#1765,#249,.F.);
#1440=EDGE_CURVE('',#1765,#1763,#250,.F.);
#1441=EDGE_CURVE('',#1766,#1765,#2041,.T.);
#1442=EDGE_CURVE('',#1761,#1766,#60,.F.);
#1443=EDGE_CURVE('',#1766,#1762,#61,.T.);
#1444=EDGE_CURVE('',#1767,#1766,#62,.T.);
#1445=EDGE_CURVE('',#1735,#1767,#63,.F.);
#1446=EDGE_CURVE('',#1767,#1732,#64,.F.);
#1447=EDGE_CURVE('',#1768,#1767,#65,.T.);
#1448=EDGE_CURVE('',#1736,#1768,#66,.F.);
#1449=EDGE_CURVE('',#1737,#1768,#251,.T.);
#1450=EDGE_CURVE('',#1768,#1731,#67,.T.);
#1451=EDGE_CURVE('',#1730,#1768,#252,.T.);
#1452=EDGE_CURVE('',#1769,#1770,#253,.T.);
#1453=EDGE_CURVE('',#1771,#1770,#2042,.T.);
#1454=EDGE_CURVE('',#1772,#1771,#254,.T.);
#1455=EDGE_CURVE('',#1772,#1769,#2043,.T.);
#1456=EDGE_CURVE('',#1770,#1773,#2044,.T.);
#1457=EDGE_CURVE('',#1774,#1773,#2045,.T.);
#1458=EDGE_CURVE('',#1771,#1774,#2046,.T.);
#1459=EDGE_CURVE('',#1773,#1775,#255,.T.);
#1460=EDGE_CURVE('',#1776,#1775,#2047,.T.);
#1461=EDGE_CURVE('',#1774,#1776,#256,.T.);
#1462=EDGE_CURVE('',#1769,#1775,#2048,.T.);
#1463=EDGE_CURVE('',#1772,#1776,#2049,.T.);
#1464=EDGE_CURVE('',#1777,#1777,#257,.T.);
#1465=EDGE_CURVE('',#1778,#1778,#258,.T.);
#1466=EDGE_CURVE('',#1779,#1779,#259,.T.);
#1467=EDGE_CURVE('',#1780,#1780,#260,.T.);
#1468=EDGE_CURVE('',#1781,#1781,#261,.T.);
#1469=EDGE_CURVE('',#1782,#1782,#262,.T.);
#1470=EDGE_CURVE('',#1783,#1783,#263,.T.);
#1471=EDGE_CURVE('',#1784,#1784,#264,.T.);
#1472=EDGE_CURVE('',#1785,#1785,#265,.T.);
#1473=EDGE_CURVE('',#1786,#1786,#266,.T.);
#1474=EDGE_CURVE('',#1787,#1787,#267,.T.);
#1475=EDGE_CURVE('',#1788,#1788,#268,.T.);
#1476=EDGE_CURVE('',#1789,#1789,#269,.T.);
#1477=EDGE_CURVE('',#1790,#1790,#270,.T.);
#1478=EDGE_CURVE('',#1791,#1791,#271,.T.);
#1479=EDGE_CURVE('',#1792,#1792,#272,.T.);
#1480=EDGE_CURVE('',#1793,#1793,#273,.T.);
#1481=EDGE_CURVE('',#1794,#1794,#274,.T.);
#1482=EDGE_CURVE('',#1795,#1796,#2050,.T.);
#1483=EDGE_CURVE('',#1796,#1797,#2051,.F.);
#1484=EDGE_CURVE('',#1797,#1798,#2052,.F.);
#1485=EDGE_CURVE('',#1798,#1795,#2053,.T.);
#1486=EDGE_CURVE('',#1799,#1800,#2054,.T.);
#1487=EDGE_CURVE('',#1800,#1801,#2055,.T.);
#1488=EDGE_CURVE('',#1801,#1802,#2056,.T.);
#1489=EDGE_CURVE('',#1802,#1799,#2057,.F.);
#1490=EDGE_CURVE('',#1803,#1804,#2058,.T.);
#1491=EDGE_CURVE('',#1804,#1805,#2059,.T.);
#1492=EDGE_CURVE('',#1805,#1806,#2060,.F.);
#1493=EDGE_CURVE('',#1806,#1803,#2061,.F.);
#1494=EDGE_CURVE('',#1807,#1808,#2062,.F.);
#1495=EDGE_CURVE('',#1808,#1809,#2063,.T.);
#1496=EDGE_CURVE('',#1809,#1810,#2064,.T.);
#1497=EDGE_CURVE('',#1810,#1807,#2065,.F.);
#1498=EDGE_CURVE('',#1811,#1812,#2066,.T.);
#1499=EDGE_CURVE('',#1812,#1813,#2067,.F.);
#1500=EDGE_CURVE('',#1814,#1813,#2068,.T.);
#1501=EDGE_CURVE('',#1814,#1811,#2069,.T.);
#1502=EDGE_CURVE('',#1813,#1815,#275,.T.);
#1503=EDGE_CURVE('',#1816,#1815,#2070,.T.);
#1504=EDGE_CURVE('',#1817,#1816,#2071,.T.);
#1505=EDGE_CURVE('',#1817,#1818,#2072,.T.);
#1506=EDGE_CURVE('',#1818,#1814,#276,.T.);
#1507=EDGE_CURVE('',#1819,#1816,#2073,.T.);
#1508=EDGE_CURVE('',#1820,#1819,#2074,.T.);
#1509=EDGE_CURVE('',#1820,#1817,#2075,.T.);
#1510=EDGE_CURVE('',#1819,#1821,#2076,.T.);
#1511=EDGE_CURVE('',#1822,#1821,#2077,.T.);
#1512=EDGE_CURVE('',#1820,#1822,#2078,.T.);
#1513=EDGE_CURVE('',#1821,#1823,#2079,.T.);
#1514=EDGE_CURVE('',#1824,#1823,#2080,.T.);
#1515=EDGE_CURVE('',#1822,#1824,#2081,.T.);
#1516=EDGE_CURVE('',#1825,#1823,#2082,.T.);
#1517=EDGE_CURVE('',#1825,#1826,#2083,.F.);
#1518=EDGE_CURVE('',#1826,#1824,#2084,.T.);
#1519=EDGE_CURVE('',#1827,#1828,#2085,.F.);
#1520=EDGE_CURVE('',#1828,#1829,#2086,.T.);
#1521=EDGE_CURVE('',#1829,#1830,#2087,.T.);
#1522=EDGE_CURVE('',#1830,#1827,#2088,.F.);
#1523=EDGE_CURVE('',#1831,#1832,#277,.T.);
#1524=EDGE_CURVE('',#1832,#1833,#2089,.F.);
#1525=EDGE_CURVE('',#1833,#1834,#278,.F.);
#1526=EDGE_CURVE('',#1834,#1831,#2090,.T.);
#1527=EDGE_CURVE('',#1835,#1835,#279,.T.);
#1528=EDGE_CURVE('',#1836,#1836,#280,.T.);
#1529=EDGE_CURVE('',#1837,#1838,#68,.T.);
#1530=EDGE_CURVE('',#1838,#1839,#2091,.T.);
#1531=EDGE_CURVE('',#1839,#1840,#69,.T.);
#1532=EDGE_CURVE('',#1840,#1837,#2092,.F.);
#1533=EDGE_CURVE('',#1841,#1842,#2093,.F.);
#1534=EDGE_CURVE('',#1842,#1843,#37,.T.);
#1535=EDGE_CURVE('',#1843,#1844,#2094,.T.);
#1536=EDGE_CURVE('',#1844,#1845,#70,.T.);
#1537=EDGE_CURVE('',#1845,#1846,#2095,.F.);
#1538=EDGE_CURVE('',#1846,#1847,#71,.T.);
#1539=EDGE_CURVE('',#1847,#1848,#2096,.F.);
#1540=EDGE_CURVE('',#1848,#1841,#38,.T.);
#1541=EDGE_CURVE('',#1849,#1849,#281,.T.);
#1542=EDGE_CURVE('',#1850,#1850,#282,.T.);
#1543=EDGE_CURVE('',#1851,#1852,#2097,.T.);
#1544=EDGE_CURVE('',#1852,#1853,#283,.F.);
#1545=EDGE_CURVE('',#1853,#1854,#72,.T.);
#1546=EDGE_CURVE('',#1855,#1854,#284,.T.);
#1547=EDGE_CURVE('',#1855,#1856,#2098,.F.);
#1548=EDGE_CURVE('',#1851,#1856,#285,.T.);
#1549=EDGE_CURVE('',#1857,#1858,#286,.T.);
#1550=EDGE_CURVE('',#1858,#1859,#2099,.F.);
#1551=EDGE_CURVE('',#1859,#1860,#2100,.F.);
#1552=EDGE_CURVE('',#1861,#1860,#287,.T.);
#1553=EDGE_CURVE('',#1861,#1862,#2101,.T.);
#1554=EDGE_CURVE('',#1862,#1818,#2102,.F.);
#1555=EDGE_CURVE('',#1826,#1857,#2103,.T.);
#1556=EDGE_CURVE('',#1863,#1864,#73,.T.);
#1557=EDGE_CURVE('',#1864,#1865,#288,.T.);
#1558=EDGE_CURVE('',#1865,#1866,#2104,.F.);
#1559=EDGE_CURVE('',#1867,#1866,#289,.F.);
#1560=EDGE_CURVE('',#1867,#1868,#2105,.T.);
#1561=EDGE_CURVE('',#1863,#1868,#290,.F.);
#1562=EDGE_CURVE('',#1869,#1870,#2106,.T.);
#1563=EDGE_CURVE('',#1870,#1871,#2107,.T.);
#1564=EDGE_CURVE('',#1871,#1872,#291,.F.);
#1565=EDGE_CURVE('',#1872,#1825,#2108,.F.);
#1566=EDGE_CURVE('',#1815,#1873,#2109,.T.);
#1567=EDGE_CURVE('',#1873,#1874,#2110,.F.);
#1568=EDGE_CURVE('',#1869,#1874,#292,.F.);
#1569=EDGE_CURVE('',#1799,#1798,#293,.T.);
#1570=EDGE_CURVE('',#1851,#1799,#294,.F.);
#1571=EDGE_CURVE('',#1798,#1856,#295,.F.);
#1572=EDGE_CURVE('',#1852,#1802,#296,.T.);
#1573=EDGE_CURVE('',#1854,#1837,#297,.T.);
#1574=EDGE_CURVE('',#1838,#1853,#298,.T.);
#1575=EDGE_CURVE('',#1795,#1855,#299,.T.);
#1576=EDGE_CURVE('',#1800,#1797,#300,.T.);
#1577=EDGE_CURVE('',#1838,#1802,#301,.T.);
#1578=EDGE_CURVE('',#1795,#1837,#302,.T.);
#1579=EDGE_CURVE('',#1867,#1797,#303,.F.);
#1580=EDGE_CURVE('',#1800,#1866,#304,.F.);
#1581=EDGE_CURVE('',#1801,#1865,#305,.T.);
#1582=EDGE_CURVE('',#1839,#1801,#306,.T.);
#1583=EDGE_CURVE('',#1796,#1840,#307,.T.);
#1584=EDGE_CURVE('',#1868,#1796,#308,.T.);
#1585=EDGE_CURVE('',#1839,#1864,#309,.F.);
#1586=EDGE_CURVE('',#1863,#1840,#310,.F.);
#1587=EDGE_CURVE('',#1833,#1858,#74,.T.);
#1588=EDGE_CURVE('',#1834,#1857,#311,.T.);
#1589=EDGE_CURVE('',#1831,#1830,#312,.T.);
#1590=EDGE_CURVE('',#1827,#1834,#313,.T.);
#1591=EDGE_CURVE('',#1871,#1832,#75,.T.);
#1592=EDGE_CURVE('',#1872,#1831,#314,.T.);
#1593=EDGE_CURVE('',#1827,#1857,#315,.F.);
#1594=EDGE_CURVE('',#1872,#1830,#316,.F.);
#1595=EDGE_CURVE('',#1828,#1826,#39,.T.);
#1596=EDGE_CURVE('',#1825,#1829,#40,.F.);
#1597=EDGE_CURVE('',#1811,#1862,#317,.T.);
#1598=EDGE_CURVE('',#1812,#1810,#318,.T.);
#1599=EDGE_CURVE('',#1807,#1811,#319,.T.);
#1600=EDGE_CURVE('',#1873,#1812,#320,.T.);
#1601=EDGE_CURVE('',#1807,#1862,#321,.F.);
#1602=EDGE_CURVE('',#1873,#1810,#322,.F.);
#1603=EDGE_CURVE('',#1859,#1804,#41,.T.);
#1604=EDGE_CURVE('',#1860,#1803,#323,.T.);
#1605=EDGE_CURVE('',#1808,#1861,#324,.T.);
#1606=EDGE_CURVE('',#1874,#1809,#325,.T.);
#1607=EDGE_CURVE('',#1805,#1870,#42,.T.);
#1608=EDGE_CURVE('',#1806,#1869,#326,.T.);
#1609=EDGE_CURVE('',#1808,#1803,#327,.T.);
#1610=EDGE_CURVE('',#1806,#1809,#328,.F.);
#1611=EDGE_CURVE('',#1832,#1846,#329,.T.);
#1612=EDGE_CURVE('',#1847,#1871,#330,.T.);
#1613=EDGE_CURVE('',#1848,#1870,#331,.T.);
#1614=EDGE_CURVE('',#1833,#1845,#332,.T.);
#1615=EDGE_CURVE('',#1841,#1805,#333,.T.);
#1616=EDGE_CURVE('',#1858,#1844,#334,.T.);
#1617=EDGE_CURVE('',#1842,#1804,#335,.T.);
#1618=EDGE_CURVE('',#1859,#1843,#336,.T.);
#1619=VERTEX_POINT('',#4428);
#1620=VERTEX_POINT('',#4429);
#1621=VERTEX_POINT('',#4431);
#1622=VERTEX_POINT('',#4433);
#1623=VERTEX_POINT('',#4437);
#1624=VERTEX_POINT('',#4439);
#1625=VERTEX_POINT('',#4443);
#1626=VERTEX_POINT('',#4445);
#1627=VERTEX_POINT('',#4447);
#1628=VERTEX_POINT('',#4449);
#1629=VERTEX_POINT('',#4451);
#1630=VERTEX_POINT('',#4453);
#1631=VERTEX_POINT('',#4455);
#1632=VERTEX_POINT('',#4457);
#1633=VERTEX_POINT('',#4459);
#1634=VERTEX_POINT('',#4461);
#1635=VERTEX_POINT('',#4463);
#1636=VERTEX_POINT('',#4467);
#1637=VERTEX_POINT('',#4468);
#1638=VERTEX_POINT('',#4470);
#1639=VERTEX_POINT('',#4472);
#1640=VERTEX_POINT('',#4474);
#1641=VERTEX_POINT('',#4476);
#1642=VERTEX_POINT('',#4478);
#1643=VERTEX_POINT('',#4480);
#1644=VERTEX_POINT('',#4482);
#1645=VERTEX_POINT('',#4484);
#1646=VERTEX_POINT('',#4486);
#1647=VERTEX_POINT('',#4488);
#1648=VERTEX_POINT('',#4490);
#1649=VERTEX_POINT('',#4494);
#1650=VERTEX_POINT('',#4496);
#1651=VERTEX_POINT('',#4500);
#1652=VERTEX_POINT('',#4502);
#1653=VERTEX_POINT('',#4513);
#1654=VERTEX_POINT('',#4517);
#1655=VERTEX_POINT('',#4518);
#1656=VERTEX_POINT('',#4520);
#1657=VERTEX_POINT('',#4522);
#1658=VERTEX_POINT('',#4529);
#1659=VERTEX_POINT('',#4531);
#1660=VERTEX_POINT('',#4535);
#1661=VERTEX_POINT('',#4537);
#1662=VERTEX_POINT('',#4550);
#1663=VERTEX_POINT('',#4552);
#1664=VERTEX_POINT('',#4554);
#1665=VERTEX_POINT('',#4556);
#1666=VERTEX_POINT('',#4569);
#1667=VERTEX_POINT('',#4571);
#1668=VERTEX_POINT('',#4575);
#1669=VERTEX_POINT('',#4579);
#1670=VERTEX_POINT('',#4585);
#1671=VERTEX_POINT('',#4588);
#1672=VERTEX_POINT('',#4593);
#1673=VERTEX_POINT('',#4594);
#1674=VERTEX_POINT('',#4596);
#1675=VERTEX_POINT('',#4598);
#1676=VERTEX_POINT('',#4600);
#1677=VERTEX_POINT('',#4602);
#1678=VERTEX_POINT('',#4604);
#1679=VERTEX_POINT('',#4606);
#1680=VERTEX_POINT('',#4608);
#1681=VERTEX_POINT('',#4610);
#1682=VERTEX_POINT('',#4614);
#1683=VERTEX_POINT('',#4615);
#1684=VERTEX_POINT('',#4617);
#1685=VERTEX_POINT('',#4619);
#1686=VERTEX_POINT('',#4623);
#1687=VERTEX_POINT('',#4625);
#1688=VERTEX_POINT('',#4629);
#1689=VERTEX_POINT('',#4631);
#1690=VERTEX_POINT('',#4635);
#1691=VERTEX_POINT('',#4637);
#1692=VERTEX_POINT('',#4645);
#1693=VERTEX_POINT('',#4647);
#1694=VERTEX_POINT('',#4651);
#1695=VERTEX_POINT('',#4652);
#1696=VERTEX_POINT('',#4654);
#1697=VERTEX_POINT('',#4656);
#1698=VERTEX_POINT('',#4675);
#1699=VERTEX_POINT('',#4676);
#1700=VERTEX_POINT('',#4678);
#1701=VERTEX_POINT('',#4680);
#1702=VERTEX_POINT('',#4684);
#1703=VERTEX_POINT('',#4685);
#1704=VERTEX_POINT('',#4687);
#1705=VERTEX_POINT('',#4689);
#1706=VERTEX_POINT('',#4691);
#1707=VERTEX_POINT('',#4693);
#1708=VERTEX_POINT('',#4697);
#1709=VERTEX_POINT('',#4698);
#1710=VERTEX_POINT('',#4700);
#1711=VERTEX_POINT('',#4702);
#1712=VERTEX_POINT('',#4704);
#1713=VERTEX_POINT('',#4706);
#1714=VERTEX_POINT('',#4708);
#1715=VERTEX_POINT('',#4712);
#1716=VERTEX_POINT('',#4713);
#1717=VERTEX_POINT('',#4715);
#1718=VERTEX_POINT('',#4717);
#1719=VERTEX_POINT('',#4719);
#1720=VERTEX_POINT('',#4721);
#1721=VERTEX_POINT('',#4725);
#1722=VERTEX_POINT('',#4726);
#1723=VERTEX_POINT('',#4728);
#1724=VERTEX_POINT('',#4730);
#1725=VERTEX_POINT('',#4732);
#1726=VERTEX_POINT('',#4734);
#1727=VERTEX_POINT('',#4738);
#1728=VERTEX_POINT('',#4740);
#1729=VERTEX_POINT('',#4744);
#1730=VERTEX_POINT('',#4745);
#1731=VERTEX_POINT('',#4747);
#1732=VERTEX_POINT('',#4752);
#1733=VERTEX_POINT('',#4754);
#1734=VERTEX_POINT('',#4756);
#1735=VERTEX_POINT('',#4763);
#1736=VERTEX_POINT('',#4764);
#1737=VERTEX_POINT('',#4766);
#1738=VERTEX_POINT('',#4768);
#1739=VERTEX_POINT('',#4770);
#1740=VERTEX_POINT('',#4772);
#1741=VERTEX_POINT('',#4781);
#1742=VERTEX_POINT('',#4782);
#1743=VERTEX_POINT('',#4786);
#1744=VERTEX_POINT('',#4836);
#1745=VERTEX_POINT('',#4844);
#1746=VERTEX_POINT('',#4845);
#1747=VERTEX_POINT('',#4847);
#1748=VERTEX_POINT('',#4849);
#1749=VERTEX_POINT('',#4853);
#1750=VERTEX_POINT('',#4855);
#1751=VERTEX_POINT('',#4859);
#1752=VERTEX_POINT('',#4861);
#1753=VERTEX_POINT('',#4863);
#1754=VERTEX_POINT('',#4867);
#1755=VERTEX_POINT('',#4869);
#1756=VERTEX_POINT('',#4873);
#1757=VERTEX_POINT('',#4875);
#1758=VERTEX_POINT('',#4881);
#1759=VERTEX_POINT('',#4883);
#1760=VERTEX_POINT('',#4886);
#1761=VERTEX_POINT('',#4887);
#1762=VERTEX_POINT('',#4914);
#1763=VERTEX_POINT('',#4916);
#1764=VERTEX_POINT('',#4920);
#1765=VERTEX_POINT('',#4926);
#1766=VERTEX_POINT('',#4932);
#1767=VERTEX_POINT('',#5016);
#1768=VERTEX_POINT('',#5103);
#1769=VERTEX_POINT('',#5134);
#1770=VERTEX_POINT('',#5135);
#1771=VERTEX_POINT('',#5137);
#1772=VERTEX_POINT('',#5139);
#1773=VERTEX_POINT('',#5143);
#1774=VERTEX_POINT('',#5145);
#1775=VERTEX_POINT('',#5149);
#1776=VERTEX_POINT('',#5151);
#1777=VERTEX_POINT('',#5158);
#1778=VERTEX_POINT('',#5160);
#1779=VERTEX_POINT('',#5167);
#1780=VERTEX_POINT('',#5169);
#1781=VERTEX_POINT('',#5172);
#1782=VERTEX_POINT('',#5174);
#1783=VERTEX_POINT('',#5180);
#1784=VERTEX_POINT('',#5182);
#1785=VERTEX_POINT('',#5185);
#1786=VERTEX_POINT('',#5187);
#1787=VERTEX_POINT('',#5190);
#1788=VERTEX_POINT('',#5194);
#1789=VERTEX_POINT('',#5203);
#1790=VERTEX_POINT('',#5205);
#1791=VERTEX_POINT('',#5208);
#1792=VERTEX_POINT('',#5210);
#1793=VERTEX_POINT('',#5213);
#1794=VERTEX_POINT('',#5217);
#1795=VERTEX_POINT('',#5238);
#1796=VERTEX_POINT('',#5239);
#1797=VERTEX_POINT('',#5241);
#1798=VERTEX_POINT('',#5243);
#1799=VERTEX_POINT('',#5247);
#1800=VERTEX_POINT('',#5248);
#1801=VERTEX_POINT('',#5250);
#1802=VERTEX_POINT('',#5252);
#1803=VERTEX_POINT('',#5256);
#1804=VERTEX_POINT('',#5257);
#1805=VERTEX_POINT('',#5259);
#1806=VERTEX_POINT('',#5261);
#1807=VERTEX_POINT('',#5265);
#1808=VERTEX_POINT('',#5266);
#1809=VERTEX_POINT('',#5268);
#1810=VERTEX_POINT('',#5270);
#1811=VERTEX_POINT('',#5274);
#1812=VERTEX_POINT('',#5275);
#1813=VERTEX_POINT('',#5277);
#1814=VERTEX_POINT('',#5279);
#1815=VERTEX_POINT('',#5283);
#1816=VERTEX_POINT('',#5285);
#1817=VERTEX_POINT('',#5287);
#1818=VERTEX_POINT('',#5289);
#1819=VERTEX_POINT('',#5293);
#1820=VERTEX_POINT('',#5295);
#1821=VERTEX_POINT('',#5299);
#1822=VERTEX_POINT('',#5301);
#1823=VERTEX_POINT('',#5305);
#1824=VERTEX_POINT('',#5307);
#1825=VERTEX_POINT('',#5311);
#1826=VERTEX_POINT('',#5313);
#1827=VERTEX_POINT('',#5317);
#1828=VERTEX_POINT('',#5318);
#1829=VERTEX_POINT('',#5320);
#1830=VERTEX_POINT('',#5322);
#1831=VERTEX_POINT('',#5326);
#1832=VERTEX_POINT('',#5327);
#1833=VERTEX_POINT('',#5329);
#1834=VERTEX_POINT('',#5331);
#1835=VERTEX_POINT('',#5335);
#1836=VERTEX_POINT('',#5337);
#1837=VERTEX_POINT('',#5353);
#1838=VERTEX_POINT('',#5354);
#1839=VERTEX_POINT('',#5356);
#1840=VERTEX_POINT('',#5362);
#1841=VERTEX_POINT('',#5366);
#1842=VERTEX_POINT('',#5367);
#1843=VERTEX_POINT('',#5369);
#1844=VERTEX_POINT('',#5371);
#1845=VERTEX_POINT('',#5377);
#1846=VERTEX_POINT('',#5379);
#1847=VERTEX_POINT('',#5385);
#1848=VERTEX_POINT('',#5387);
#1849=VERTEX_POINT('',#5391);
#1850=VERTEX_POINT('',#5393);
#1851=VERTEX_POINT('',#5396);
#1852=VERTEX_POINT('',#5397);
#1853=VERTEX_POINT('',#5399);
#1854=VERTEX_POINT('',#5407);
#1855=VERTEX_POINT('',#5409);
#1856=VERTEX_POINT('',#5411);
#1857=VERTEX_POINT('',#5414);
#1858=VERTEX_POINT('',#5415);
#1859=VERTEX_POINT('',#5417);
#1860=VERTEX_POINT('',#5419);
#1861=VERTEX_POINT('',#5421);
#1862=VERTEX_POINT('',#5423);
#1863=VERTEX_POINT('',#5433);
#1864=VERTEX_POINT('',#5434);
#1865=VERTEX_POINT('',#5436);
#1866=VERTEX_POINT('',#5438);
#1867=VERTEX_POINT('',#5440);
#1868=VERTEX_POINT('',#5442);
#1869=VERTEX_POINT('',#5445);
#1870=VERTEX_POINT('',#5446);
#1871=VERTEX_POINT('',#5448);
#1872=VERTEX_POINT('',#5450);
#1873=VERTEX_POINT('',#5453);
#1874=VERTEX_POINT('',#5455);
#1875=LINE('',#4427,#2111);
#1876=LINE('',#4430,#2112);
#1877=LINE('',#4432,#2113);
#1878=LINE('',#4434,#2114);
#1879=LINE('',#4436,#2115);
#1880=LINE('',#4438,#2116);
#1881=LINE('',#4440,#2117);
#1882=LINE('',#4442,#2118);
#1883=LINE('',#4444,#2119);
#1884=LINE('',#4446,#2120);
#1885=LINE('',#4448,#2121);
#1886=LINE('',#4450,#2122);
#1887=LINE('',#4452,#2123);
#1888=LINE('',#4454,#2124);
#1889=LINE('',#4456,#2125);
#1890=LINE('',#4458,#2126);
#1891=LINE('',#4460,#2127);
#1892=LINE('',#4462,#2128);
#1893=LINE('',#4464,#2129);
#1894=LINE('',#4466,#2130);
#1895=LINE('',#4469,#2131);
#1896=LINE('',#4471,#2132);
#1897=LINE('',#4473,#2133);
#1898=LINE('',#4475,#2134);
#1899=LINE('',#4477,#2135);
#1900=LINE('',#4479,#2136);
#1901=LINE('',#4481,#2137);
#1902=LINE('',#4483,#2138);
#1903=LINE('',#4485,#2139);
#1904=LINE('',#4487,#2140);
#1905=LINE('',#4489,#2141);
#1906=LINE('',#4491,#2142);
#1907=LINE('',#4493,#2143);
#1908=LINE('',#4495,#2144);
#1909=LINE('',#4497,#2145);
#1910=LINE('',#4499,#2146);
#1911=LINE('',#4501,#2147);
#1912=LINE('',#4503,#2148);
#1913=LINE('',#4508,#2149);
#1914=LINE('',#4510,#2150);
#1915=LINE('',#4512,#2151);
#1916=LINE('',#4514,#2152);
#1917=LINE('',#4516,#2153);
#1918=LINE('',#4519,#2154);
#1919=LINE('',#4521,#2155);
#1920=LINE('',#4523,#2156);
#1921=LINE('',#4525,#2157);
#1922=LINE('',#4526,#2158);
#1923=LINE('',#4528,#2159);
#1924=LINE('',#4530,#2160);
#1925=LINE('',#4532,#2161);
#1926=LINE('',#4534,#2162);
#1927=LINE('',#4536,#2163);
#1928=LINE('',#4538,#2164);
#1929=LINE('',#4543,#2165);
#1930=LINE('',#4545,#2166);
#1931=LINE('',#4547,#2167);
#1932=LINE('',#4551,#2168);
#1933=LINE('',#4555,#2169);
#1934=LINE('',#4558,#2170);
#1935=LINE('',#4562,#2171);
#1936=LINE('',#4568,#2172);
#1937=LINE('',#4572,#2173);
#1938=LINE('',#4574,#2174);
#1939=LINE('',#4576,#2175);
#1940=LINE('',#4578,#2176);
#1941=LINE('',#4582,#2177);
#1942=LINE('',#4592,#2178);
#1943=LINE('',#4597,#2179);
#1944=LINE('',#4601,#2180);
#1945=LINE('',#4605,#2181);
#1946=LINE('',#4607,#2182);
#1947=LINE('',#4609,#2183);
#1948=LINE('',#4611,#2184);
#1949=LINE('',#4613,#2185);
#1950=LINE('',#4616,#2186);
#1951=LINE('',#4618,#2187);
#1952=LINE('',#4620,#2188);
#1953=LINE('',#4622,#2189);
#1954=LINE('',#4624,#2190);
#1955=LINE('',#4626,#2191);
#1956=LINE('',#4628,#2192);
#1957=LINE('',#4630,#2193);
#1958=LINE('',#4632,#2194);
#1959=LINE('',#4634,#2195);
#1960=LINE('',#4636,#2196);
#1961=LINE('',#4638,#2197);
#1962=LINE('',#4640,#2198);
#1963=LINE('',#4641,#2199);
#1964=LINE('',#4642,#2200);
#1965=LINE('',#4644,#2201);
#1966=LINE('',#4646,#2202);
#1967=LINE('',#4648,#2203);
#1968=LINE('',#4653,#2204);
#1969=LINE('',#4657,#2205);
#1970=LINE('',#4658,#2206);
#1971=LINE('',#4659,#2207);
#1972=LINE('',#4665,#2208);
#1973=LINE('',#4666,#2209);
#1974=LINE('',#4668,#2210);
#1975=LINE('',#4670,#2211);
#1976=LINE('',#4674,#2212);
#1977=LINE('',#4677,#2213);
#1978=LINE('',#4679,#2214);
#1979=LINE('',#4681,#2215);
#1980=LINE('',#4686,#2216);
#1981=LINE('',#4688,#2217);
#1982=LINE('',#4690,#2218);
#1983=LINE('',#4694,#2219);
#1984=LINE('',#4696,#2220);
#1985=LINE('',#4703,#2221);
#1986=LINE('',#4705,#2222);
#1987=LINE('',#4707,#2223);
#1988=LINE('',#4711,#2224);
#1989=LINE('',#4714,#2225);
#1990=LINE('',#4718,#2226);
#1991=LINE('',#4722,#2227);
#1992=LINE('',#4724,#2228);
#1993=LINE('',#4727,#2229);
#1994=LINE('',#4731,#2230);
#1995=LINE('',#4735,#2231);
#1996=LINE('',#4737,#2232);
#1997=LINE('',#4739,#2233);
#1998=LINE('',#4741,#2234);
#1999=LINE('',#4743,#2235);
#2000=LINE('',#4746,#2236);
#2001=LINE('',#4753,#2237);
#2002=LINE('',#4755,#2238);
#2003=LINE('',#4757,#2239);
#2004=LINE('',#4765,#2240);
#2005=LINE('',#4767,#2241);
#2006=LINE('',#4769,#2242);
#2007=LINE('',#4771,#2243);
#2008=LINE('',#4774,#2244);
#2009=LINE('',#4776,#2245);
#2010=LINE('',#4777,#2246);
#2011=LINE('',#4778,#2247);
#2012=LINE('',#4780,#2248);
#2013=LINE('',#4783,#2249);
#2014=LINE('',#4784,#2250);
#2015=LINE('',#4785,#2251);
#2016=LINE('',#4787,#2252);
#2017=LINE('',#4791,#2253);
#2018=LINE('',#4797,#2254);
#2019=LINE('',#4804,#2255);
#2020=LINE('',#4805,#2256);
#2021=LINE('',#4812,#2257);
#2022=LINE('',#4843,#2258);
#2023=LINE('',#4846,#2259);
#2024=LINE('',#4848,#2260);
#2025=LINE('',#4850,#2261);
#2026=LINE('',#4852,#2262);
#2027=LINE('',#4854,#2263);
#2028=LINE('',#4856,#2264);
#2029=LINE('',#4858,#2265);
#2030=LINE('',#4864,#2266);
#2031=LINE('',#4866,#2267);
#2032=LINE('',#4868,#2268);
#2033=LINE('',#4870,#2269);
#2034=LINE('',#4877,#2270);
#2035=LINE('',#4878,#2271);
#2036=LINE('',#4885,#2272);
#2037=LINE('',#4900,#2273);
#2038=LINE('',#4915,#2274);
#2039=LINE('',#4917,#2275);
#2040=LINE('',#4919,#2276);
#2041=LINE('',#4931,#2277);
#2042=LINE('',#5136,#2278);
#2043=LINE('',#5140,#2279);
#2044=LINE('',#5142,#2280);
#2045=LINE('',#5144,#2281);
#2046=LINE('',#5146,#2282);
#2047=LINE('',#5150,#2283);
#2048=LINE('',#5154,#2284);
#2049=LINE('',#5155,#2285);
#2050=LINE('',#5237,#2286);
#2051=LINE('',#5240,#2287);
#2052=LINE('',#5242,#2288);
#2053=LINE('',#5244,#2289);
#2054=LINE('',#5246,#2290);
#2055=LINE('',#5249,#2291);
#2056=LINE('',#5251,#2292);
#2057=LINE('',#5253,#2293);
#2058=LINE('',#5255,#2294);
#2059=LINE('',#5258,#2295);
#2060=LINE('',#5260,#2296);
#2061=LINE('',#5262,#2297);
#2062=LINE('',#5264,#2298);
#2063=LINE('',#5267,#2299);
#2064=LINE('',#5269,#2300);
#2065=LINE('',#5271,#2301);
#2066=LINE('',#5273,#2302);
#2067=LINE('',#5276,#2303);
#2068=LINE('',#5278,#2304);
#2069=LINE('',#5280,#2305);
#2070=LINE('',#5284,#2306);
#2071=LINE('',#5286,#2307);
#2072=LINE('',#5288,#2308);
#2073=LINE('',#5292,#2309);
#2074=LINE('',#5294,#2310);
#2075=LINE('',#5296,#2311);
#2076=LINE('',#5298,#2312);
#2077=LINE('',#5300,#2313);
#2078=LINE('',#5302,#2314);
#2079=LINE('',#5304,#2315);
#2080=LINE('',#5306,#2316);
#2081=LINE('',#5308,#2317);
#2082=LINE('',#5310,#2318);
#2083=LINE('',#5312,#2319);
#2084=LINE('',#5314,#2320);
#2085=LINE('',#5316,#2321);
#2086=LINE('',#5319,#2322);
#2087=LINE('',#5321,#2323);
#2088=LINE('',#5323,#2324);
#2089=LINE('',#5328,#2325);
#2090=LINE('',#5332,#2326);
#2091=LINE('',#5355,#2327);
#2092=LINE('',#5363,#2328);
#2093=LINE('',#5365,#2329);
#2094=LINE('',#5370,#2330);
#2095=LINE('',#5378,#2331);
#2096=LINE('',#5386,#2332);
#2097=LINE('',#5395,#2333);
#2098=LINE('',#5410,#2334);
#2099=LINE('',#5416,#2335);
#2100=LINE('',#5418,#2336);
#2101=LINE('',#5422,#2337);
#2102=LINE('',#5424,#2338);
#2103=LINE('',#5425,#2339);
#2104=LINE('',#5437,#2340);
#2105=LINE('',#5441,#2341);
#2106=LINE('',#5444,#2342);
#2107=LINE('',#5447,#2343);
#2108=LINE('',#5451,#2344);
#2109=LINE('',#5452,#2345);
#2110=LINE('',#5454,#2346);
#2111=VECTOR('',#3501,1.);
#2112=VECTOR('',#3502,1.);
#2113=VECTOR('',#3503,1.);
#2114=VECTOR('',#3504,1.);
#2115=VECTOR('',#3507,1.);
#2116=VECTOR('',#3508,1.);
#2117=VECTOR('',#3509,1.);
#2118=VECTOR('',#3512,1.);
#2119=VECTOR('',#3513,1.);
#2120=VECTOR('',#3514,1.);
#2121=VECTOR('',#3515,1.);
#2122=VECTOR('',#3516,1.);
#2123=VECTOR('',#3517,1.);
#2124=VECTOR('',#3518,1.);
#2125=VECTOR('',#3519,1.);
#2126=VECTOR('',#3520,1.);
#2127=VECTOR('',#3521,1.);
#2128=VECTOR('',#3522,1.);
#2129=VECTOR('',#3523,1.);
#2130=VECTOR('',#3526,1.);
#2131=VECTOR('',#3527,1.);
#2132=VECTOR('',#3528,1.);
#2133=VECTOR('',#3529,1.);
#2134=VECTOR('',#3530,1.);
#2135=VECTOR('',#3531,1.);
#2136=VECTOR('',#3532,1.);
#2137=VECTOR('',#3533,1.);
#2138=VECTOR('',#3534,1.);
#2139=VECTOR('',#3535,1.);
#2140=VECTOR('',#3536,1.);
#2141=VECTOR('',#3537,1.);
#2142=VECTOR('',#3538,1.);
#2143=VECTOR('',#3541,1.);
#2144=VECTOR('',#3542,1.);
#2145=VECTOR('',#3543,1.);
#2146=VECTOR('',#3546,1.);
#2147=VECTOR('',#3547,1.);
#2148=VECTOR('',#3548,1.);
#2149=VECTOR('',#3557,1.);
#2150=VECTOR('',#3560,1.);
#2151=VECTOR('',#3563,1.);
#2152=VECTOR('',#3564,1.);
#2153=VECTOR('',#3567,1.);
#2154=VECTOR('',#3568,1.);
#2155=VECTOR('',#3569,1.);
#2156=VECTOR('',#3570,1.);
#2157=VECTOR('',#3573,1.);
#2158=VECTOR('',#3574,1.);
#2159=VECTOR('',#3577,1.);
#2160=VECTOR('',#3578,1.);
#2161=VECTOR('',#3579,1.);
#2162=VECTOR('',#3582,1.);
#2163=VECTOR('',#3583,1.);
#2164=VECTOR('',#3584,1.);
#2165=VECTOR('',#3593,1.);
#2166=VECTOR('',#3596,1.);
#2167=VECTOR('',#3599,1.);
#2168=VECTOR('',#3604,1.);
#2169=VECTOR('',#3607,1.);
#2170=VECTOR('',#3610,1.);
#2171=VECTOR('',#3617,1.);
#2172=VECTOR('',#3628,1.);
#2173=VECTOR('',#3631,1.);
#2174=VECTOR('',#3634,1.);
#2175=VECTOR('',#3635,1.);
#2176=VECTOR('',#3638,1.);
#2177=VECTOR('',#3643,1.);
#2178=VECTOR('',#3658,1.);
#2179=VECTOR('',#3661,1.);
#2180=VECTOR('',#3664,1.);
#2181=VECTOR('',#3667,1.);
#2182=VECTOR('',#3668,1.);
#2183=VECTOR('',#3669,1.);
#2184=VECTOR('',#3670,1.);
#2185=VECTOR('',#3673,1.);
#2186=VECTOR('',#3674,1.);
#2187=VECTOR('',#3675,1.);
#2188=VECTOR('',#3676,1.);
#2189=VECTOR('',#3679,1.);
#2190=VECTOR('',#3680,1.);
#2191=VECTOR('',#3681,1.);
#2192=VECTOR('',#3684,1.);
#2193=VECTOR('',#3685,1.);
#2194=VECTOR('',#3686,1.);
#2195=VECTOR('',#3689,1.);
#2196=VECTOR('',#3690,1.);
#2197=VECTOR('',#3691,1.);
#2198=VECTOR('',#3694,1.);
#2199=VECTOR('',#3695,1.);
#2200=VECTOR('',#3696,1.);
#2201=VECTOR('',#3699,1.);
#2202=VECTOR('',#3700,1.);
#2203=VECTOR('',#3701,1.);
#2204=VECTOR('',#3706,1.);
#2205=VECTOR('',#3709,1.);
#2206=VECTOR('',#3710,1.);
#2207=VECTOR('',#3711,1.);
#2208=VECTOR('',#3722,1.);
#2209=VECTOR('',#3723,1.);
#2210=VECTOR('',#3726,1.);
#2211=VECTOR('',#3729,1.);
#2212=VECTOR('',#3736,1.);
#2213=VECTOR('',#3737,1.);
#2214=VECTOR('',#3738,1.);
#2215=VECTOR('',#3739,1.);
#2216=VECTOR('',#3744,1.);
#2217=VECTOR('',#3745,1.);
#2218=VECTOR('',#3746,1.);
#2219=VECTOR('',#3749,1.);
#2220=VECTOR('',#3752,1.);
#2221=VECTOR('',#3757,1.);
#2222=VECTOR('',#3758,1.);
#2223=VECTOR('',#3759,1.);
#2224=VECTOR('',#3764,1.);
#2225=VECTOR('',#3765,1.);
#2226=VECTOR('',#3768,1.);
#2227=VECTOR('',#3771,1.);
#2228=VECTOR('',#3774,1.);
#2229=VECTOR('',#3775,1.);
#2230=VECTOR('',#3778,1.);
#2231=VECTOR('',#3781,1.);
#2232=VECTOR('',#3784,1.);
#2233=VECTOR('',#3785,1.);
#2234=VECTOR('',#3786,1.);
#2235=VECTOR('',#3789,1.);
#2236=VECTOR('',#3790,1.);
#2237=VECTOR('',#3791,1.);
#2238=VECTOR('',#3792,1.);
#2239=VECTOR('',#3793,1.);
#2240=VECTOR('',#3796,1.);
#2241=VECTOR('',#3797,1.);
#2242=VECTOR('',#3798,1.);
#2243=VECTOR('',#3799,1.);
#2244=VECTOR('',#3802,1.);
#2245=VECTOR('',#3805,1.);
#2246=VECTOR('',#3806,1.);
#2247=VECTOR('',#3807,1.);
#2248=VECTOR('',#3810,1.);
#2249=VECTOR('',#3811,1.);
#2250=VECTOR('',#3812,1.);
#2251=VECTOR('',#3813,1.);
#2252=VECTOR('',#3814,1.);
#2253=VECTOR('',#3821,1.);
#2254=VECTOR('',#3822,1.);
#2255=VECTOR('',#3825,1.);
#2256=VECTOR('',#3826,1.);
#2257=VECTOR('',#3829,1.);
#2258=VECTOR('',#3888,1.);
#2259=VECTOR('',#3889,1.);
#2260=VECTOR('',#3890,1.);
#2261=VECTOR('',#3891,1.);
#2262=VECTOR('',#3894,1.);
#2263=VECTOR('',#3895,1.);
#2264=VECTOR('',#3896,1.);
#2265=VECTOR('',#3899,1.);
#2266=VECTOR('',#3904,1.);
#2267=VECTOR('',#3907,1.);
#2268=VECTOR('',#3908,1.);
#2269=VECTOR('',#3909,1.);
#2270=VECTOR('',#3918,1.);
#2271=VECTOR('',#3919,1.);
#2272=VECTOR('',#3928,1.);
#2273=VECTOR('',#3929,1.);
#2274=VECTOR('',#3932,1.);
#2275=VECTOR('',#3933,1.);
#2276=VECTOR('',#3936,1.);
#2277=VECTOR('',#3955,1.);
#2278=VECTOR('',#3974,1.);
#2279=VECTOR('',#3977,1.);
#2280=VECTOR('',#3980,1.);
#2281=VECTOR('',#3981,1.);
#2282=VECTOR('',#3982,1.);
#2283=VECTOR('',#3987,1.);
#2284=VECTOR('',#3992,1.);
#2285=VECTOR('',#3993,1.);
#2286=VECTOR('',#4120,1.);
#2287=VECTOR('',#4121,1.);
#2288=VECTOR('',#4122,1.);
#2289=VECTOR('',#4123,1.);
#2290=VECTOR('',#4126,1.);
#2291=VECTOR('',#4127,1.);
#2292=VECTOR('',#4128,1.);
#2293=VECTOR('',#4129,1.);
#2294=VECTOR('',#4132,1.);
#2295=VECTOR('',#4133,1.);
#2296=VECTOR('',#4134,1.);
#2297=VECTOR('',#4135,1.);
#2298=VECTOR('',#4138,1.);
#2299=VECTOR('',#4139,1.);
#2300=VECTOR('',#4140,1.);
#2301=VECTOR('',#4141,1.);
#2302=VECTOR('',#4144,1.);
#2303=VECTOR('',#4145,1.);
#2304=VECTOR('',#4146,1.);
#2305=VECTOR('',#4147,1.);
#2306=VECTOR('',#4152,1.);
#2307=VECTOR('',#4153,1.);
#2308=VECTOR('',#4154,1.);
#2309=VECTOR('',#4159,1.);
#2310=VECTOR('',#4160,1.);
#2311=VECTOR('',#4161,1.);
#2312=VECTOR('',#4164,1.);
#2313=VECTOR('',#4165,1.);
#2314=VECTOR('',#4166,1.);
#2315=VECTOR('',#4169,1.);
#2316=VECTOR('',#4170,1.);
#2317=VECTOR('',#4171,1.);
#2318=VECTOR('',#4174,1.);
#2319=VECTOR('',#4175,1.);
#2320=VECTOR('',#4176,1.);
#2321=VECTOR('',#4179,1.);
#2322=VECTOR('',#4180,1.);
#2323=VECTOR('',#4181,1.);
#2324=VECTOR('',#4182,1.);
#2325=VECTOR('',#4187,1.);
#2326=VECTOR('',#4190,1.);
#2327=VECTOR('',#4197,1.);
#2328=VECTOR('',#4198,1.);
#2329=VECTOR('',#4201,1.);
#2330=VECTOR('',#4204,1.);
#2331=VECTOR('',#4205,1.);
#2332=VECTOR('',#4206,1.);
#2333=VECTOR('',#4217,1.);
#2334=VECTOR('',#4222,1.);
#2335=VECTOR('',#4227,1.);
#2336=VECTOR('',#4228,1.);
#2337=VECTOR('',#4231,1.);
#2338=VECTOR('',#4232,1.);
#2339=VECTOR('',#4233,1.);
#2340=VECTOR('',#4238,1.);
#2341=VECTOR('',#4241,1.);
#2342=VECTOR('',#4244,1.);
#2343=VECTOR('',#4245,1.);
#2344=VECTOR('',#4248,1.);
#2345=VECTOR('',#4249,1.);
#2346=VECTOR('',#4250,1.);
#2347=EDGE_LOOP('',(#401,#402,#403,#404));
#2348=EDGE_LOOP('',(#405,#406,#407,#408));
#2349=EDGE_LOOP('',(#409,#410,#411,#412,#413,#414,#415,#416,#417,#418,#419,
#420,#421));
#2350=EDGE_LOOP('',(#422,#423,#424,#425,#426,#427,#428,#429,#430,#431,#432,
#433,#434));
#2351=EDGE_LOOP('',(#435,#436,#437,#438));
#2352=EDGE_LOOP('',(#439,#440,#441,#442));
#2353=EDGE_LOOP('',(#443,#444,#445,#446));
#2354=EDGE_LOOP('',(#447,#448,#449,#450,#451,#452,#453,#454));
#2355=EDGE_LOOP('',(#455,#456,#457,#458,#459,#460,#461,#462));
#2356=EDGE_LOOP('',(#463,#464,#465,#466,#467));
#2357=EDGE_LOOP('',(#468,#469,#470,#471));
#2358=EDGE_LOOP('',(#472,#473,#474,#475));
#2359=EDGE_LOOP('',(#476,#477,#478,#479));
#2360=EDGE_LOOP('',(#480,#481,#482,#483));
#2361=EDGE_LOOP('',(#484,#485,#486,#487));
#2362=EDGE_LOOP('',(#488,#489,#490,#491,#492,#493,#494,#495));
#2363=EDGE_LOOP('',(#496,#497,#498,#499,#500,#501,#502,#503));
#2364=EDGE_LOOP('',(#504,#505,#506,#507));
#2365=EDGE_LOOP('',(#508,#509,#510,#511,#512,#513,#514,#515));
#2366=EDGE_LOOP('',(#516,#517,#518));
#2367=EDGE_LOOP('',(#519,#520,#521,#522));
#2368=EDGE_LOOP('',(#523,#524,#525,#526));
#2369=EDGE_LOOP('',(#527,#528,#529));
#2370=EDGE_LOOP('',(#530,#531,#532,#533));
#2371=EDGE_LOOP('',(#534,#535,#536,#537,#538,#539,#540));
#2372=EDGE_LOOP('',(#541,#542,#543,#544));
#2373=EDGE_LOOP('',(#545,#546,#547,#548));
#2374=EDGE_LOOP('',(#549,#550,#551,#552));
#2375=EDGE_LOOP('',(#553));
#2376=EDGE_LOOP('',(#554,#555,#556,#557));
#2377=EDGE_LOOP('',(#558));
#2378=EDGE_LOOP('',(#559));
#2379=EDGE_LOOP('',(#560));
#2380=EDGE_LOOP('',(#561,#562,#563,#564,#565,#566,#567,#568,#569,#570));
#2381=EDGE_LOOP('',(#571,#572,#573,#574));
#2382=EDGE_LOOP('',(#575,#576,#577,#578));
#2383=EDGE_LOOP('',(#579,#580,#581,#582));
#2384=EDGE_LOOP('',(#583,#584,#585,#586));
#2385=EDGE_LOOP('',(#587,#588,#589,#590,#591,#592));
#2386=EDGE_LOOP('',(#593,#594,#595,#596));
#2387=EDGE_LOOP('',(#597,#598,#599,#600));
#2388=EDGE_LOOP('',(#601,#602,#603,#604));
#2389=EDGE_LOOP('',(#605,#606,#607,#608,#609,#610,#611,#612));
#2390=EDGE_LOOP('',(#613,#614,#615,#616,#617,#618,#619,#620));
#2391=EDGE_LOOP('',(#621,#622));
#2392=EDGE_LOOP('',(#623,#624,#625,#626,#627,#628));
#2393=EDGE_LOOP('',(#629,#630,#631,#632));
#2394=EDGE_LOOP('',(#633,#634,#635,#636));
#2395=EDGE_LOOP('',(#637,#638,#639,#640));
#2396=EDGE_LOOP('',(#641,#642,#643,#644));
#2397=EDGE_LOOP('',(#645,#646,#647,#648,#649,#650));
#2398=EDGE_LOOP('',(#651,#652,#653,#654,#655,#656,#657));
#2399=EDGE_LOOP('',(#658,#659,#660,#661,#662,#663));
#2400=EDGE_LOOP('',(#664,#665,#666,#667,#668,#669));
#2401=EDGE_LOOP('',(#670,#671,#672,#673));
#2402=EDGE_LOOP('',(#674,#675,#676,#677,#678,#679));
#2403=EDGE_LOOP('',(#680,#681,#682,#683,#684,#685,#686));
#2404=EDGE_LOOP('',(#687,#688,#689,#690,#691,#692));
#2405=EDGE_LOOP('',(#693,#694,#695,#696,#697,#698,#699));
#2406=EDGE_LOOP('',(#700,#701));
#2407=EDGE_LOOP('',(#702,#703,#704,#705,#706,#707,#708,#709));
#2408=EDGE_LOOP('',(#710,#711,#712,#713));
#2409=EDGE_LOOP('',(#714,#715,#716,#717,#718,#719,#720,#721));
#2410=EDGE_LOOP('',(#722,#723,#724,#725));
#2411=EDGE_LOOP('',(#726,#727));
#2412=EDGE_LOOP('',(#728,#729,#730,#731));
#2413=EDGE_LOOP('',(#732,#733,#734,#735,#736,#737));
#2414=EDGE_LOOP('',(#738,#739,#740,#741,#742,#743,#744,#745));
#2415=EDGE_LOOP('',(#746,#747));
#2416=EDGE_LOOP('',(#748,#749,#750,#751,#752,#753));
#2417=EDGE_LOOP('',(#754,#755,#756,#757,#758,#759));
#2418=EDGE_LOOP('',(#760,#761,#762,#763));
#2419=EDGE_LOOP('',(#764,#765,#766,#767));
#2420=EDGE_LOOP('',(#768,#769,#770,#771,#772));
#2421=EDGE_LOOP('',(#773,#774,#775));
#2422=EDGE_LOOP('',(#776,#777,#778));
#2423=EDGE_LOOP('',(#779,#780,#781));
#2424=EDGE_LOOP('',(#782,#783,#784,#785));
#2425=EDGE_LOOP('',(#786,#787,#788,#789));
#2426=EDGE_LOOP('',(#790,#791,#792,#793,#794));
#2427=EDGE_LOOP('',(#795,#796,#797,#798));
#2428=EDGE_LOOP('',(#799));
#2429=EDGE_LOOP('',(#800));
#2430=EDGE_LOOP('',(#801,#802,#803,#804));
#2431=EDGE_LOOP('',(#805));
#2432=EDGE_LOOP('',(#806));
#2433=EDGE_LOOP('',(#807,#808,#809,#810,#811,#812,#813,#814,#815,#816,#817));
#2434=EDGE_LOOP('',(#818));
#2435=EDGE_LOOP('',(#819));
#2436=EDGE_LOOP('',(#820,#821,#822,#823,#824,#825,#826,#827,#828,#829));
#2437=EDGE_LOOP('',(#830));
#2438=EDGE_LOOP('',(#831));
#2439=EDGE_LOOP('',(#832,#833,#834,#835));
#2440=EDGE_LOOP('',(#836,#837,#838,#839));
#2441=EDGE_LOOP('',(#840,#841,#842));
#2442=EDGE_LOOP('',(#843,#844,#845));
#2443=EDGE_LOOP('',(#846,#847,#848,#849));
#2444=EDGE_LOOP('',(#850,#851,#852,#853));
#2445=EDGE_LOOP('',(#854,#855,#856,#857));
#2446=EDGE_LOOP('',(#858,#859,#860,#861));
#2447=EDGE_LOOP('',(#862,#863,#864,#865));
#2448=EDGE_LOOP('',(#866,#867,#868));
#2449=EDGE_LOOP('',(#869,#870,#871,#872));
#2450=EDGE_LOOP('',(#873,#874,#875));
#2451=EDGE_LOOP('',(#876,#877,#878));
#2452=EDGE_LOOP('',(#879,#880,#881,#882));
#2453=EDGE_LOOP('',(#883,#884,#885,#886));
#2454=EDGE_LOOP('',(#887,#888,#889,#890));
#2455=EDGE_LOOP('',(#891,#892,#893,#894));
#2456=EDGE_LOOP('',(#895));
#2457=EDGE_LOOP('',(#896));
#2458=EDGE_LOOP('',(#897,#898,#899,#900));
#2459=EDGE_LOOP('',(#901));
#2460=EDGE_LOOP('',(#902,#903,#904,#905));
#2461=EDGE_LOOP('',(#906));
#2462=EDGE_LOOP('',(#907));
#2463=EDGE_LOOP('',(#908));
#2464=EDGE_LOOP('',(#909));
#2465=EDGE_LOOP('',(#910));
#2466=EDGE_LOOP('',(#911));
#2467=EDGE_LOOP('',(#912));
#2468=EDGE_LOOP('',(#913));
#2469=EDGE_LOOP('',(#914));
#2470=EDGE_LOOP('',(#915));
#2471=EDGE_LOOP('',(#916));
#2472=EDGE_LOOP('',(#917));
#2473=EDGE_LOOP('',(#918));
#2474=EDGE_LOOP('',(#919));
#2475=EDGE_LOOP('',(#920));
#2476=EDGE_LOOP('',(#921));
#2477=EDGE_LOOP('',(#922));
#2478=EDGE_LOOP('',(#923));
#2479=EDGE_LOOP('',(#924));
#2480=EDGE_LOOP('',(#925));
#2481=EDGE_LOOP('',(#926));
#2482=EDGE_LOOP('',(#927));
#2483=EDGE_LOOP('',(#928));
#2484=EDGE_LOOP('',(#929));
#2485=EDGE_LOOP('',(#930));
#2486=EDGE_LOOP('',(#931));
#2487=EDGE_LOOP('',(#932));
#2488=EDGE_LOOP('',(#933));
#2489=EDGE_LOOP('',(#934));
#2490=EDGE_LOOP('',(#935));
#2491=EDGE_LOOP('',(#936));
#2492=EDGE_LOOP('',(#937));
#2493=EDGE_LOOP('',(#938));
#2494=EDGE_LOOP('',(#939,#940,#941,#942));
#2495=EDGE_LOOP('',(#943,#944,#945,#946));
#2496=EDGE_LOOP('',(#947,#948,#949,#950));
#2497=EDGE_LOOP('',(#951,#952,#953,#954));
#2498=EDGE_LOOP('',(#955,#956,#957,#958));
#2499=EDGE_LOOP('',(#959,#960,#961,#962,#963,#964));
#2500=EDGE_LOOP('',(#965,#966,#967,#968));
#2501=EDGE_LOOP('',(#969,#970,#971,#972));
#2502=EDGE_LOOP('',(#973,#974,#975,#976));
#2503=EDGE_LOOP('',(#977,#978,#979,#980));
#2504=EDGE_LOOP('',(#981,#982,#983,#984));
#2505=EDGE_LOOP('',(#985,#986,#987,#988));
#2506=EDGE_LOOP('',(#989));
#2507=EDGE_LOOP('',(#990));
#2508=EDGE_LOOP('',(#991,#992,#993,#994));
#2509=EDGE_LOOP('',(#995,#996,#997,#998,#999,#1000,#1001,#1002));
#2510=EDGE_LOOP('',(#1003));
#2511=EDGE_LOOP('',(#1004));
#2512=EDGE_LOOP('',(#1005,#1006,#1007,#1008,#1009,#1010));
#2513=EDGE_LOOP('',(#1011,#1012,#1013,#1014,#1015,#1016,#1017,#1018,#1019,
#1020,#1021,#1022));
#2514=EDGE_LOOP('',(#1023));
#2515=EDGE_LOOP('',(#1024));
#2516=EDGE_LOOP('',(#1025,#1026,#1027,#1028,#1029,#1030));
#2517=EDGE_LOOP('',(#1031,#1032,#1033,#1034,#1035,#1036,#1037,#1038,#1039,
#1040,#1041,#1042));
#2518=EDGE_LOOP('',(#1043));
#2519=EDGE_LOOP('',(#1044));
#2520=EDGE_LOOP('',(#1045,#1046,#1047,#1048));
#2521=EDGE_LOOP('',(#1049,#1050,#1051,#1052));
#2522=EDGE_LOOP('',(#1053,#1054,#1055,#1056));
#2523=EDGE_LOOP('',(#1057,#1058,#1059,#1060));
#2524=EDGE_LOOP('',(#1061,#1062,#1063,#1064));
#2525=EDGE_LOOP('',(#1065,#1066,#1067,#1068));
#2526=EDGE_LOOP('',(#1069,#1070,#1071,#1072));
#2527=EDGE_LOOP('',(#1073,#1074,#1075,#1076));
#2528=EDGE_LOOP('',(#1077,#1078,#1079,#1080));
#2529=EDGE_LOOP('',(#1081,#1082,#1083,#1084));
#2530=EDGE_LOOP('',(#1085,#1086,#1087,#1088));
#2531=EDGE_LOOP('',(#1089,#1090,#1091,#1092));
#2532=EDGE_LOOP('',(#1093,#1094,#1095,#1096));
#2533=EDGE_LOOP('',(#1097,#1098,#1099,#1100));
#2534=EDGE_LOOP('',(#1101,#1102,#1103,#1104));
#2535=EDGE_LOOP('',(#1105,#1106,#1107,#1108));
#2536=EDGE_LOOP('',(#1109,#1110,#1111,#1112));
#2537=EDGE_LOOP('',(#1113,#1114,#1115,#1116));
#2538=EDGE_LOOP('',(#1117,#1118,#1119));
#2539=EDGE_LOOP('',(#1120,#1121,#1122));
#2540=EDGE_LOOP('',(#1123,#1124,#1125,#1126));
#2541=EDGE_LOOP('',(#1127,#1128,#1129,#1130));
#2542=EDGE_LOOP('',(#1131,#1132,#1133,#1134));
#2543=EDGE_LOOP('',(#1135,#1136,#1137,#1138));
#2544=EDGE_LOOP('',(#1139,#1140,#1141,#1142));
#2545=EDGE_LOOP('',(#1143,#1144,#1145,#1146));
#2546=EDGE_LOOP('',(#1147,#1148,#1149));
#2547=EDGE_LOOP('',(#1150,#1151,#1152));
#2548=EDGE_LOOP('',(#1153,#1154,#1155,#1156));
#2549=EDGE_LOOP('',(#1157,#1158,#1159,#1160));
#2550=EDGE_LOOP('',(#1161,#1162,#1163,#1164));
#2551=EDGE_LOOP('',(#1165,#1166,#1167,#1168));
#2552=EDGE_LOOP('',(#1169,#1170,#1171,#1172));
#2553=EDGE_LOOP('',(#1173,#1174,#1175,#1176));
#2554=EDGE_LOOP('',(#1177,#1178,#1179,#1180));
#2555=EDGE_LOOP('',(#1181,#1182,#1183,#1184));
#2556=EDGE_LOOP('',(#1185,#1186,#1187,#1188));
#2557=EDGE_LOOP('',(#1189,#1190,#1191,#1192));
#2558=EDGE_LOOP('',(#1193,#1194,#1195,#1196));
#2559=EDGE_LOOP('',(#1197,#1198,#1199,#1200));
#2560=EDGE_LOOP('',(#1201,#1202,#1203,#1204));
#2561=EDGE_LOOP('',(#1205,#1206,#1207,#1208));
#2562=EDGE_LOOP('',(#1209,#1210,#1211,#1212));
#2563=FACE_BOUND('',#2347,.T.);
#2564=FACE_BOUND('',#2348,.T.);
#2565=FACE_BOUND('',#2349,.T.);
#2566=FACE_BOUND('',#2350,.T.);
#2567=FACE_BOUND('',#2351,.T.);
#2568=FACE_BOUND('',#2352,.T.);
#2569=FACE_BOUND('',#2353,.T.);
#2570=FACE_BOUND('',#2354,.T.);
#2571=FACE_BOUND('',#2355,.T.);
#2572=FACE_BOUND('',#2356,.T.);
#2573=FACE_BOUND('',#2357,.T.);
#2574=FACE_BOUND('',#2358,.T.);
#2575=FACE_BOUND('',#2359,.T.);
#2576=FACE_BOUND('',#2360,.T.);
#2577=FACE_BOUND('',#2361,.T.);
#2578=FACE_BOUND('',#2362,.T.);
#2579=FACE_BOUND('',#2363,.T.);
#2580=FACE_BOUND('',#2364,.T.);
#2581=FACE_BOUND('',#2365,.T.);
#2582=FACE_BOUND('',#2366,.T.);
#2583=FACE_BOUND('',#2367,.T.);
#2584=FACE_BOUND('',#2368,.T.);
#2585=FACE_BOUND('',#2369,.T.);
#2586=FACE_BOUND('',#2370,.T.);
#2587=FACE_BOUND('',#2371,.T.);
#2588=FACE_BOUND('',#2372,.T.);
#2589=FACE_BOUND('',#2373,.T.);
#2590=FACE_BOUND('',#2374,.T.);
#2591=FACE_BOUND('',#2375,.T.);
#2592=FACE_BOUND('',#2376,.T.);
#2593=FACE_BOUND('',#2377,.T.);
#2594=FACE_BOUND('',#2378,.T.);
#2595=FACE_BOUND('',#2379,.T.);
#2596=FACE_BOUND('',#2380,.T.);
#2597=FACE_BOUND('',#2381,.T.);
#2598=FACE_BOUND('',#2382,.T.);
#2599=FACE_BOUND('',#2383,.T.);
#2600=FACE_BOUND('',#2384,.T.);
#2601=FACE_BOUND('',#2385,.T.);
#2602=FACE_BOUND('',#2386,.T.);
#2603=FACE_BOUND('',#2387,.T.);
#2604=FACE_BOUND('',#2388,.T.);
#2605=FACE_BOUND('',#2389,.T.);
#2606=FACE_BOUND('',#2390,.T.);
#2607=FACE_BOUND('',#2391,.T.);
#2608=FACE_BOUND('',#2392,.T.);
#2609=FACE_BOUND('',#2393,.T.);
#2610=FACE_BOUND('',#2394,.T.);
#2611=FACE_BOUND('',#2395,.T.);
#2612=FACE_BOUND('',#2396,.T.);
#2613=FACE_BOUND('',#2397,.T.);
#2614=FACE_BOUND('',#2398,.T.);
#2615=FACE_BOUND('',#2399,.T.);
#2616=FACE_BOUND('',#2400,.T.);
#2617=FACE_BOUND('',#2401,.T.);
#2618=FACE_BOUND('',#2402,.T.);
#2619=FACE_BOUND('',#2403,.T.);
#2620=FACE_BOUND('',#2404,.T.);
#2621=FACE_BOUND('',#2405,.T.);
#2622=FACE_BOUND('',#2406,.T.);
#2623=FACE_BOUND('',#2407,.T.);
#2624=FACE_BOUND('',#2408,.T.);
#2625=FACE_BOUND('',#2409,.T.);
#2626=FACE_BOUND('',#2410,.T.);
#2627=FACE_BOUND('',#2411,.T.);
#2628=FACE_BOUND('',#2412,.T.);
#2629=FACE_BOUND('',#2413,.T.);
#2630=FACE_BOUND('',#2414,.T.);
#2631=FACE_BOUND('',#2415,.T.);
#2632=FACE_BOUND('',#2416,.T.);
#2633=FACE_BOUND('',#2417,.T.);
#2634=FACE_BOUND('',#2418,.T.);
#2635=FACE_BOUND('',#2419,.T.);
#2636=FACE_BOUND('',#2420,.T.);
#2637=FACE_BOUND('',#2421,.T.);
#2638=FACE_BOUND('',#2422,.T.);
#2639=FACE_BOUND('',#2423,.T.);
#2640=FACE_BOUND('',#2424,.T.);
#2641=FACE_BOUND('',#2425,.T.);
#2642=FACE_BOUND('',#2426,.T.);
#2643=FACE_BOUND('',#2427,.T.);
#2644=FACE_BOUND('',#2428,.T.);
#2645=FACE_BOUND('',#2429,.T.);
#2646=FACE_BOUND('',#2430,.T.);
#2647=FACE_BOUND('',#2431,.T.);
#2648=FACE_BOUND('',#2432,.T.);
#2649=FACE_BOUND('',#2433,.T.);
#2650=FACE_BOUND('',#2434,.T.);
#2651=FACE_BOUND('',#2435,.T.);
#2652=FACE_BOUND('',#2436,.T.);
#2653=FACE_BOUND('',#2437,.T.);
#2654=FACE_BOUND('',#2438,.T.);
#2655=FACE_BOUND('',#2439,.T.);
#2656=FACE_BOUND('',#2440,.T.);
#2657=FACE_BOUND('',#2441,.T.);
#2658=FACE_BOUND('',#2442,.T.);
#2659=FACE_BOUND('',#2443,.T.);
#2660=FACE_BOUND('',#2444,.T.);
#2661=FACE_BOUND('',#2445,.T.);
#2662=FACE_BOUND('',#2446,.T.);
#2663=FACE_BOUND('',#2447,.T.);
#2664=FACE_BOUND('',#2448,.T.);
#2665=FACE_BOUND('',#2449,.T.);
#2666=FACE_BOUND('',#2450,.T.);
#2667=FACE_BOUND('',#2451,.T.);
#2668=FACE_BOUND('',#2452,.T.);
#2669=FACE_BOUND('',#2453,.T.);
#2670=FACE_BOUND('',#2454,.T.);
#2671=FACE_BOUND('',#2455,.T.);
#2672=FACE_BOUND('',#2456,.T.);
#2673=FACE_BOUND('',#2457,.T.);
#2674=FACE_BOUND('',#2458,.T.);
#2675=FACE_BOUND('',#2459,.T.);
#2676=FACE_BOUND('',#2460,.T.);
#2677=FACE_BOUND('',#2461,.T.);
#2678=FACE_BOUND('',#2462,.T.);
#2679=FACE_BOUND('',#2463,.T.);
#2680=FACE_BOUND('',#2464,.T.);
#2681=FACE_BOUND('',#2465,.T.);
#2682=FACE_BOUND('',#2466,.T.);
#2683=FACE_BOUND('',#2467,.T.);
#2684=FACE_BOUND('',#2468,.T.);
#2685=FACE_BOUND('',#2469,.T.);
#2686=FACE_BOUND('',#2470,.T.);
#2687=FACE_BOUND('',#2471,.T.);
#2688=FACE_BOUND('',#2472,.T.);
#2689=FACE_BOUND('',#2473,.T.);
#2690=FACE_BOUND('',#2474,.T.);
#2691=FACE_BOUND('',#2475,.T.);
#2692=FACE_BOUND('',#2476,.T.);
#2693=FACE_BOUND('',#2477,.T.);
#2694=FACE_BOUND('',#2478,.T.);
#2695=FACE_BOUND('',#2479,.T.);
#2696=FACE_BOUND('',#2480,.T.);
#2697=FACE_BOUND('',#2481,.T.);
#2698=FACE_BOUND('',#2482,.T.);
#2699=FACE_BOUND('',#2483,.T.);
#2700=FACE_BOUND('',#2484,.T.);
#2701=FACE_BOUND('',#2485,.T.);
#2702=FACE_BOUND('',#2486,.T.);
#2703=FACE_BOUND('',#2487,.T.);
#2704=FACE_BOUND('',#2488,.T.);
#2705=FACE_BOUND('',#2489,.T.);
#2706=FACE_BOUND('',#2490,.T.);
#2707=FACE_BOUND('',#2491,.T.);
#2708=FACE_BOUND('',#2492,.T.);
#2709=FACE_BOUND('',#2493,.T.);
#2710=FACE_BOUND('',#2494,.T.);
#2711=FACE_BOUND('',#2495,.T.);
#2712=FACE_BOUND('',#2496,.T.);
#2713=FACE_BOUND('',#2497,.T.);
#2714=FACE_BOUND('',#2498,.T.);
#2715=FACE_BOUND('',#2499,.T.);
#2716=FACE_BOUND('',#2500,.T.);
#2717=FACE_BOUND('',#2501,.T.);
#2718=FACE_BOUND('',#2502,.T.);
#2719=FACE_BOUND('',#2503,.T.);
#2720=FACE_BOUND('',#2504,.T.);
#2721=FACE_BOUND('',#2505,.T.);
#2722=FACE_BOUND('',#2506,.T.);
#2723=FACE_BOUND('',#2507,.T.);
#2724=FACE_BOUND('',#2508,.T.);
#2725=FACE_BOUND('',#2509,.T.);
#2726=FACE_BOUND('',#2510,.T.);
#2727=FACE_BOUND('',#2511,.T.);
#2728=FACE_BOUND('',#2512,.T.);
#2729=FACE_BOUND('',#2513,.T.);
#2730=FACE_BOUND('',#2514,.T.);
#2731=FACE_BOUND('',#2515,.T.);
#2732=FACE_BOUND('',#2516,.T.);
#2733=FACE_BOUND('',#2517,.T.);
#2734=FACE_BOUND('',#2518,.T.);
#2735=FACE_BOUND('',#2519,.T.);
#2736=FACE_BOUND('',#2520,.T.);
#2737=FACE_BOUND('',#2521,.T.);
#2738=FACE_BOUND('',#2522,.T.);
#2739=FACE_BOUND('',#2523,.T.);
#2740=FACE_BOUND('',#2524,.T.);
#2741=FACE_BOUND('',#2525,.T.);
#2742=FACE_BOUND('',#2526,.T.);
#2743=FACE_BOUND('',#2527,.T.);
#2744=FACE_BOUND('',#2528,.T.);
#2745=FACE_BOUND('',#2529,.T.);
#2746=FACE_BOUND('',#2530,.T.);
#2747=FACE_BOUND('',#2531,.T.);
#2748=FACE_BOUND('',#2532,.T.);
#2749=FACE_BOUND('',#2533,.T.);
#2750=FACE_BOUND('',#2534,.T.);
#2751=FACE_BOUND('',#2535,.T.);
#2752=FACE_BOUND('',#2536,.T.);
#2753=FACE_BOUND('',#2537,.T.);
#2754=FACE_BOUND('',#2538,.T.);
#2755=FACE_BOUND('',#2539,.T.);
#2756=FACE_BOUND('',#2540,.T.);
#2757=FACE_BOUND('',#2541,.T.);
#2758=FACE_BOUND('',#2542,.T.);
#2759=FACE_BOUND('',#2543,.T.);
#2760=FACE_BOUND('',#2544,.T.);
#2761=FACE_BOUND('',#2545,.T.);
#2762=FACE_BOUND('',#2546,.T.);
#2763=FACE_BOUND('',#2547,.T.);
#2764=FACE_BOUND('',#2548,.T.);
#2765=FACE_BOUND('',#2549,.T.);
#2766=FACE_BOUND('',#2550,.T.);
#2767=FACE_BOUND('',#2551,.T.);
#2768=FACE_BOUND('',#2552,.T.);
#2769=FACE_BOUND('',#2553,.T.);
#2770=FACE_BOUND('',#2554,.T.);
#2771=FACE_BOUND('',#2555,.T.);
#2772=FACE_BOUND('',#2556,.T.);
#2773=FACE_BOUND('',#2557,.T.);
#2774=FACE_BOUND('',#2558,.T.);
#2775=FACE_BOUND('',#2559,.T.);
#2776=FACE_BOUND('',#2560,.T.);
#2777=FACE_BOUND('',#2561,.T.);
#2778=FACE_BOUND('',#2562,.T.);
#2779=PLANE('',#3152);
#2780=PLANE('',#3153);
#2781=PLANE('',#3154);
#2782=PLANE('',#3155);
#2783=PLANE('',#3156);
#2784=PLANE('',#3157);
#2785=PLANE('',#3161);
#2786=PLANE('',#3162);
#2787=PLANE('',#3163);
#2788=PLANE('',#3164);
#2789=PLANE('',#3165);
#2790=PLANE('',#3166);
#2791=PLANE('',#3167);
#2792=PLANE('',#3171);
#2793=PLANE('',#3172);
#2794=PLANE('',#3173);
#2795=PLANE('',#3174);
#2796=PLANE('',#3178);
#2797=PLANE('',#3180);
#2798=PLANE('',#3181);
#2799=PLANE('',#3182);
#2800=PLANE('',#3184);
#2801=PLANE('',#3187);
#2802=PLANE('',#3190);
#2803=PLANE('',#3191);
#2804=PLANE('',#3195);
#2805=PLANE('',#3197);
#2806=PLANE('',#3201);
#2807=PLANE('',#3202);
#2808=PLANE('',#3203);
#2809=PLANE('',#3204);
#2810=PLANE('',#3205);
#2811=PLANE('',#3206);
#2812=PLANE('',#3207);
#2813=PLANE('',#3210);
#2814=PLANE('',#3211);
#2815=PLANE('',#3212);
#2816=PLANE('',#3215);
#2817=PLANE('',#3217);
#2818=PLANE('',#3219);
#2819=PLANE('',#3220);
#2820=PLANE('',#3223);
#2821=PLANE('',#3227);
#2822=PLANE('',#3230);
#2823=PLANE('',#3233);
#2824=PLANE('',#3234);
#2825=PLANE('',#3235);
#2826=PLANE('',#3237);
#2827=PLANE('',#3238);
#2828=PLANE('',#3239);
#2829=PLANE('',#3242);
#2830=PLANE('',#3244);
#2831=PLANE('',#3272);
#2832=PLANE('',#3273);
#2833=PLANE('',#3274);
#2834=PLANE('',#3277);
#2835=PLANE('',#3281);
#2836=PLANE('',#3285);
#2837=PLANE('',#3286);
#2838=PLANE('',#3307);
#2839=PLANE('',#3311);
#2840=PLANE('',#3315);
#2841=PLANE('',#3316);
#2842=PLANE('',#3325);
#2843=PLANE('',#3326);
#2844=PLANE('',#3334);
#2845=PLANE('',#3336);
#2846=PLANE('',#3337);
#2847=PLANE('',#3340);
#2848=PLANE('',#3351);
#2849=PLANE('',#3353);
#2850=PLANE('',#3354);
#2851=PLANE('',#3357);
#2852=PLANE('',#3374);
#2853=PLANE('',#3375);
#2854=PLANE('',#3376);
#2855=PLANE('',#3377);
#2856=PLANE('',#3378);
#2857=PLANE('',#3379);
#2858=PLANE('',#3382);
#2859=PLANE('',#3383);
#2860=PLANE('',#3384);
#2861=PLANE('',#3385);
#2862=PLANE('',#3386);
#2863=PLANE('',#3393);
#2864=PLANE('',#3399);
#2865=PLANE('',#3405);
#2866=ADVANCED_FACE('',(#2563),#2779,.T.);
#2867=ADVANCED_FACE('',(#2564),#2780,.F.);
#2868=ADVANCED_FACE('',(#2565),#2781,.T.);
#2869=ADVANCED_FACE('',(#2566),#2782,.F.);
#2870=ADVANCED_FACE('',(#2567),#2783,.F.);
#2871=ADVANCED_FACE('',(#2568),#2784,.F.);
#2872=ADVANCED_FACE('',(#2569),#337,.F.);
#2873=ADVANCED_FACE('',(#2570),#2785,.T.);
#2874=ADVANCED_FACE('',(#2571),#2786,.F.);
#2875=ADVANCED_FACE('',(#2572),#2787,.F.);
#2876=ADVANCED_FACE('',(#2573),#2788,.T.);
#2877=ADVANCED_FACE('',(#2574),#2789,.F.);
#2878=ADVANCED_FACE('',(#2575),#2790,.F.);
#2879=ADVANCED_FACE('',(#2576),#2791,.F.);
#2880=ADVANCED_FACE('',(#2577),#338,.F.);
#2881=ADVANCED_FACE('',(#2578),#2792,.T.);
#2882=ADVANCED_FACE('',(#2579),#2793,.F.);
#2883=ADVANCED_FACE('',(#2580),#2794,.T.);
#2884=ADVANCED_FACE('',(#2581),#2795,.T.);
#2885=ADVANCED_FACE('',(#2582),#2796,.T.);
#2886=ADVANCED_FACE('',(#2583),#2797,.F.);
#2887=ADVANCED_FACE('',(#2584),#2798,.T.);
#2888=ADVANCED_FACE('',(#2585),#2799,.T.);
#2889=ADVANCED_FACE('',(#2586),#2800,.F.);
#2890=ADVANCED_FACE('',(#2587),#339,.T.);
#2891=ADVANCED_FACE('',(#2588),#2801,.T.);
#2892=ADVANCED_FACE('',(#2589),#340,.T.);
#2893=ADVANCED_FACE('',(#2590),#2802,.F.);
#2894=ADVANCED_FACE('',(#2591,#2592),#2803,.T.);
#2895=ADVANCED_FACE('',(#2593,#2594),#341,.T.);
#2896=ADVANCED_FACE('',(#2595),#2804,.T.);
#2897=ADVANCED_FACE('',(#2596),#2805,.T.);
#2898=ADVANCED_FACE('',(#2597),#2806,.T.);
#2899=ADVANCED_FACE('',(#2598),#2807,.T.);
#2900=ADVANCED_FACE('',(#2599),#2808,.T.);
#2901=ADVANCED_FACE('',(#2600),#2809,.T.);
#2902=ADVANCED_FACE('',(#2601),#2810,.T.);
#2903=ADVANCED_FACE('',(#2602),#2811,.T.);
#2904=ADVANCED_FACE('',(#2603,#2604),#2812,.T.);
#2905=ADVANCED_FACE('',(#2605),#2813,.T.);
#2906=ADVANCED_FACE('',(#2606),#2814,.F.);
#2907=ADVANCED_FACE('',(#2607),#2815,.T.);
#2908=ADVANCED_FACE('',(#2608),#342,.F.);
#2909=ADVANCED_FACE('',(#2609),#2816,.F.);
#2910=ADVANCED_FACE('',(#2610),#343,.F.);
#2911=ADVANCED_FACE('',(#2611),#2817,.T.);
#2912=ADVANCED_FACE('',(#2612),#2818,.T.);
#2913=ADVANCED_FACE('',(#2613),#2819,.T.);
#2914=ADVANCED_FACE('',(#2614),#2820,.T.);
#2915=ADVANCED_FACE('',(#2615),#2821,.T.);
#2916=ADVANCED_FACE('',(#2616),#2822,.T.);
#2917=ADVANCED_FACE('',(#2617),#2823,.T.);
#2918=ADVANCED_FACE('',(#2618),#2824,.T.);
#2919=ADVANCED_FACE('',(#2619),#2825,.T.);
#2920=ADVANCED_FACE('',(#2620),#2826,.T.);
#2921=ADVANCED_FACE('',(#2621),#2827,.F.);
#2922=ADVANCED_FACE('',(#2622),#2828,.T.);
#2923=ADVANCED_FACE('',(#2623),#344,.F.);
#2924=ADVANCED_FACE('',(#2624),#2829,.F.);
#2925=ADVANCED_FACE('',(#2625),#345,.F.);
#2926=ADVANCED_FACE('',(#2626),#2830,.T.);
#2927=ADVANCED_FACE('',(#2627),#43,.T.);
#2928=ADVANCED_FACE('',(#2628),#346,.T.);
#2929=ADVANCED_FACE('',(#2629),#347,.T.);
#2930=ADVANCED_FACE('',(#2630),#348,.T.);
#2931=ADVANCED_FACE('',(#2631),#44,.T.);
#2932=ADVANCED_FACE('',(#2632),#349,.T.);
#2933=ADVANCED_FACE('',(#2633),#350,.T.);
#2934=ADVANCED_FACE('',(#2634),#351,.T.);
#2935=ADVANCED_FACE('',(#2635),#352,.T.);
#2936=ADVANCED_FACE('',(#2636),#353,.T.);
#2937=ADVANCED_FACE('',(#2637),#45,.T.);
#2938=ADVANCED_FACE('',(#2638),#354,.T.);
#2939=ADVANCED_FACE('',(#2639),#355,.T.);
#2940=ADVANCED_FACE('',(#2640),#2831,.T.);
#2941=ADVANCED_FACE('',(#2641),#2832,.F.);
#2942=ADVANCED_FACE('',(#2642),#2833,.F.);
#2943=ADVANCED_FACE('',(#2643),#2834,.F.);
#2944=ADVANCED_FACE('',(#2644,#2645),#356,.F.);
#2945=ADVANCED_FACE('',(#2646),#2835,.T.);
#2946=ADVANCED_FACE('',(#2647,#2648),#357,.F.);
#2947=ADVANCED_FACE('',(#2649,#2650,#2651),#2836,.T.);
#2948=ADVANCED_FACE('',(#2652,#2653,#2654),#2837,.F.);
#2949=ADVANCED_FACE('',(#2655),#358,.T.);
#2950=ADVANCED_FACE('',(#2656),#359,.T.);
#2951=ADVANCED_FACE('',(#2657),#46,.T.);
#2952=ADVANCED_FACE('',(#2658),#47,.T.);
#2953=ADVANCED_FACE('',(#2659),#360,.T.);
#2954=ADVANCED_FACE('',(#2660),#361,.T.);
#2955=ADVANCED_FACE('',(#2661),#21,.T.);
#2956=ADVANCED_FACE('',(#2662),#22,.T.);
#2957=ADVANCED_FACE('',(#2663),#23,.T.);
#2958=ADVANCED_FACE('',(#2664),#362,.T.);
#2959=ADVANCED_FACE('',(#2665),#24,.T.);
#2960=ADVANCED_FACE('',(#2666),#48,.T.);
#2961=ADVANCED_FACE('',(#2667),#363,.T.);
#2962=ADVANCED_FACE('',(#2668),#364,.T.);
#2963=ADVANCED_FACE('',(#2669),#2838,.F.);
#2964=ADVANCED_FACE('',(#2670),#365,.T.);
#2965=ADVANCED_FACE('',(#2671),#2839,.T.);
#2966=ADVANCED_FACE('',(#2672,#2673),#366,.F.);
#2967=ADVANCED_FACE('',(#2674,#2675),#2840,.T.);
#2968=ADVANCED_FACE('',(#2676,#2677),#2841,.F.);
#2969=ADVANCED_FACE('',(#2678,#2679),#367,.F.);
#2970=ADVANCED_FACE('',(#2680,#2681),#368,.T.);
#2971=ADVANCED_FACE('',(#2682,#2683),#2842,.T.);
#2972=ADVANCED_FACE('',(#2684,#2685),#2843,.F.);
#2973=ADVANCED_FACE('',(#2686,#2687),#369,.F.);
#2974=ADVANCED_FACE('',(#2688,#2689),#370,.T.);
#2975=ADVANCED_FACE('',(#2690,#2691),#2844,.T.);
#2976=ADVANCED_FACE('',(#2692,#2693),#2845,.F.);
#2977=ADVANCED_FACE('',(#2694),#2846,.T.);
#2978=ADVANCED_FACE('',(#2695,#2696),#371,.T.);
#2979=ADVANCED_FACE('',(#2697),#2847,.F.);
#2980=ADVANCED_FACE('',(#2698,#2699),#372,.F.);
#2981=ADVANCED_FACE('',(#2700,#2701),#373,.T.);
#2982=ADVANCED_FACE('',(#2702,#2703),#2848,.T.);
#2983=ADVANCED_FACE('',(#2704,#2705),#2849,.F.);
#2984=ADVANCED_FACE('',(#2706),#2850,.T.);
#2985=ADVANCED_FACE('',(#2707,#2708),#374,.T.);
#2986=ADVANCED_FACE('',(#2709),#2851,.F.);
#2987=ADVANCED_FACE('',(#2710),#2852,.T.);
#2988=ADVANCED_FACE('',(#2711),#2853,.F.);
#2989=ADVANCED_FACE('',(#2712),#2854,.T.);
#2990=ADVANCED_FACE('',(#2713),#2855,.F.);
#2991=ADVANCED_FACE('',(#2714),#2856,.T.);
#2992=ADVANCED_FACE('',(#2715),#2857,.T.);
#2993=ADVANCED_FACE('',(#2716),#2858,.T.);
#2994=ADVANCED_FACE('',(#2717),#2859,.F.);
#2995=ADVANCED_FACE('',(#2718),#2860,.F.);
#2996=ADVANCED_FACE('',(#2719),#2861,.T.);
#2997=ADVANCED_FACE('',(#2720),#2862,.F.);
#2998=ADVANCED_FACE('',(#2721),#375,.T.);
#2999=ADVANCED_FACE('',(#2722,#2723),#376,.F.);
#3000=ADVANCED_FACE('',(#2724),#20,.F.);
#3001=ADVANCED_FACE('',(#2725),#2863,.T.);
#3002=ADVANCED_FACE('',(#2726,#2727),#377,.F.);
#3003=ADVANCED_FACE('',(#2728,#2729,#2730,#2731),#2864,.T.);
#3004=ADVANCED_FACE('',(#2732,#2733,#2734,#2735),#2865,.F.);
#3005=ADVANCED_FACE('',(#2736),#10,.T.);
#3006=ADVANCED_FACE('',(#2737),#378,.T.);
#3007=ADVANCED_FACE('',(#2738),#25,.T.);
#3008=ADVANCED_FACE('',(#2739),#379,.T.);
#3009=ADVANCED_FACE('',(#2740),#380,.F.);
#3010=ADVANCED_FACE('',(#2741),#11,.T.);
#3011=ADVANCED_FACE('',(#2742),#12,.T.);
#3012=ADVANCED_FACE('',(#2743),#13,.T.);
#3013=ADVANCED_FACE('',(#2744),#381,.T.);
#3014=ADVANCED_FACE('',(#2745),#382,.F.);
#3015=ADVANCED_FACE('',(#2746),#383,.F.);
#3016=ADVANCED_FACE('',(#2747),#384,.T.);
#3017=ADVANCED_FACE('',(#2748),#14,.T.);
#3018=ADVANCED_FACE('',(#2749),#15,.T.);
#3019=ADVANCED_FACE('',(#2750),#26,.T.);
#3020=ADVANCED_FACE('',(#2751),#16,.T.);
#3021=ADVANCED_FACE('',(#2752),#385,.T.);
#3022=ADVANCED_FACE('',(#2753),#17,.T.);
#3023=ADVANCED_FACE('',(#2754),#49,.T.);
#3024=ADVANCED_FACE('',(#2755),#50,.T.);
#3025=ADVANCED_FACE('',(#2756),#386,.T.);
#3026=ADVANCED_FACE('',(#2757),#387,.T.);
#3027=ADVANCED_FACE('',(#2758),#388,.T.);
#3028=ADVANCED_FACE('',(#2759),#389,.T.);
#3029=ADVANCED_FACE('',(#2760),#390,.T.);
#3030=ADVANCED_FACE('',(#2761),#391,.T.);
#3031=ADVANCED_FACE('',(#2762),#51,.T.);
#3032=ADVANCED_FACE('',(#2763),#52,.T.);
#3033=ADVANCED_FACE('',(#2764),#392,.T.);
#3034=ADVANCED_FACE('',(#2765),#393,.T.);
#3035=ADVANCED_FACE('',(#2766),#394,.T.);
#3036=ADVANCED_FACE('',(#2767),#395,.T.);
#3037=ADVANCED_FACE('',(#2768),#18,.T.);
#3038=ADVANCED_FACE('',(#2769),#19,.T.);
#3039=ADVANCED_FACE('',(#2770),#396,.F.);
#3040=ADVANCED_FACE('',(#2771),#27,.T.);
#3041=ADVANCED_FACE('',(#2772),#397,.T.);
#3042=ADVANCED_FACE('',(#2773),#398,.T.);
#3043=ADVANCED_FACE('',(#2774),#28,.T.);
#3044=ADVANCED_FACE('',(#2775),#29,.T.);
#3045=ADVANCED_FACE('',(#2776),#399,.T.);
#3046=ADVANCED_FACE('',(#2777),#400,.T.);
#3047=ADVANCED_FACE('',(#2778),#30,.T.);
#3048=CLOSED_SHELL('',(#2866,#2867,#2868,#2869,#2870,#2871,#2872,#2873,
#2874,#2875,#2876,#2877,#2878,#2879,#2880,#2881,#2882,#2883,#2884,#2885,
#2886,#2887,#2888,#2889,#2890,#2891,#2892,#2893,#2894,#2895,#2896));
#3049=CLOSED_SHELL('',(#2897,#2898,#2899,#2900,#2901,#2902,#2903,#2904,
#2905,#2906,#2907,#2908,#2909,#2910,#2911));
#3050=CLOSED_SHELL('',(#2912,#2913,#2914,#2915,#2916,#2917,#2918,#2919,
#2920,#2921,#2922,#2923,#2924,#2925,#2926,#2927,#2928,#2929,#2930,#2931,
#2932,#2933,#2934,#2935,#2936,#2937,#2938,#2939,#2940,#2941,#2942,#2943,
#2944,#2945,#2946,#2947,#2948,#2949,#2950,#2951,#2952,#2953,#2954,#2955,
#2956,#2957,#2958,#2959,#2960,#2961));
#3051=CLOSED_SHELL('',(#2962,#2963,#2964,#2965,#2966,#2967,#2968));
#3052=CLOSED_SHELL('',(#2969,#2970,#2971,#2972));
#3053=CLOSED_SHELL('',(#2973,#2974,#2975,#2976,#2977,#2978,#2979));
#3054=CLOSED_SHELL('',(#2980,#2981,#2982,#2983,#2984,#2985,#2986));
#3055=CLOSED_SHELL('',(#2987,#2988,#2989,#2990,#2991,#2992,#2993,#2994,
#2995,#2996,#2997,#2998,#2999,#3000,#3001,#3002,#3003,#3004,#3005,#3006,
#3007,#3008,#3009,#3010,#3011,#3012,#3013,#3014,#3015,#3016,#3017,#3018,
#3019,#3020,#3021,#3022,#3023,#3024,#3025,#3026,#3027,#3028,#3029,#3030,
#3031,#3032,#3033,#3034,#3035,#3036,#3037,#3038,#3039,#3040,#3041,#3042,
#3043,#3044,#3045,#3046,#3047));
#3056=STYLED_ITEM('',(#3064),#3113);
#3057=STYLED_ITEM('',(#3065),#3114);
#3058=STYLED_ITEM('',(#3066),#3115);
#3059=STYLED_ITEM('',(#3067),#3116);
#3060=STYLED_ITEM('',(#3068),#3117);
#3061=STYLED_ITEM('',(#3069),#3118);
#3062=STYLED_ITEM('',(#3070),#3119);
#3063=STYLED_ITEM('',(#3071),#3120);
#3064=PRESENTATION_STYLE_ASSIGNMENT((#3072));
#3065=PRESENTATION_STYLE_ASSIGNMENT((#3073));
#3066=PRESENTATION_STYLE_ASSIGNMENT((#3074));
#3067=PRESENTATION_STYLE_ASSIGNMENT((#3075));
#3068=PRESENTATION_STYLE_ASSIGNMENT((#3076));
#3069=PRESENTATION_STYLE_ASSIGNMENT((#3077));
#3070=PRESENTATION_STYLE_ASSIGNMENT((#3078));
#3071=PRESENTATION_STYLE_ASSIGNMENT((#3079));
#3072=SURFACE_STYLE_USAGE(.BOTH.,#3080);
#3073=SURFACE_STYLE_USAGE(.BOTH.,#3081);
#3074=SURFACE_STYLE_USAGE(.BOTH.,#3082);
#3075=SURFACE_STYLE_USAGE(.BOTH.,#3083);
#3076=SURFACE_STYLE_USAGE(.BOTH.,#3084);
#3077=SURFACE_STYLE_USAGE(.BOTH.,#3085);
#3078=SURFACE_STYLE_USAGE(.BOTH.,#3086);
#3079=SURFACE_STYLE_USAGE(.BOTH.,#3087);
#3080=SURFACE_SIDE_STYLE('',(#3088));
#3081=SURFACE_SIDE_STYLE('',(#3089));
#3082=SURFACE_SIDE_STYLE('',(#3090));
#3083=SURFACE_SIDE_STYLE('',(#3091));
#3084=SURFACE_SIDE_STYLE('',(#3092));
#3085=SURFACE_SIDE_STYLE('',(#3093));
#3086=SURFACE_SIDE_STYLE('',(#3094));
#3087=SURFACE_SIDE_STYLE('',(#3095));
#3088=SURFACE_STYLE_FILL_AREA(#3096);
#3089=SURFACE_STYLE_FILL_AREA(#3097);
#3090=SURFACE_STYLE_FILL_AREA(#3098);
#3091=SURFACE_STYLE_FILL_AREA(#3099);
#3092=SURFACE_STYLE_FILL_AREA(#3100);
#3093=SURFACE_STYLE_FILL_AREA(#3101);
#3094=SURFACE_STYLE_FILL_AREA(#3102);
#3095=SURFACE_STYLE_FILL_AREA(#3103);
#3096=FILL_AREA_STYLE('',(#3104));
#3097=FILL_AREA_STYLE('',(#3105));
#3098=FILL_AREA_STYLE('',(#3106));
#3099=FILL_AREA_STYLE('',(#3107));
#3100=FILL_AREA_STYLE('',(#3108));
#3101=FILL_AREA_STYLE('',(#3109));
#3102=FILL_AREA_STYLE('',(#3110));
#3103=FILL_AREA_STYLE('',(#3111));
#3104=FILL_AREA_STYLE_COLOUR('',#3112);
#3105=FILL_AREA_STYLE_COLOUR('',#76);
#3106=FILL_AREA_STYLE_COLOUR('',#76);
#3107=FILL_AREA_STYLE_COLOUR('',#76);
#3108=FILL_AREA_STYLE_COLOUR('',#77);
#3109=FILL_AREA_STYLE_COLOUR('',#77);
#3110=FILL_AREA_STYLE_COLOUR('',#77);
#3111=FILL_AREA_STYLE_COLOUR('',#76);
#3112=DRAUGHTING_PRE_DEFINED_COLOUR('blue');
#3113=MANIFOLD_SOLID_BREP('Part 2',#3048);
#3114=MANIFOLD_SOLID_BREP('Part 1',#3049);
#3115=MANIFOLD_SOLID_BREP('Part 1',#3050);
#3116=MANIFOLD_SOLID_BREP('Part 1',#3051);
#3117=MANIFOLD_SOLID_BREP('Part 1',#3052);
#3118=MANIFOLD_SOLID_BREP('Part 1',#3053);
#3119=MANIFOLD_SOLID_BREP('Part 1',#3054);
#3120=MANIFOLD_SOLID_BREP('Part 1',#3055);
#3121=SHAPE_DEFINITION_REPRESENTATION(#5683,#3136);
#3122=SHAPE_DEFINITION_REPRESENTATION(#5684,#3137);
#3123=SHAPE_DEFINITION_REPRESENTATION(#5686,#3138);
#3124=SHAPE_DEFINITION_REPRESENTATION(#5688,#3139);
#3125=SHAPE_DEFINITION_REPRESENTATION(#5690,#3140);
#3126=SHAPE_DEFINITION_REPRESENTATION(#5693,#3141);
#3127=SHAPE_DEFINITION_REPRESENTATION(#5694,#3142);
#3128=SHAPE_DEFINITION_REPRESENTATION(#5696,#3143);
#3129=SHAPE_DEFINITION_REPRESENTATION(#5700,#3144);
#3130=SHAPE_DEFINITION_REPRESENTATION(#5702,#3145);
#3131=SHAPE_DEFINITION_REPRESENTATION(#5706,#3146);
#3132=SHAPE_DEFINITION_REPRESENTATION(#5710,#3147);
#3133=SHAPE_DEFINITION_REPRESENTATION(#5715,#3148);
#3134=SHAPE_DEFINITION_REPRESENTATION(#5719,#3149);
#3135=SHAPE_DEFINITION_REPRESENTATION(#5723,#3150);
#3136=SHAPE_REPRESENTATION('Leg',(#3151,#3196,#3218,#3303,#3317,#3318,#3342,
#3343,#3359,#3360,#3363,#3366,#3367,#3370,#3373,#3496),#5650);
#3137=SHAPE_REPRESENTATION('Part 2',(#3151),#5651);
#3138=SHAPE_REPRESENTATION('Part 1',(#3151),#5652);
#3139=SHAPE_REPRESENTATION('Part 1',(#3151),#5653);
#3140=SHAPE_REPRESENTATION('Part 1',(#3151),#5654);
#3141=SHAPE_REPRESENTATION('Screw and Nut 10mm <2>',(#3151,#3327,#3341),
#5655);
#3142=SHAPE_REPRESENTATION('Part 1',(#3151),#5656);
#3143=SHAPE_REPRESENTATION('Part 1',(#3151),#5657);
#3144=SHAPE_REPRESENTATION('Screw and Nut 8mm <4>',(#3151,#3344,#3358),
#5658);
#3145=SHAPE_REPRESENTATION('Part 1',(#3151),#5659);
#3146=SHAPE_REPRESENTATION('Screw and Nut 10mm <1>',(#3151,#3361,#3362),
#5660);
#3147=SHAPE_REPRESENTATION('Screw and Nut 8mm <3>',(#3151,#3364,#3365),
#5661);
#3148=SHAPE_REPRESENTATION('Screw and Nut 8mm <2>',(#3151,#3368,#3369),
#5662);
#3149=SHAPE_REPRESENTATION('Screw and Nut 8mm <1>',(#3151,#3371,#3372),
#5663);
#3150=SHAPE_REPRESENTATION('Part 1',(#3151),#5664);
#3151=AXIS2_PLACEMENT_3D('',#4425,#3497,#3498);
#3152=AXIS2_PLACEMENT_3D('',#4426,#3499,#3500);
#3153=AXIS2_PLACEMENT_3D('',#4435,#3505,#3506);
#3154=AXIS2_PLACEMENT_3D('',#4441,#3510,#3511);
#3155=AXIS2_PLACEMENT_3D('',#4465,#3524,#3525);
#3156=AXIS2_PLACEMENT_3D('',#4492,#3539,#3540);
#3157=AXIS2_PLACEMENT_3D('',#4498,#3544,#3545);
#3158=AXIS2_PLACEMENT_3D('',#4504,#3549,#3550);
#3159=AXIS2_PLACEMENT_3D('',#4505,#3551,#3552);
#3160=AXIS2_PLACEMENT_3D('',#4506,#3553,#3554);
#3161=AXIS2_PLACEMENT_3D('',#4507,#3555,#3556);
#3162=AXIS2_PLACEMENT_3D('',#4509,#3558,#3559);
#3163=AXIS2_PLACEMENT_3D('',#4511,#3561,#3562);
#3164=AXIS2_PLACEMENT_3D('',#4515,#3565,#3566);
#3165=AXIS2_PLACEMENT_3D('',#4524,#3571,#3572);
#3166=AXIS2_PLACEMENT_3D('',#4527,#3575,#3576);
#3167=AXIS2_PLACEMENT_3D('',#4533,#3580,#3581);
#3168=AXIS2_PLACEMENT_3D('',#4539,#3585,#3586);
#3169=AXIS2_PLACEMENT_3D('',#4540,#3587,#3588);
#3170=AXIS2_PLACEMENT_3D('',#4541,#3589,#3590);
#3171=AXIS2_PLACEMENT_3D('',#4542,#3591,#3592);
#3172=AXIS2_PLACEMENT_3D('',#4544,#3594,#3595);
#3173=AXIS2_PLACEMENT_3D('',#4546,#3597,#3598);
#3174=AXIS2_PLACEMENT_3D('',#4548,#3600,#3601);
#3175=AXIS2_PLACEMENT_3D('',#4549,#3602,#3603);
#3176=AXIS2_PLACEMENT_3D('',#4553,#3605,#3606);
#3177=AXIS2_PLACEMENT_3D('',#4557,#3608,#3609);
#3178=AXIS2_PLACEMENT_3D('',#4559,#3611,#3612);
#3179=AXIS2_PLACEMENT_3D('',#4560,#3613,#3614);
#3180=AXIS2_PLACEMENT_3D('',#4561,#3615,#3616);
#3181=AXIS2_PLACEMENT_3D('',#4563,#3618,#3619);
#3182=AXIS2_PLACEMENT_3D('',#4564,#3620,#3621);
#3183=AXIS2_PLACEMENT_3D('',#4565,#3622,#3623);
#3184=AXIS2_PLACEMENT_3D('',#4566,#3624,#3625);
#3185=AXIS2_PLACEMENT_3D('',#4567,#3626,#3627);
#3186=AXIS2_PLACEMENT_3D('',#4570,#3629,#3630);
#3187=AXIS2_PLACEMENT_3D('',#4573,#3632,#3633);
#3188=AXIS2_PLACEMENT_3D('',#4577,#3636,#3637);
#3189=AXIS2_PLACEMENT_3D('',#4580,#3639,#3640);
#3190=AXIS2_PLACEMENT_3D('',#4581,#3641,#3642);
#3191=AXIS2_PLACEMENT_3D('',#4583,#3644,#3645);
#3192=AXIS2_PLACEMENT_3D('',#4584,#3646,#3647);
#3193=AXIS2_PLACEMENT_3D('',#4586,#3648,#3649);
#3194=AXIS2_PLACEMENT_3D('',#4587,#3650,#3651);
#3195=AXIS2_PLACEMENT_3D('',#4589,#3652,#3653);
#3196=AXIS2_PLACEMENT_3D('',#4590,#3654,#3655);
#3197=AXIS2_PLACEMENT_3D('',#4591,#3656,#3657);
#3198=AXIS2_PLACEMENT_3D('',#4595,#3659,#3660);
#3199=AXIS2_PLACEMENT_3D('',#4599,#3662,#3663);
#3200=AXIS2_PLACEMENT_3D('',#4603,#3665,#3666);
#3201=AXIS2_PLACEMENT_3D('',#4612,#3671,#3672);
#3202=AXIS2_PLACEMENT_3D('',#4621,#3677,#3678);
#3203=AXIS2_PLACEMENT_3D('',#4627,#3682,#3683);
#3204=AXIS2_PLACEMENT_3D('',#4633,#3687,#3688);
#3205=AXIS2_PLACEMENT_3D('',#4639,#3692,#3693);
#3206=AXIS2_PLACEMENT_3D('',#4643,#3697,#3698);
#3207=AXIS2_PLACEMENT_3D('',#4649,#3702,#3703);
#3208=AXIS2_PLACEMENT_3D('',#4650,#3704,#3705);
#3209=AXIS2_PLACEMENT_3D('',#4655,#3707,#3708);
#3210=AXIS2_PLACEMENT_3D('',#4660,#3712,#3713);
#3211=AXIS2_PLACEMENT_3D('',#4661,#3714,#3715);
#3212=AXIS2_PLACEMENT_3D('',#4662,#3716,#3717);
#3213=AXIS2_PLACEMENT_3D('',#4663,#3718,#3719);
#3214=AXIS2_PLACEMENT_3D('',#4664,#3720,#3721);
#3215=AXIS2_PLACEMENT_3D('',#4667,#3724,#3725);
#3216=AXIS2_PLACEMENT_3D('',#4669,#3727,#3728);
#3217=AXIS2_PLACEMENT_3D('',#4671,#3730,#3731);
#3218=AXIS2_PLACEMENT_3D('',#4672,#3732,#3733);
#3219=AXIS2_PLACEMENT_3D('',#4673,#3734,#3735);
#3220=AXIS2_PLACEMENT_3D('',#4682,#3740,#3741);
#3221=AXIS2_PLACEMENT_3D('',#4683,#3742,#3743);
#3222=AXIS2_PLACEMENT_3D('',#4692,#3747,#3748);
#3223=AXIS2_PLACEMENT_3D('',#4695,#3750,#3751);
#3224=AXIS2_PLACEMENT_3D('',#4699,#3753,#3754);
#3225=AXIS2_PLACEMENT_3D('',#4701,#3755,#3756);
#3226=AXIS2_PLACEMENT_3D('',#4709,#3760,#3761);
#3227=AXIS2_PLACEMENT_3D('',#4710,#3762,#3763);
#3228=AXIS2_PLACEMENT_3D('',#4716,#3766,#3767);
#3229=AXIS2_PLACEMENT_3D('',#4720,#3769,#3770);
#3230=AXIS2_PLACEMENT_3D('',#4723,#3772,#3773);
#3231=AXIS2_PLACEMENT_3D('',#4729,#3776,#3777);
#3232=AXIS2_PLACEMENT_3D('',#4733,#3779,#3780);
#3233=AXIS2_PLACEMENT_3D('',#4736,#3782,#3783);
#3234=AXIS2_PLACEMENT_3D('',#4742,#3787,#3788);
#3235=AXIS2_PLACEMENT_3D('',#4758,#3794,#3795);
#3236=AXIS2_PLACEMENT_3D('',#4773,#3800,#3801);
#3237=AXIS2_PLACEMENT_3D('',#4775,#3803,#3804);
#3238=AXIS2_PLACEMENT_3D('',#4779,#3808,#3809);
#3239=AXIS2_PLACEMENT_3D('',#4788,#3815,#3816);
#3240=AXIS2_PLACEMENT_3D('',#4789,#3817,#3818);
#3241=AXIS2_PLACEMENT_3D('',#4790,#3819,#3820);
#3242=AXIS2_PLACEMENT_3D('',#4803,#3823,#3824);
#3243=AXIS2_PLACEMENT_3D('',#4806,#3827,#3828);
#3244=AXIS2_PLACEMENT_3D('',#4813,#3830,#3831);
#3245=AXIS2_PLACEMENT_3D('',#4814,#3832,#3833);
#3246=AXIS2_PLACEMENT_3D('',#4815,#3834,#3835);
#3247=AXIS2_PLACEMENT_3D('',#4816,#3836,#3837);
#3248=AXIS2_PLACEMENT_3D('',#4817,#3838,#3839);
#3249=AXIS2_PLACEMENT_3D('',#4818,#3840,#3841);
#3250=AXIS2_PLACEMENT_3D('',#4819,#3842,#3843);
#3251=AXIS2_PLACEMENT_3D('',#4820,#3844,#3845);
#3252=AXIS2_PLACEMENT_3D('',#4821,#3846,#3847);
#3253=AXIS2_PLACEMENT_3D('',#4822,#3848,#3849);
#3254=AXIS2_PLACEMENT_3D('',#4823,#3850,#3851);
#3255=AXIS2_PLACEMENT_3D('',#4824,#3852,#3853);
#3256=AXIS2_PLACEMENT_3D('',#4825,#3854,#3855);
#3257=AXIS2_PLACEMENT_3D('',#4826,#3856,#3857);
#3258=AXIS2_PLACEMENT_3D('',#4827,#3858,#3859);
#3259=AXIS2_PLACEMENT_3D('',#4828,#3860,#3861);
#3260=AXIS2_PLACEMENT_3D('',#4829,#3862,#3863);
#3261=AXIS2_PLACEMENT_3D('',#4830,#3864,#3865);
#3262=AXIS2_PLACEMENT_3D('',#4831,#3866,#3867);
#3263=AXIS2_PLACEMENT_3D('',#4832,#3868,#3869);
#3264=AXIS2_PLACEMENT_3D('',#4833,#3870,#3871);
#3265=AXIS2_PLACEMENT_3D('',#4834,#3872,#3873);
#3266=AXIS2_PLACEMENT_3D('',#4835,#3874,#3875);
#3267=AXIS2_PLACEMENT_3D('',#4837,#3876,#3877);
#3268=AXIS2_PLACEMENT_3D('',#4838,#3878,#3879);
#3269=AXIS2_PLACEMENT_3D('',#4839,#3880,#3881);
#3270=AXIS2_PLACEMENT_3D('',#4840,#3882,#3883);
#3271=AXIS2_PLACEMENT_3D('',#4841,#3884,#3885);
#3272=AXIS2_PLACEMENT_3D('',#4842,#3886,#3887);
#3273=AXIS2_PLACEMENT_3D('',#4851,#3892,#3893);
#3274=AXIS2_PLACEMENT_3D('',#4857,#3897,#3898);
#3275=AXIS2_PLACEMENT_3D('',#4860,#3900,#3901);
#3276=AXIS2_PLACEMENT_3D('',#4862,#3902,#3903);
#3277=AXIS2_PLACEMENT_3D('',#4865,#3905,#3906);
#3278=AXIS2_PLACEMENT_3D('',#4871,#3910,#3911);
#3279=AXIS2_PLACEMENT_3D('',#4872,#3912,#3913);
#3280=AXIS2_PLACEMENT_3D('',#4874,#3914,#3915);
#3281=AXIS2_PLACEMENT_3D('',#4876,#3916,#3917);
#3282=AXIS2_PLACEMENT_3D('',#4879,#3920,#3921);
#3283=AXIS2_PLACEMENT_3D('',#4880,#3922,#3923);
#3284=AXIS2_PLACEMENT_3D('',#4882,#3924,#3925);
#3285=AXIS2_PLACEMENT_3D('',#4884,#3926,#3927);
#3286=AXIS2_PLACEMENT_3D('',#4901,#3930,#3931);
#3287=AXIS2_PLACEMENT_3D('',#4918,#3934,#3935);
#3288=AXIS2_PLACEMENT_3D('',#4921,#3937,#3938);
#3289=AXIS2_PLACEMENT_3D('',#4922,#3939,#3940);
#3290=AXIS2_PLACEMENT_3D('',#4923,#3941,#3942);
#3291=AXIS2_PLACEMENT_3D('',#4924,#3943,#3944);
#3292=AXIS2_PLACEMENT_3D('',#4925,#3945,#3946);
#3293=AXIS2_PLACEMENT_3D('',#4927,#3947,#3948);
#3294=AXIS2_PLACEMENT_3D('',#4928,#3949,#3950);
#3295=AXIS2_PLACEMENT_3D('',#4929,#3951,#3952);
#3296=AXIS2_PLACEMENT_3D('',#4930,#3953,#3954);
#3297=AXIS2_PLACEMENT_3D('',#4938,#3956,#3957);
#3298=AXIS2_PLACEMENT_3D('',#5109,#3958,#3959);
#3299=AXIS2_PLACEMENT_3D('',#5110,#3960,#3961);
#3300=AXIS2_PLACEMENT_3D('',#5128,#3962,#3963);
#3301=AXIS2_PLACEMENT_3D('',#5129,#3964,#3965);
#3302=AXIS2_PLACEMENT_3D('',#5130,#3966,#3967);
#3303=AXIS2_PLACEMENT_3D('',#5131,#3968,#3969);
#3304=AXIS2_PLACEMENT_3D('',#5132,#3970,#3971);
#3305=AXIS2_PLACEMENT_3D('',#5133,#3972,#3973);
#3306=AXIS2_PLACEMENT_3D('',#5138,#3975,#3976);
#3307=AXIS2_PLACEMENT_3D('',#5141,#3978,#3979);
#3308=AXIS2_PLACEMENT_3D('',#5147,#3983,#3984);
#3309=AXIS2_PLACEMENT_3D('',#5148,#3985,#3986);
#3310=AXIS2_PLACEMENT_3D('',#5152,#3988,#3989);
#3311=AXIS2_PLACEMENT_3D('',#5153,#3990,#3991);
#3312=AXIS2_PLACEMENT_3D('',#5156,#3994,#3995);
#3313=AXIS2_PLACEMENT_3D('',#5157,#3996,#3997);
#3314=AXIS2_PLACEMENT_3D('',#5159,#3998,#3999);
#3315=AXIS2_PLACEMENT_3D('',#5161,#4000,#4001);
#3316=AXIS2_PLACEMENT_3D('',#5162,#4002,#4003);
#3317=AXIS2_PLACEMENT_3D('',#5163,#4004,#4005);
#3318=AXIS2_PLACEMENT_3D('',#5164,#4006,#4007);
#3319=AXIS2_PLACEMENT_3D('',#5165,#4008,#4009);
#3320=AXIS2_PLACEMENT_3D('',#5166,#4010,#4011);
#3321=AXIS2_PLACEMENT_3D('',#5168,#4012,#4013);
#3322=AXIS2_PLACEMENT_3D('',#5170,#4014,#4015);
#3323=AXIS2_PLACEMENT_3D('',#5171,#4016,#4017);
#3324=AXIS2_PLACEMENT_3D('',#5173,#4018,#4019);
#3325=AXIS2_PLACEMENT_3D('',#5175,#4020,#4021);
#3326=AXIS2_PLACEMENT_3D('',#5176,#4022,#4023);
#3327=AXIS2_PLACEMENT_3D('',#5177,#4024,#4025);
#3328=AXIS2_PLACEMENT_3D('',#5178,#4026,#4027);
#3329=AXIS2_PLACEMENT_3D('',#5179,#4028,#4029);
#3330=AXIS2_PLACEMENT_3D('',#5181,#4030,#4031);
#3331=AXIS2_PLACEMENT_3D('',#5183,#4032,#4033);
#3332=AXIS2_PLACEMENT_3D('',#5184,#4034,#4035);
#3333=AXIS2_PLACEMENT_3D('',#5186,#4036,#4037);
#3334=AXIS2_PLACEMENT_3D('',#5188,#4038,#4039);
#3335=AXIS2_PLACEMENT_3D('',#5189,#4040,#4041);
#3336=AXIS2_PLACEMENT_3D('',#5191,#4042,#4043);
#3337=AXIS2_PLACEMENT_3D('',#5192,#4044,#4045);
#3338=AXIS2_PLACEMENT_3D('',#5193,#4046,#4047);
#3339=AXIS2_PLACEMENT_3D('',#5195,#4048,#4049);
#3340=AXIS2_PLACEMENT_3D('',#5196,#4050,#4051);
#3341=AXIS2_PLACEMENT_3D('',#5197,#4052,#4053);
#3342=AXIS2_PLACEMENT_3D('',#5198,#4054,#4055);
#3343=AXIS2_PLACEMENT_3D('',#5199,#4056,#4057);
#3344=AXIS2_PLACEMENT_3D('',#5200,#4058,#4059);
#3345=AXIS2_PLACEMENT_3D('',#5201,#4060,#4061);
#3346=AXIS2_PLACEMENT_3D('',#5202,#4062,#4063);
#3347=AXIS2_PLACEMENT_3D('',#5204,#4064,#4065);
#3348=AXIS2_PLACEMENT_3D('',#5206,#4066,#4067);
#3349=AXIS2_PLACEMENT_3D('',#5207,#4068,#4069);
#3350=AXIS2_PLACEMENT_3D('',#5209,#4070,#4071);
#3351=AXIS2_PLACEMENT_3D('',#5211,#4072,#4073);
#3352=AXIS2_PLACEMENT_3D('',#5212,#4074,#4075);
#3353=AXIS2_PLACEMENT_3D('',#5214,#4076,#4077);
#3354=AXIS2_PLACEMENT_3D('',#5215,#4078,#4079);
#3355=AXIS2_PLACEMENT_3D('',#5216,#4080,#4081);
#3356=AXIS2_PLACEMENT_3D('',#5218,#4082,#4083);
#3357=AXIS2_PLACEMENT_3D('',#5219,#4084,#4085);
#3358=AXIS2_PLACEMENT_3D('',#5220,#4086,#4087);
#3359=AXIS2_PLACEMENT_3D('',#5221,#4088,#4089);
#3360=AXIS2_PLACEMENT_3D('',#5222,#4090,#4091);
#3361=AXIS2_PLACEMENT_3D('',#5223,#4092,#4093);
#3362=AXIS2_PLACEMENT_3D('',#5224,#4094,#4095);
#3363=AXIS2_PLACEMENT_3D('',#5225,#4096,#4097);
#3364=AXIS2_PLACEMENT_3D('',#5226,#4098,#4099);
#3365=AXIS2_PLACEMENT_3D('',#5227,#4100,#4101);
#3366=AXIS2_PLACEMENT_3D('',#5228,#4102,#4103);
#3367=AXIS2_PLACEMENT_3D('',#5229,#4104,#4105);
#3368=AXIS2_PLACEMENT_3D('',#5230,#4106,#4107);
#3369=AXIS2_PLACEMENT_3D('',#5231,#4108,#4109);
#3370=AXIS2_PLACEMENT_3D('',#5232,#4110,#4111);
#3371=AXIS2_PLACEMENT_3D('',#5233,#4112,#4113);
#3372=AXIS2_PLACEMENT_3D('',#5234,#4114,#4115);
#3373=AXIS2_PLACEMENT_3D('',#5235,#4116,#4117);
#3374=AXIS2_PLACEMENT_3D('',#5236,#4118,#4119);
#3375=AXIS2_PLACEMENT_3D('',#5245,#4124,#4125);
#3376=AXIS2_PLACEMENT_3D('',#5254,#4130,#4131);
#3377=AXIS2_PLACEMENT_3D('',#5263,#4136,#4137);
#3378=AXIS2_PLACEMENT_3D('',#5272,#4142,#4143);
#3379=AXIS2_PLACEMENT_3D('',#5281,#4148,#4149);
#3380=AXIS2_PLACEMENT_3D('',#5282,#4150,#4151);
#3381=AXIS2_PLACEMENT_3D('',#5290,#4155,#4156);
#3382=AXIS2_PLACEMENT_3D('',#5291,#4157,#4158);
#3383=AXIS2_PLACEMENT_3D('',#5297,#4162,#4163);
#3384=AXIS2_PLACEMENT_3D('',#5303,#4167,#4168);
#3385=AXIS2_PLACEMENT_3D('',#5309,#4172,#4173);
#3386=AXIS2_PLACEMENT_3D('',#5315,#4177,#4178);
#3387=AXIS2_PLACEMENT_3D('',#5324,#4183,#4184);
#3388=AXIS2_PLACEMENT_3D('',#5325,#4185,#4186);
#3389=AXIS2_PLACEMENT_3D('',#5330,#4188,#4189);
#3390=AXIS2_PLACEMENT_3D('',#5333,#4191,#4192);
#3391=AXIS2_PLACEMENT_3D('',#5334,#4193,#4194);
#3392=AXIS2_PLACEMENT_3D('',#5336,#4195,#4196);
#3393=AXIS2_PLACEMENT_3D('',#5364,#4199,#4200);
#3394=AXIS2_PLACEMENT_3D('',#5368,#4202,#4203);
#3395=AXIS2_PLACEMENT_3D('',#5388,#4207,#4208);
#3396=AXIS2_PLACEMENT_3D('',#5389,#4209,#4210);
#3397=AXIS2_PLACEMENT_3D('',#5390,#4211,#4212);
#3398=AXIS2_PLACEMENT_3D('',#5392,#4213,#4214);
#3399=AXIS2_PLACEMENT_3D('',#5394,#4215,#4216);
#3400=AXIS2_PLACEMENT_3D('',#5398,#4218,#4219);
#3401=AXIS2_PLACEMENT_3D('',#5408,#4220,#4221);
#3402=AXIS2_PLACEMENT_3D('',#5412,#4223,#4224);
#3403=AXIS2_PLACEMENT_3D('',#5413,#4225,#4226);
#3404=AXIS2_PLACEMENT_3D('',#5420,#4229,#4230);
#3405=AXIS2_PLACEMENT_3D('',#5426,#4234,#4235);
#3406=AXIS2_PLACEMENT_3D('',#5435,#4236,#4237);
#3407=AXIS2_PLACEMENT_3D('',#5439,#4239,#4240);
#3408=AXIS2_PLACEMENT_3D('',#5443,#4242,#4243);
#3409=AXIS2_PLACEMENT_3D('',#5449,#4246,#4247);
#3410=AXIS2_PLACEMENT_3D('',#5456,#4251,#4252);
#3411=AXIS2_PLACEMENT_3D('',#5457,#4253,#4254);
#3412=AXIS2_PLACEMENT_3D('',#5458,#4255,#4256);
#3413=AXIS2_PLACEMENT_3D('',#5459,#4257,#4258);
#3414=AXIS2_PLACEMENT_3D('',#5460,#4259,#4260);
#3415=AXIS2_PLACEMENT_3D('',#5461,#4261,#4262);
#3416=AXIS2_PLACEMENT_3D('',#5462,#4263,#4264);
#3417=AXIS2_PLACEMENT_3D('',#5484,#4265,#4266);
#3418=AXIS2_PLACEMENT_3D('',#5485,#4267,#4268);
#3419=AXIS2_PLACEMENT_3D('',#5486,#4269,#4270);
#3420=AXIS2_PLACEMENT_3D('',#5487,#4271,#4272);
#3421=AXIS2_PLACEMENT_3D('',#5488,#4273,#4274);
#3422=AXIS2_PLACEMENT_3D('',#5489,#4275,#4276);
#3423=AXIS2_PLACEMENT_3D('',#5490,#4277,#4278);
#3424=AXIS2_PLACEMENT_3D('',#5491,#4279,#4280);
#3425=AXIS2_PLACEMENT_3D('',#5492,#4281,#4282);
#3426=AXIS2_PLACEMENT_3D('',#5493,#4283,#4284);
#3427=AXIS2_PLACEMENT_3D('',#5494,#4285,#4286);
#3428=AXIS2_PLACEMENT_3D('',#5495,#4287,#4288);
#3429=AXIS2_PLACEMENT_3D('',#5496,#4289,#4290);
#3430=AXIS2_PLACEMENT_3D('',#5497,#4291,#4292);
#3431=AXIS2_PLACEMENT_3D('',#5498,#4293,#4294);
#3432=AXIS2_PLACEMENT_3D('',#5499,#4295,#4296);
#3433=AXIS2_PLACEMENT_3D('',#5500,#4297,#4298);
#3434=AXIS2_PLACEMENT_3D('',#5501,#4299,#4300);
#3435=AXIS2_PLACEMENT_3D('',#5502,#4301,#4302);
#3436=AXIS2_PLACEMENT_3D('',#5503,#4303,#4304);
#3437=AXIS2_PLACEMENT_3D('',#5504,#4305,#4306);
#3438=AXIS2_PLACEMENT_3D('',#5505,#4307,#4308);
#3439=AXIS2_PLACEMENT_3D('',#5506,#4309,#4310);
#3440=AXIS2_PLACEMENT_3D('',#5507,#4311,#4312);
#3441=AXIS2_PLACEMENT_3D('',#5508,#4313,#4314);
#3442=AXIS2_PLACEMENT_3D('',#5524,#4315,#4316);
#3443=AXIS2_PLACEMENT_3D('',#5530,#4317,#4318);
#3444=AXIS2_PLACEMENT_3D('',#5531,#4319,#4320);
#3445=AXIS2_PLACEMENT_3D('',#5532,#4321,#4322);
#3446=AXIS2_PLACEMENT_3D('',#5533,#4323,#4324);
#3447=AXIS2_PLACEMENT_3D('',#5534,#4325,#4326);
#3448=AXIS2_PLACEMENT_3D('',#5540,#4327,#4328);
#3449=AXIS2_PLACEMENT_3D('',#5541,#4329,#4330);
#3450=AXIS2_PLACEMENT_3D('',#5542,#4331,#4332);
#3451=AXIS2_PLACEMENT_3D('',#5543,#4333,#4334);
#3452=AXIS2_PLACEMENT_3D('',#5544,#4335,#4336);
#3453=AXIS2_PLACEMENT_3D('',#5545,#4337,#4338);
#3454=AXIS2_PLACEMENT_3D('',#5546,#4339,#4340);
#3455=AXIS2_PLACEMENT_3D('',#5547,#4341,#4342);
#3456=AXIS2_PLACEMENT_3D('',#5548,#4343,#4344);
#3457=AXIS2_PLACEMENT_3D('',#5549,#4345,#4346);
#3458=AXIS2_PLACEMENT_3D('',#5550,#4347,#4348);
#3459=AXIS2_PLACEMENT_3D('',#5551,#4349,#4350);
#3460=AXIS2_PLACEMENT_3D('',#5552,#4351,#4352);
#3461=AXIS2_PLACEMENT_3D('',#5553,#4353,#4354);
#3462=AXIS2_PLACEMENT_3D('',#5554,#4355,#4356);
#3463=AXIS2_PLACEMENT_3D('',#5555,#4357,#4358);
#3464=AXIS2_PLACEMENT_3D('',#5556,#4359,#4360);
#3465=AXIS2_PLACEMENT_3D('',#5557,#4361,#4362);
#3466=AXIS2_PLACEMENT_3D('',#5558,#4363,#4364);
#3467=AXIS2_PLACEMENT_3D('',#5559,#4365,#4366);
#3468=AXIS2_PLACEMENT_3D('',#5560,#4367,#4368);
#3469=AXIS2_PLACEMENT_3D('',#5561,#4369,#4370);
#3470=AXIS2_PLACEMENT_3D('',#5562,#4371,#4372);
#3471=AXIS2_PLACEMENT_3D('',#5563,#4373,#4374);
#3472=AXIS2_PLACEMENT_3D('',#5564,#4375,#4376);
#3473=AXIS2_PLACEMENT_3D('',#5565,#4377,#4378);
#3474=AXIS2_PLACEMENT_3D('',#5566,#4379,#4380);
#3475=AXIS2_PLACEMENT_3D('',#5567,#4381,#4382);
#3476=AXIS2_PLACEMENT_3D('',#5568,#4383,#4384);
#3477=AXIS2_PLACEMENT_3D('',#5569,#4385,#4386);
#3478=AXIS2_PLACEMENT_3D('',#5570,#4387,#4388);
#3479=AXIS2_PLACEMENT_3D('',#5571,#4389,#4390);
#3480=AXIS2_PLACEMENT_3D('',#5572,#4391,#4392);
#3481=AXIS2_PLACEMENT_3D('',#5573,#4393,#4394);
#3482=AXIS2_PLACEMENT_3D('',#5574,#4395,#4396);
#3483=AXIS2_PLACEMENT_3D('',#5575,#4397,#4398);
#3484=AXIS2_PLACEMENT_3D('',#5591,#4399,#4400);
#3485=AXIS2_PLACEMENT_3D('',#5592,#4401,#4402);
#3486=AXIS2_PLACEMENT_3D('',#5593,#4403,#4404);
#3487=AXIS2_PLACEMENT_3D('',#5594,#4405,#4406);
#3488=AXIS2_PLACEMENT_3D('',#5595,#4407,#4408);
#3489=AXIS2_PLACEMENT_3D('',#5596,#4409,#4410);
#3490=AXIS2_PLACEMENT_3D('',#5612,#4411,#4412);
#3491=AXIS2_PLACEMENT_3D('',#5628,#4413,#4414);
#3492=AXIS2_PLACEMENT_3D('',#5629,#4415,#4416);
#3493=AXIS2_PLACEMENT_3D('',#5630,#4417,#4418);
#3494=AXIS2_PLACEMENT_3D('',#5631,#4419,#4420);
#3495=AXIS2_PLACEMENT_3D('',#5632,#4421,#4422);
#3496=AXIS2_PLACEMENT_3D('',#5648,#4423,#4424);
#3497=DIRECTION('',(0.,0.,1.));
#3498=DIRECTION('',(1.,0.,0.));
#3499=DIRECTION('',(0.,1.,0.));
#3500=DIRECTION('',(0.,0.,1.));
#3501=DIRECTION('',(1.,0.,0.));
#3502=DIRECTION('',(0.,0.,-1.));
#3503=DIRECTION('',(1.,0.,0.));
#3504=DIRECTION('',(0.,0.,-1.));
#3505=DIRECTION('',(1.,6.60847038467355E-16,0.));
#3506=DIRECTION('',(-6.60847038467355E-16,1.,0.));
#3507=DIRECTION('',(6.60847038467355E-16,-1.,0.));
#3508=DIRECTION('',(0.,0.,-1.));
#3509=DIRECTION('',(6.60847038467355E-16,-1.,0.));
#3510=DIRECTION('',(0.,-1.,0.));
#3511=DIRECTION('',(0.,0.,-1.));
#3512=DIRECTION('',(-1.,0.,0.));
#3513=DIRECTION('',(0.,0.,-1.));
#3514=DIRECTION('',(1.,0.,0.));
#3515=DIRECTION('',(0.,0.,-1.));
#3516=DIRECTION('',(1.,0.,0.));
#3517=DIRECTION('',(0.,0.,-1.));
#3518=DIRECTION('',(1.,0.,0.));
#3519=DIRECTION('',(0.,0.,-1.));
#3520=DIRECTION('',(1.,0.,0.));
#3521=DIRECTION('',(1.,0.,0.));
#3522=DIRECTION('',(0.,0.,-1.));
#3523=DIRECTION('',(-1.,0.,0.));
#3524=DIRECTION('',(0.,-1.,0.));
#3525=DIRECTION('',(0.,0.,-1.));
#3526=DIRECTION('',(-1.,0.,0.));
#3527=DIRECTION('',(0.,0.,-1.));
#3528=DIRECTION('',(-1.,0.,0.));
#3529=DIRECTION('',(0.,0.,-1.));
#3530=DIRECTION('',(1.,0.,0.));
#3531=DIRECTION('',(1.,0.,0.));
#3532=DIRECTION('',(0.,0.,-1.));
#3533=DIRECTION('',(1.,3.69090101271662E-16,0.));
#3534=DIRECTION('',(0.,0.,-1.));
#3535=DIRECTION('',(1.,3.69090101271662E-16,0.));
#3536=DIRECTION('',(0.,0.,-1.));
#3537=DIRECTION('',(1.,0.,0.));
#3538=DIRECTION('',(0.,0.,-1.));
#3539=DIRECTION('',(1.,6.60847038467355E-16,0.));
#3540=DIRECTION('',(-6.60847038467355E-16,1.,0.));
#3541=DIRECTION('',(6.60847038467355E-16,-1.,0.));
#3542=DIRECTION('',(0.,0.,-1.));
#3543=DIRECTION('',(6.60847038467355E-16,-1.,0.));
#3544=DIRECTION('',(0.,1.,0.));
#3545=DIRECTION('',(0.,0.,1.));
#3546=DIRECTION('',(1.,0.,0.));
#3547=DIRECTION('',(0.,0.,-1.));
#3548=DIRECTION('',(1.,0.,0.));
#3549=DIRECTION('',(0.,0.,-1.));
#3550=DIRECTION('',(-1.,0.,0.));
#3551=DIRECTION('',(0.,0.,1.));
#3552=DIRECTION('',(1.,0.,0.));
#3553=DIRECTION('',(0.,0.,1.));
#3554=DIRECTION('',(1.,0.,0.));
#3555=DIRECTION('',(0.,0.,1.));
#3556=DIRECTION('',(1.,0.,0.));
#3557=DIRECTION('',(0.,-1.,0.));
#3558=DIRECTION('',(0.,0.,1.));
#3559=DIRECTION('',(1.,0.,0.));
#3560=DIRECTION('',(0.,-1.,0.));
#3561=DIRECTION('',(1.,0.,0.));
#3562=DIRECTION('',(0.,0.,-1.));
#3563=DIRECTION('',(0.,-1.,0.));
#3564=DIRECTION('',(0.,-1.,0.));
#3565=DIRECTION('',(7.03997308356035E-17,-1.,0.));
#3566=DIRECTION('',(1.,7.03997308356035E-17,0.));
#3567=DIRECTION('',(-1.,-7.03997308356035E-17,0.));
#3568=DIRECTION('',(0.,0.,-1.));
#3569=DIRECTION('',(-1.,-7.03997308356035E-17,0.));
#3570=DIRECTION('',(0.,0.,-1.));
#3571=DIRECTION('',(-1.,-3.30423519233678E-16,0.));
#3572=DIRECTION('',(3.30423519233678E-16,-1.,0.));
#3573=DIRECTION('',(-3.30423519233678E-16,1.,0.));
#3574=DIRECTION('',(-3.30423519233678E-16,1.,0.));
#3575=DIRECTION('',(-1.,-3.30423519233678E-16,0.));
#3576=DIRECTION('',(3.30423519233678E-16,-1.,0.));
#3577=DIRECTION('',(-3.30423519233678E-16,1.,0.));
#3578=DIRECTION('',(0.,0.,-1.));
#3579=DIRECTION('',(-3.30423519233678E-16,1.,0.));
#3580=DIRECTION('',(7.03997308356035E-17,-1.,0.));
#3581=DIRECTION('',(1.,7.03997308356035E-17,0.));
#3582=DIRECTION('',(-1.,-7.03997308356035E-17,0.));
#3583=DIRECTION('',(0.,0.,-1.));
#3584=DIRECTION('',(-1.,-7.03997308356035E-17,0.));
#3585=DIRECTION('',(0.,0.,-1.));
#3586=DIRECTION('',(-1.,0.,0.));
#3587=DIRECTION('',(0.,0.,1.));
#3588=DIRECTION('',(1.,0.,0.));
#3589=DIRECTION('',(0.,0.,1.));
#3590=DIRECTION('',(1.,0.,0.));
#3591=DIRECTION('',(0.,0.,1.));
#3592=DIRECTION('',(1.,0.,0.));
#3593=DIRECTION('',(-2.94020928131662E-16,1.,0.));
#3594=DIRECTION('',(0.,0.,1.));
#3595=DIRECTION('',(1.,0.,0.));
#3596=DIRECTION('',(-2.94020928131662E-16,1.,0.));
#3597=DIRECTION('',(1.,0.,0.));
#3598=DIRECTION('',(0.,0.,-1.));
#3599=DIRECTION('',(0.,-1.,0.));
#3600=DIRECTION('',(0.,0.,1.));
#3601=DIRECTION('',(1.,0.,0.));
#3602=DIRECTION('',(0.,0.,1.));
#3603=DIRECTION('',(1.,0.,0.));
#3604=DIRECTION('',(-1.,-4.53713580578548E-16,0.));
#3605=DIRECTION('',(0.,0.,1.));
#3606=DIRECTION('',(1.,0.,0.));
#3607=DIRECTION('',(-1.,-4.53713580578548E-16,0.));
#3608=DIRECTION('',(0.,0.,1.));
#3609=DIRECTION('',(1.,0.,0.));
#3610=DIRECTION('',(0.,-1.,0.));
#3611=DIRECTION('',(0.,0.,1.));
#3612=DIRECTION('',(1.,0.,0.));
#3613=DIRECTION('',(0.,0.,1.));
#3614=DIRECTION('',(1.,0.,0.));
#3615=DIRECTION('',(1.,0.,0.));
#3616=DIRECTION('',(0.,0.,-1.));
#3617=DIRECTION('',(0.,-1.,0.));
#3618=DIRECTION('',(1.,0.,0.));
#3619=DIRECTION('',(0.,0.,-1.));
#3620=DIRECTION('',(0.,0.,1.));
#3621=DIRECTION('',(1.,0.,0.));
#3622=DIRECTION('',(0.,0.,1.));
#3623=DIRECTION('',(1.,0.,0.));
#3624=DIRECTION('',(0.,0.,1.));
#3625=DIRECTION('',(1.,0.,0.));
#3626=DIRECTION('',(0.,0.,-1.));
#3627=DIRECTION('',(-1.,0.,0.));
#3628=DIRECTION('',(0.,0.,-1.));
#3629=DIRECTION('',(0.,0.,1.));
#3630=DIRECTION('',(1.,0.,0.));
#3631=DIRECTION('',(0.,0.,-1.));
#3632=DIRECTION('',(4.53713580578548E-16,-1.,0.));
#3633=DIRECTION('',(1.,4.53713580578548E-16,0.));
#3634=DIRECTION('',(0.,0.,-1.));
#3635=DIRECTION('',(-1.,-4.53713580578548E-16,0.));
#3636=DIRECTION('',(0.,0.,-1.));
#3637=DIRECTION('',(-1.,0.,0.));
#3638=DIRECTION('',(0.,0.,-1.));
#3639=DIRECTION('',(0.,0.,1.));
#3640=DIRECTION('',(1.,0.,0.));
#3641=DIRECTION('',(4.53713580578548E-16,-1.,0.));
#3642=DIRECTION('',(1.,4.53713580578548E-16,0.));
#3643=DIRECTION('',(-1.,-4.53713580578548E-16,0.));
#3644=DIRECTION('',(0.,0.,1.));
#3645=DIRECTION('',(1.,0.,0.));
#3646=DIRECTION('',(0.,0.,1.));
#3647=DIRECTION('',(1.,0.,0.));
#3648=DIRECTION('',(0.,0.,-1.));
#3649=DIRECTION('',(-1.,0.,0.));
#3650=DIRECTION('',(0.,0.,1.));
#3651=DIRECTION('',(1.,0.,0.));
#3652=DIRECTION('',(0.,0.,1.));
#3653=DIRECTION('',(1.,0.,0.));
#3654=DIRECTION('',(0.508241782197524,-0.861039822971158,-0.0173411097246226));
#3655=DIRECTION('',(-0.425711775888907,-0.268684500325591,0.864047523666552));
#3656=DIRECTION('',(-1.,-6.76965258917779E-16,0.));
#3657=DIRECTION('',(6.76965258917779E-16,-1.,0.));
#3658=DIRECTION('',(0.,0.,-1.));
#3659=DIRECTION('',(1.,0.,0.));
#3660=DIRECTION('',(0.,0.,-1.));
#3661=DIRECTION('',(0.,-0.994856888476885,0.101290529913169));
#3662=DIRECTION('',(1.,0.,0.));
#3663=DIRECTION('',(0.,0.,-1.));
#3664=DIRECTION('',(0.,-0.994917321042313,-0.100695204900667));
#3665=DIRECTION('',(1.,0.,0.));
#3666=DIRECTION('',(0.,0.,-1.));
#3667=DIRECTION('',(0.,0.,-1.));
#3668=DIRECTION('',(-6.76965258917779E-16,1.,0.));
#3669=DIRECTION('',(0.,0.,-1.));
#3670=DIRECTION('',(-6.76965258917779E-16,1.,0.));
#3671=DIRECTION('',(-2.69366999375281E-16,1.,0.));
#3672=DIRECTION('',(-1.,-2.69366999375281E-16,0.));
#3673=DIRECTION('',(1.,2.69366999375281E-16,0.));
#3674=DIRECTION('',(0.,0.,-1.));
#3675=DIRECTION('',(1.,2.69366999375281E-16,0.));
#3676=DIRECTION('',(0.,0.,-1.));
#3677=DIRECTION('',(-1.,-4.62592926927149E-16,0.));
#3678=DIRECTION('',(4.62592926927149E-16,-1.,0.));
#3679=DIRECTION('',(-4.62592926927149E-16,1.,0.));
#3680=DIRECTION('',(0.,0.,-1.));
#3681=DIRECTION('',(-4.62592926927149E-16,1.,0.));
#3682=DIRECTION('',(0.,-1.,0.));
#3683=DIRECTION('',(0.,0.,-1.));
#3684=DIRECTION('',(-1.,0.,0.));
#3685=DIRECTION('',(0.,0.,-1.));
#3686=DIRECTION('',(-1.,0.,0.));
#3687=DIRECTION('',(1.,3.3848262945889E-16,0.));
#3688=DIRECTION('',(-3.3848262945889E-16,1.,0.));
#3689=DIRECTION('',(3.38482629458889E-16,-1.,0.));
#3690=DIRECTION('',(0.,0.,-1.));
#3691=DIRECTION('',(3.38482629458889E-16,-1.,0.));
#3692=DIRECTION('',(1.2303003375722E-16,-1.,0.));
#3693=DIRECTION('',(1.,1.2303003375722E-16,0.));
#3694=DIRECTION('',(-1.,-1.2303003375722E-16,0.));
#3695=DIRECTION('',(0.,0.,-1.));
#3696=DIRECTION('',(-1.,-1.2303003375722E-16,0.));
#3697=DIRECTION('',(0.,-1.,0.));
#3698=DIRECTION('',(0.,0.,-1.));
#3699=DIRECTION('',(-1.,0.,0.));
#3700=DIRECTION('',(0.,0.,-1.));
#3701=DIRECTION('',(-1.,0.,0.));
#3702=DIRECTION('',(1.,6.16790569236198E-16,0.));
#3703=DIRECTION('',(-6.16790569236198E-16,1.,0.));
#3704=DIRECTION('',(1.,6.16790569236198E-16,0.));
#3705=DIRECTION('',(-6.16790569236198E-16,1.,0.));
#3706=DIRECTION('',(6.13655620788642E-16,-0.994917321042313,-0.100695204900667));
#3707=DIRECTION('',(1.,6.16790569236198E-16,0.));
#3708=DIRECTION('',(-6.16790569236198E-16,1.,0.));
#3709=DIRECTION('',(6.13618346552211E-16,-0.994856888476885,0.101290529913169));
#3710=DIRECTION('',(6.16790569236198E-16,-1.,0.));
#3711=DIRECTION('',(6.16790569236198E-16,-1.,0.));
#3712=DIRECTION('',(0.,0.,1.));
#3713=DIRECTION('',(1.,0.,0.));
#3714=DIRECTION('',(0.,0.,1.));
#3715=DIRECTION('',(1.,0.,0.));
#3716=DIRECTION('',(1.,0.,0.));
#3717=DIRECTION('',(0.,1.,0.));
#3718=DIRECTION('',(1.,0.,0.));
#3719=DIRECTION('',(0.,0.,-1.));
#3720=DIRECTION('',(1.,0.,0.));
#3721=DIRECTION('',(0.,0.,-1.));
#3722=DIRECTION('',(1.,0.,0.));
#3723=DIRECTION('',(1.,0.,0.));
#3724=DIRECTION('',(0.,0.101290529913169,0.994856888476885));
#3725=DIRECTION('',(0.,-0.994856888476885,0.101290529913169));
#3726=DIRECTION('',(1.,0.,0.));
#3727=DIRECTION('',(1.,0.,0.));
#3728=DIRECTION('',(0.,0.,-1.));
#3729=DIRECTION('',(1.,0.,0.));
#3730=DIRECTION('',(0.,-0.100695204900667,0.994917321042313));
#3731=DIRECTION('',(0.,-0.994917321042313,-0.100695204900667));
#3732=DIRECTION('',(-0.00615741973950881,0.016502095794698,-0.999844871475838));
#3733=DIRECTION('',(-0.508241782197529,0.861039822971155,0.0173411097246249));
#3734=DIRECTION('',(0.,0.,1.));
#3735=DIRECTION('',(1.,0.,0.));
#3736=DIRECTION('',(1.,2.15493599500224E-16,0.));
#3737=DIRECTION('',(0.,1.,0.));
#3738=DIRECTION('',(-1.,-1.2303003375722E-16,0.));
#3739=DIRECTION('',(6.16790569236198E-16,-1.,0.));
#3740=DIRECTION('',(-1.,-6.76965258917779E-16,0.));
#3741=DIRECTION('',(6.76965258917779E-16,-1.,0.));
#3742=DIRECTION('',(1.,0.,0.));
#3743=DIRECTION('',(0.,0.,-1.));
#3744=DIRECTION('',(0.,0.,-1.));
#3745=DIRECTION('',(-6.76965258917779E-16,1.,0.));
#3746=DIRECTION('',(0.,0.,-1.));
#3747=DIRECTION('',(1.,0.,0.));
#3748=DIRECTION('',(0.,0.,-1.));
#3749=DIRECTION('',(6.82834638821803E-16,-0.994909100121492,0.100776398504026));
#3750=DIRECTION('',(1.,6.16790569236198E-16,0.));
#3751=DIRECTION('',(-6.16790569236198E-16,1.,0.));
#3752=DIRECTION('',(-6.13655620788642E-16,0.994917321042313,0.100695204900667));
#3753=DIRECTION('',(1.,6.16790569236198E-16,0.));
#3754=DIRECTION('',(-6.16790569236198E-16,1.,0.));
#3755=DIRECTION('',(1.,6.16790569236198E-16,0.));
#3756=DIRECTION('',(-6.16790569236198E-16,1.,0.));
#3757=DIRECTION('',(0.,0.,-1.));
#3758=DIRECTION('',(6.16790569236198E-16,-1.,0.));
#3759=DIRECTION('',(0.,0.,-1.));
#3760=DIRECTION('',(1.,6.16790569236198E-16,0.));
#3761=DIRECTION('',(-6.16790569236198E-16,1.,0.));
#3762=DIRECTION('',(-1.,-6.76965258917779E-16,0.));
#3763=DIRECTION('',(6.76965258917779E-16,-1.,0.));
#3764=DIRECTION('',(-6.76965258917779E-16,1.,0.));
#3765=DIRECTION('',(0.,0.,-1.));
#3766=DIRECTION('',(1.,0.,0.));
#3767=DIRECTION('',(0.,0.,-1.));
#3768=DIRECTION('',(6.73524461841192E-16,-0.994917321042313,-0.100695204900667));
#3769=DIRECTION('',(1.,0.,0.));
#3770=DIRECTION('',(0.,0.,-1.));
#3771=DIRECTION('',(0.,0.,-1.));
#3772=DIRECTION('',(1.,6.16790569236198E-16,0.));
#3773=DIRECTION('',(-6.16790569236198E-16,1.,0.));
#3774=DIRECTION('',(6.16790569236198E-16,-1.,0.));
#3775=DIRECTION('',(0.,0.,-1.));
#3776=DIRECTION('',(1.,6.16790569236198E-16,0.));
#3777=DIRECTION('',(-6.16790569236198E-16,1.,0.));
#3778=DIRECTION('',(-6.13650550202209E-16,0.994909100121492,-0.100776398504026));
#3779=DIRECTION('',(1.,6.16790569236198E-16,0.));
#3780=DIRECTION('',(-6.16790569236198E-16,1.,0.));
#3781=DIRECTION('',(0.,0.,-1.));
#3782=DIRECTION('',(-2.15493599500224E-16,1.,0.));
#3783=DIRECTION('',(-1.,-2.15493599500224E-16,0.));
#3784=DIRECTION('',(0.,0.,-1.));
#3785=DIRECTION('',(0.,0.,-1.));
#3786=DIRECTION('',(1.,2.15493599500224E-16,0.));
#3787=DIRECTION('',(-1.,-4.24043516349886E-16,0.));
#3788=DIRECTION('',(4.24043516349886E-16,-1.,0.));
#3789=DIRECTION('',(0.,0.,-1.));
#3790=DIRECTION('',(4.24043516349886E-16,-1.,0.));
#3791=DIRECTION('',(-4.24043516349886E-16,1.,0.));
#3792=DIRECTION('',(0.,0.,-1.));
#3793=DIRECTION('',(-4.24043516349886E-16,1.,0.));
#3794=DIRECTION('',(1.,3.0616625658712E-16,0.));
#3795=DIRECTION('',(-3.0616625658712E-16,1.,0.));
#3796=DIRECTION('',(-3.0616625658712E-16,1.,0.));
#3797=DIRECTION('',(0.,0.,-1.));
#3798=DIRECTION('',(3.0616625658712E-16,-1.,0.));
#3799=DIRECTION('',(0.,0.,-1.));
#3800=DIRECTION('',(1.,3.0616625658712E-16,0.));
#3801=DIRECTION('',(-3.0616625658712E-16,1.,0.));
#3802=DIRECTION('',(3.0616625658712E-16,-1.,0.));
#3803=DIRECTION('',(1.2303003375722E-16,-1.,0.));
#3804=DIRECTION('',(1.,1.2303003375722E-16,0.));
#3805=DIRECTION('',(-1.,-1.2303003375722E-16,0.));
#3806=DIRECTION('',(-1.,-1.2303003375722E-16,0.));
#3807=DIRECTION('',(0.,0.,1.));
#3808=DIRECTION('',(0.,0.,1.));
#3809=DIRECTION('',(1.,0.,0.));
#3810=DIRECTION('',(3.0616625658712E-16,-1.,0.));
#3811=DIRECTION('',(-1.,-4.33680868994202E-16,0.));
#3812=DIRECTION('',(1.,2.15493599500224E-16,0.));
#3813=DIRECTION('',(6.16790569236198E-16,-1.,0.));
#3814=DIRECTION('',(-1.,-1.2303003375722E-16,0.));
#3815=DIRECTION('',(1.,0.,0.));
#3816=DIRECTION('',(0.,1.,0.));
#3817=DIRECTION('',(1.,0.,0.));
#3818=DIRECTION('',(0.,0.,-1.));
#3819=DIRECTION('',(-1.,0.,0.));
#3820=DIRECTION('',(0.,0.,1.));
#3821=DIRECTION('',(-1.,0.,0.));
#3822=DIRECTION('',(-1.,0.,0.));
#3823=DIRECTION('',(0.,0.100695204900667,-0.994917321042313));
#3824=DIRECTION('',(0.,0.994917321042313,0.100695204900667));
#3825=DIRECTION('',(1.,0.,0.));
#3826=DIRECTION('',(-1.,0.,0.));
#3827=DIRECTION('',(-1.,0.,0.));
#3828=DIRECTION('',(0.,0.,1.));
#3829=DIRECTION('',(-1.,0.,0.));
#3830=DIRECTION('',(0.,-0.100776398504026,-0.994909100121492));
#3831=DIRECTION('',(0.,0.994909100121492,-0.100776398504026));
#3832=DIRECTION('',(0.,-1.,0.));
#3833=DIRECTION('',(0.,0.,-1.));
#3834=DIRECTION('',(0.,0.,1.));
#3835=DIRECTION('',(1.,0.,0.));
#3836=DIRECTION('',(8.67361737988403E-16,-1.,0.));
#3837=DIRECTION('',(1.,8.67361737988403E-16,0.));
#3838=DIRECTION('',(-1.,-1.2303003375722E-16,0.));
#3839=DIRECTION('',(1.2303003375722E-16,-1.,0.));
#3840=DIRECTION('',(-0.707106781186548,0.707106781186547,0.));
#3841=DIRECTION('',(-0.707106781186547,-0.707106781186548,0.));
#3842=DIRECTION('',(-6.76965258917779E-16,1.,0.));
#3843=DIRECTION('',(-1.,-6.76965258917779E-16,0.));
#3844=DIRECTION('',(-4.36136794078826E-16,0.707106781186548,-0.707106781186548));
#3845=DIRECTION('',(4.36136794078826E-16,-0.707106781186548,-0.707106781186548));
#3846=DIRECTION('',(0.,0.,-1.));
#3847=DIRECTION('',(-1.,0.,0.));
#3848=DIRECTION('',(0.,0.,-1.));
#3849=DIRECTION('',(-1.,0.,0.));
#3850=DIRECTION('',(0.,-1.,0.));
#3851=DIRECTION('',(0.,0.,-1.));
#3852=DIRECTION('',(8.67361737988403E-16,-1.,0.));
#3853=DIRECTION('',(1.,8.67361737988403E-16,0.));
#3854=DIRECTION('',(0.,0.,-1.));
#3855=DIRECTION('',(-1.,0.,0.));
#3856=DIRECTION('',(4.36136794078826E-16,-0.707106781186548,-0.707106781186548));
#3857=DIRECTION('',(-4.36136794078826E-16,0.707106781186548,-0.707106781186548));
#3858=DIRECTION('',(-6.16790569236198E-16,1.,0.));
#3859=DIRECTION('',(-1.,-6.16790569236198E-16,0.));
#3860=DIRECTION('',(0.707106781186548,-0.707106781186547,0.));
#3861=DIRECTION('',(0.707106781186547,0.707106781186548,0.));
#3862=DIRECTION('',(1.,1.2303003375722E-16,0.));
#3863=DIRECTION('',(-1.2303003375722E-16,1.,0.));
#3864=DIRECTION('',(0.707106781186547,0.707106781186548,0.));
#3865=DIRECTION('',(-0.707106781186548,0.707106781186547,0.));
#3866=DIRECTION('',(-3.0616625658712E-16,1.,0.));
#3867=DIRECTION('',(-1.,-3.0616625658712E-16,0.));
#3868=DIRECTION('',(0.,-1.,0.));
#3869=DIRECTION('',(0.,0.,-1.));
#3870=DIRECTION('',(0.,0.,-1.));
#3871=DIRECTION('',(-1.,0.,0.));
#3872=DIRECTION('',(0.,0.,-1.));
#3873=DIRECTION('',(-1.,0.,0.));
#3874=DIRECTION('',(0.707106781186548,3.06658683336675E-16,-0.707106781186548));
#3875=DIRECTION('',(-0.707106781186548,-3.06658683336675E-16,-0.707106781186548));
#3876=DIRECTION('',(0.,0.,-1.));
#3877=DIRECTION('',(-1.,0.,0.));
#3878=DIRECTION('',(1.,0.,0.));
#3879=DIRECTION('',(0.,0.,-1.));
#3880=DIRECTION('',(1.,4.33680868994202E-16,4.33680868994202E-16));
#3881=DIRECTION('',(4.33680868994202E-16,0.,-1.));
#3882=DIRECTION('',(1.,4.33680868994202E-16,0.));
#3883=DIRECTION('',(-4.33680868994202E-16,1.,0.));
#3884=DIRECTION('',(-1.,0.,0.));
#3885=DIRECTION('',(0.,0.,1.));
#3886=DIRECTION('',(0.,1.,8.82062784394987E-16));
#3887=DIRECTION('',(0.,-8.82062784394987E-16,1.));
#3888=DIRECTION('',(0.,8.82062784394987E-16,-1.));
#3889=DIRECTION('',(-1.,0.,0.));
#3890=DIRECTION('',(0.,8.82062784394987E-16,-1.));
#3891=DIRECTION('',(-1.,0.,0.));
#3892=DIRECTION('',(0.,-7.70988211545248E-16,1.));
#3893=DIRECTION('',(0.,-1.,-7.70988211545248E-16));
#3894=DIRECTION('',(0.,1.,7.70988211545248E-16));
#3895=DIRECTION('',(-1.,0.,0.));
#3896=DIRECTION('',(0.,1.,7.70988211545248E-16));
#3897=DIRECTION('',(0.,1.,0.));
#3898=DIRECTION('',(0.,0.,1.));
#3899=DIRECTION('',(0.,0.,-1.));
#3900=DIRECTION('',(0.,1.,0.));
#3901=DIRECTION('',(0.,0.,1.));
#3902=DIRECTION('',(0.,1.,0.));
#3903=DIRECTION('',(0.,0.,1.));
#3904=DIRECTION('',(0.,0.,-1.));
#3905=DIRECTION('',(0.,1.,0.));
#3906=DIRECTION('',(0.,0.,1.));
#3907=DIRECTION('',(0.,0.,-1.));
#3908=DIRECTION('',(-1.,0.,0.));
#3909=DIRECTION('',(0.,0.,-1.));
#3910=DIRECTION('',(-1.,0.,0.));
#3911=DIRECTION('',(0.,0.,1.));
#3912=DIRECTION('',(1.,0.,0.));
#3913=DIRECTION('',(0.,0.,-1.));
#3914=DIRECTION('',(1.,0.,0.));
#3915=DIRECTION('',(0.,0.,-1.));
#3916=DIRECTION('',(0.,4.84430757919055E-16,-1.));
#3917=DIRECTION('',(0.,1.,4.84430757919055E-16));
#3918=DIRECTION('',(0.,-1.,-4.84430757919055E-16));
#3919=DIRECTION('',(0.,-1.,-4.84430757919055E-16));
#3920=DIRECTION('',(-1.,0.,0.));
#3921=DIRECTION('',(0.,0.,1.));
#3922=DIRECTION('',(1.,0.,0.));
#3923=DIRECTION('',(0.,0.,-1.));
#3924=DIRECTION('',(1.,0.,0.));
#3925=DIRECTION('',(0.,0.,-1.));
#3926=DIRECTION('',(1.,0.,0.));
#3927=DIRECTION('',(0.,1.,0.));
#3928=DIRECTION('',(0.,5.88041856263324E-16,-1.));
#3929=DIRECTION('',(0.,-1.,-7.15112071213842E-16));
#3930=DIRECTION('',(1.,0.,0.));
#3931=DIRECTION('',(0.,1.,0.));
#3932=DIRECTION('',(0.,5.88041856263324E-16,-1.));
#3933=DIRECTION('',(0.,-1.,-7.15112071213842E-16));
#3934=DIRECTION('',(0.,-1.,-7.15112071213842E-16));
#3935=DIRECTION('',(0.,7.15112071213842E-16,-1.));
#3936=DIRECTION('',(0.,-1.,-7.15112071213842E-16));
#3937=DIRECTION('',(0.,1.,0.));
#3938=DIRECTION('',(0.,0.,1.));
#3939=DIRECTION('',(0.,1.,7.15112071213842E-16));
#3940=DIRECTION('',(0.,-7.15112071213842E-16,1.));
#3941=DIRECTION('',(6.93889390390723E-15,1.,0.));
#3942=DIRECTION('',(-1.,6.93889390390723E-15,0.));
#3943=DIRECTION('',(0.,0.,-1.));
#3944=DIRECTION('',(-1.,0.,0.));
#3945=DIRECTION('',(-1.,0.,0.));
#3946=DIRECTION('',(0.,0.,1.));
#3947=DIRECTION('',(3.11708124589583E-16,5.82758667710958E-16,-1.));
#3948=DIRECTION('',(0.,1.,5.82758667710958E-16));
#3949=DIRECTION('',(0.,0.,-1.));
#3950=DIRECTION('',(-1.,0.,0.));
#3951=DIRECTION('',(0.,-4.47233396150273E-16,-1.));
#3952=DIRECTION('',(0.,1.,-4.47233396150273E-16));
#3953=DIRECTION('',(0.,5.88041856263324E-16,-1.));
#3954=DIRECTION('',(0.,1.,5.88041856263324E-16));
#3955=DIRECTION('',(0.,5.88041856263324E-16,-1.));
#3956=DIRECTION('',(0.,-5.88041856263324E-16,1.));
#3957=DIRECTION('',(0.,-1.,-5.88041856263324E-16));
#3958=DIRECTION('',(-3.0616625658712E-16,1.,0.));
#3959=DIRECTION('',(-1.,-3.0616625658712E-16,0.));
#3960=DIRECTION('',(4.33680868994202E-16,-1.,4.33680868994202E-16));
#3961=DIRECTION('',(0.,-4.33680868994202E-16,-1.));
#3962=DIRECTION('',(0.,0.,1.));
#3963=DIRECTION('',(1.,0.,0.));
#3964=DIRECTION('',(0.,1.,0.));
#3965=DIRECTION('',(0.,0.,1.));
#3966=DIRECTION('',(4.24043516349886E-16,-1.,0.));
#3967=DIRECTION('',(1.,4.24043516349886E-16,0.));
#3968=DIRECTION('',(-0.425711775888909,-0.268684500325597,0.864047523666549));
#3969=DIRECTION('',(0.508241782197529,-0.861039822971155,-0.0173411097246243));
#3970=DIRECTION('',(-1.,0.,0.));
#3971=DIRECTION('',(0.,0.,1.));
#3972=DIRECTION('',(1.,0.,0.));
#3973=DIRECTION('',(0.,0.,-1.));
#3974=DIRECTION('',(-1.,0.,0.));
#3975=DIRECTION('',(1.,0.,0.));
#3976=DIRECTION('',(0.,0.,-1.));
#3977=DIRECTION('',(-1.,0.,0.));
#3978=DIRECTION('',(0.,-0.101290529913169,-0.994856888476885));
#3979=DIRECTION('',(0.,0.994856888476885,-0.101290529913169));
#3980=DIRECTION('',(0.,-0.994856888476885,0.101290529913169));
#3981=DIRECTION('',(-1.,0.,0.));
#3982=DIRECTION('',(0.,-0.994856888476885,0.101290529913169));
#3983=DIRECTION('',(-1.,0.,0.));
#3984=DIRECTION('',(0.,0.,1.));
#3985=DIRECTION('',(1.,0.,0.));
#3986=DIRECTION('',(0.,0.,-1.));
#3987=DIRECTION('',(-1.,0.,0.));
#3988=DIRECTION('',(1.,0.,0.));
#3989=DIRECTION('',(0.,0.,-1.));
#3990=DIRECTION('',(0.,0.100695204900667,-0.994917321042313));
#3991=DIRECTION('',(0.,0.994917321042313,0.100695204900667));
#3992=DIRECTION('',(0.,-0.994917321042313,-0.100695204900667));
#3993=DIRECTION('',(0.,-0.994917321042313,-0.100695204900667));
#3994=DIRECTION('',(-1.,0.,0.));
#3995=DIRECTION('',(0.,0.,1.));
#3996=DIRECTION('',(1.,0.,0.));
#3997=DIRECTION('',(0.,0.,-1.));
#3998=DIRECTION('',(1.,0.,0.));
#3999=DIRECTION('',(0.,0.,-1.));
#4000=DIRECTION('',(1.,0.,0.));
#4001=DIRECTION('',(0.,1.,0.));
#4002=DIRECTION('',(1.,0.,0.));
#4003=DIRECTION('',(0.,1.,0.));
#4004=DIRECTION('',(0.508241782197533,-0.861039822971153,-0.0173411097246269));
#4005=DIRECTION('',(0.00615741973951064,-0.0165020957946992,0.999844871475838));
#4006=DIRECTION('',(-0.508241782197528,0.861039822971156,0.0173411097246252));
#4007=DIRECTION('',(-0.748638614217963,-0.431762738714893,-0.503111481442457));
#4008=DIRECTION('',(0.,0.,-1.));
#4009=DIRECTION('',(-1.,0.,0.));
#4010=DIRECTION('',(0.,0.,1.));
#4011=DIRECTION('',(1.,0.,0.));
#4012=DIRECTION('',(0.,0.,1.));
#4013=DIRECTION('',(1.,0.,0.));
#4014=DIRECTION('',(0.,0.,-1.));
#4015=DIRECTION('',(-1.,0.,0.));
#4016=DIRECTION('',(0.,0.,1.));
#4017=DIRECTION('',(1.,0.,0.));
#4018=DIRECTION('',(0.,0.,1.));
#4019=DIRECTION('',(1.,0.,0.));
#4020=DIRECTION('',(0.,0.,1.));
#4021=DIRECTION('',(1.,0.,0.));
#4022=DIRECTION('',(0.,0.,1.));
#4023=DIRECTION('',(1.,0.,0.));
#4024=DIRECTION('',(-0.00999453630332592,-0.0177837674608878,-0.999791901777054));
#4025=DIRECTION('',(0.999247937521912,-0.0376391356757086,-0.00931959354215539));
#4026=DIRECTION('',(0.,0.,-1.));
#4027=DIRECTION('',(-1.,0.,0.));
#4028=DIRECTION('',(0.,0.,1.));
#4029=DIRECTION('',(1.,0.,0.));
#4030=DIRECTION('',(0.,0.,1.));
#4031=DIRECTION('',(1.,0.,0.));
#4032=DIRECTION('',(0.,0.,-1.));
#4033=DIRECTION('',(-1.,0.,0.));
#4034=DIRECTION('',(0.,0.,1.));
#4035=DIRECTION('',(1.,0.,0.));
#4036=DIRECTION('',(0.,0.,1.));
#4037=DIRECTION('',(1.,0.,0.));
#4038=DIRECTION('',(0.,0.,1.));
#4039=DIRECTION('',(1.,0.,0.));
#4040=DIRECTION('',(0.,0.,1.));
#4041=DIRECTION('',(1.,0.,0.));
#4042=DIRECTION('',(0.,0.,1.));
#4043=DIRECTION('',(1.,0.,0.));
#4044=DIRECTION('',(0.,0.,1.));
#4045=DIRECTION('',(1.,0.,0.));
#4046=DIRECTION('',(0.,0.,1.));
#4047=DIRECTION('',(1.,0.,0.));
#4048=DIRECTION('',(0.,0.,-1.));
#4049=DIRECTION('',(-1.,0.,0.));
#4050=DIRECTION('',(0.,0.,1.));
#4051=DIRECTION('',(1.,0.,0.));
#4052=DIRECTION('',(-0.00999453630332609,-0.0177837674608893,-0.999791901777054));
#4053=DIRECTION('',(0.999247937521912,-0.0376391356757079,-0.00931959354215551));
#4054=DIRECTION('',(0.,0.,1.));
#4055=DIRECTION('',(1.,0.,0.));
#4056=DIRECTION('',(0.508241782197525,-0.861039822971157,-0.0173411097246264));
#4057=DIRECTION('',(0.00615741973951001,-0.0165020957946989,0.999844871475838));
#4058=DIRECTION('',(0.508241782197531,-0.861039822971154,-0.0173411097246302));
#4059=DIRECTION('',(0.748638614217963,0.431762738714893,0.503111481442457));
#4060=DIRECTION('',(0.,0.,-1.));
#4061=DIRECTION('',(-1.,0.,0.));
#4062=DIRECTION('',(0.,0.,1.));
#4063=DIRECTION('',(1.,0.,0.));
#4064=DIRECTION('',(0.,0.,1.));
#4065=DIRECTION('',(1.,0.,0.));
#4066=DIRECTION('',(0.,0.,-1.));
#4067=DIRECTION('',(-1.,0.,0.));
#4068=DIRECTION('',(0.,0.,1.));
#4069=DIRECTION('',(1.,0.,0.));
#4070=DIRECTION('',(0.,0.,1.));
#4071=DIRECTION('',(1.,0.,0.));
#4072=DIRECTION('',(0.,0.,1.));
#4073=DIRECTION('',(1.,0.,0.));
#4074=DIRECTION('',(0.,0.,1.));
#4075=DIRECTION('',(1.,0.,0.));
#4076=DIRECTION('',(0.,0.,1.));
#4077=DIRECTION('',(1.,0.,0.));
#4078=DIRECTION('',(0.,0.,1.));
#4079=DIRECTION('',(1.,0.,0.));
#4080=DIRECTION('',(0.,0.,1.));
#4081=DIRECTION('',(1.,0.,0.));
#4082=DIRECTION('',(0.,0.,-1.));
#4083=DIRECTION('',(-1.,0.,0.));
#4084=DIRECTION('',(0.,0.,1.));
#4085=DIRECTION('',(1.,0.,0.));
#4086=DIRECTION('',(0.508241782197528,-0.861039822971156,-0.0173411097246246));
#4087=DIRECTION('',(0.748638614217963,0.431762738714893,0.503111481442457));
#4088=DIRECTION('',(0.,0.,1.));
#4089=DIRECTION('',(1.,0.,0.));
#4090=DIRECTION('',(-0.425711775888905,-0.268684500325595,0.864047523666552));
#4091=DIRECTION('',(0.508241782197529,-0.861039822971155,-0.0173411097246243));
#4092=DIRECTION('',(-0.00999453630332593,-0.0177837674608878,-0.999791901777054));
#4093=DIRECTION('',(0.999247937521912,-0.0376391356757086,-0.0093195935421554));
#4094=DIRECTION('',(-0.00999453630332592,-0.0177837674608878,-0.999791901777054));
#4095=DIRECTION('',(0.999247937521912,-0.0376391356757086,-0.00931959354215539));
#4096=DIRECTION('',(0.,0.,1.));
#4097=DIRECTION('',(1.,0.,0.));
#4098=DIRECTION('',(0.508241782197527,-0.861039822971156,-0.0173411097246238));
#4099=DIRECTION('',(0.748638614217963,0.431762738714893,0.503111481442456));
#4100=DIRECTION('',(0.50824178219753,-0.861039822971154,-0.0173411097246308));
#4101=DIRECTION('',(0.748638614217963,0.431762738714893,0.503111481442456));
#4102=DIRECTION('',(0.,0.,1.));
#4103=DIRECTION('',(1.,0.,0.));
#4104=DIRECTION('',(0.00564209449899708,-0.0168062335276497,0.999842846293496));
#4105=DIRECTION('',(0.508241782197528,-0.861039822971156,-0.0173411097246247));
#4106=DIRECTION('',(-0.508241782197527,0.861039822971156,0.0173411097246287));
#4107=DIRECTION('',(0.708686592246666,0.406702353950685,0.576503694056491));
#4108=DIRECTION('',(-0.508241782197529,0.861039822971155,0.0173411097246301));
#4109=DIRECTION('',(0.708686592246665,0.406702353950685,0.576503694056491));
#4110=DIRECTION('',(0.,0.,1.));
#4111=DIRECTION('',(1.,0.,0.));
#4112=DIRECTION('',(-0.508241782197527,0.861039822971156,0.0173411097246277));
#4113=DIRECTION('',(0.708686592246666,0.406702353950685,0.576503694056491));
#4114=DIRECTION('',(-0.508241782197529,0.861039822971155,0.0173411097246306));
#4115=DIRECTION('',(0.708686592246666,0.406702353950686,0.576503694056491));
#4116=DIRECTION('',(0.,0.,1.));
#4117=DIRECTION('',(1.,0.,0.));
#4118=DIRECTION('',(-0.0871557427476583,-0.996194698091746,0.));
#4119=DIRECTION('',(0.996194698091746,-0.0871557427476583,0.));
#4120=DIRECTION('',(0.,0.,-1.));
#4121=DIRECTION('',(-0.996194698091746,0.0871557427476583,0.));
#4122=DIRECTION('',(0.,0.,-1.));
#4123=DIRECTION('',(-0.996194698091746,0.0871557427476583,0.));
#4124=DIRECTION('',(0.996194698091746,-0.0871557427476583,0.));
#4125=DIRECTION('',(0.0871557427476583,0.996194698091746,0.));
#4126=DIRECTION('',(0.,0.,-1.));
#4127=DIRECTION('',(-0.0871557427476583,-0.996194698091746,0.));
#4128=DIRECTION('',(0.,0.,1.));
#4129=DIRECTION('',(-0.0871557427476583,-0.996194698091746,0.));
#4130=DIRECTION('',(0.996194698091746,-0.0871557427476583,0.));
#4131=DIRECTION('',(0.0871557427476583,0.996194698091746,0.));
#4132=DIRECTION('',(-0.0871557427476583,-0.996194698091746,0.));
#4133=DIRECTION('',(0.,0.,-1.));
#4134=DIRECTION('',(-0.0871557427476583,-0.996194698091746,0.));
#4135=DIRECTION('',(0.,0.,-1.));
#4136=DIRECTION('',(0.0871557427476581,0.996194698091746,0.));
#4137=DIRECTION('',(-0.996194698091746,0.0871557427476581,0.));
#4138=DIRECTION('',(0.996194698091746,-0.0871557427476581,0.));
#4139=DIRECTION('',(0.,0.,-1.));
#4140=DIRECTION('',(0.996194698091746,-0.0871557427476581,0.));
#4141=DIRECTION('',(0.,0.,-1.));
#4142=DIRECTION('',(0.996194698091746,-0.0871557427476584,0.));
#4143=DIRECTION('',(0.0871557427476584,0.996194698091746,0.));
#4144=DIRECTION('',(0.,0.,-1.));
#4145=DIRECTION('',(-0.0871557427476584,-0.996194698091746,0.));
#4146=DIRECTION('',(0.,0.,-1.));
#4147=DIRECTION('',(-0.0871557427476584,-0.996194698091746,0.));
#4148=DIRECTION('',(0.0871557427476584,0.996194698091746,0.));
#4149=DIRECTION('',(-0.996194698091746,0.0871557427476584,0.));
#4150=DIRECTION('',(0.0871557427476584,0.996194698091746,0.));
#4151=DIRECTION('',(-0.996194698091746,0.0871557427476584,0.));
#4152=DIRECTION('',(0.996194698091746,-0.0871557427476584,0.));
#4153=DIRECTION('',(0.,0.,-1.));
#4154=DIRECTION('',(0.996194698091746,-0.0871557427476584,0.));
#4155=DIRECTION('',(0.0871557427476584,0.996194698091746,0.));
#4156=DIRECTION('',(-0.996194698091746,0.0871557427476584,0.));
#4157=DIRECTION('',(0.996194698091746,-0.0871557427476575,0.));
#4158=DIRECTION('',(0.0871557427476575,0.996194698091746,0.));
#4159=DIRECTION('',(-0.0871557427476575,-0.996194698091746,0.));
#4160=DIRECTION('',(0.,0.,-1.));
#4161=DIRECTION('',(-0.0871557427476575,-0.996194698091746,0.));
#4162=DIRECTION('',(0.422618261740663,0.906307787036667,0.));
#4163=DIRECTION('',(-0.906307787036667,0.422618261740663,0.));
#4164=DIRECTION('',(0.906307787036667,-0.422618261740663,0.));
#4165=DIRECTION('',(0.,0.,-1.));
#4166=DIRECTION('',(0.906307787036667,-0.422618261740663,0.));
#4167=DIRECTION('',(0.0871557427476581,0.996194698091746,0.));
#4168=DIRECTION('',(-0.996194698091746,0.0871557427476581,0.));
#4169=DIRECTION('',(0.996194698091746,-0.0871557427476581,0.));
#4170=DIRECTION('',(0.,0.,-1.));
#4171=DIRECTION('',(0.996194698091746,-0.0871557427476581,0.));
#4172=DIRECTION('',(0.996194698091746,-0.0871557427476582,0.));
#4173=DIRECTION('',(0.0871557427476582,0.996194698091746,0.));
#4174=DIRECTION('',(-0.0871557427476582,-0.996194698091746,0.));
#4175=DIRECTION('',(0.,0.,-1.));
#4176=DIRECTION('',(-0.0871557427476582,-0.996194698091746,0.));
#4177=DIRECTION('',(-0.0871557427476595,-0.996194698091745,0.));
#4178=DIRECTION('',(0.996194698091745,-0.0871557427476595,0.));
#4179=DIRECTION('',(-0.996194698091745,0.0871557427476595,0.));
#4180=DIRECTION('',(0.,0.,-1.));
#4181=DIRECTION('',(-0.996194698091745,0.0871557427476595,0.));
#4182=DIRECTION('',(0.,0.,-1.));
#4183=DIRECTION('',(0.,0.,-1.));
#4184=DIRECTION('',(-1.,0.,0.));
#4185=DIRECTION('',(0.,0.,1.));
#4186=DIRECTION('',(1.,0.,0.));
#4187=DIRECTION('',(0.,0.,-1.));
#4188=DIRECTION('',(0.,0.,1.));
#4189=DIRECTION('',(1.,0.,0.));
#4190=DIRECTION('',(0.,0.,-1.));
#4191=DIRECTION('',(0.,0.,-1.));
#4192=DIRECTION('',(-1.,0.,0.));
#4193=DIRECTION('',(0.,0.,1.));
#4194=DIRECTION('',(1.,0.,0.));
#4195=DIRECTION('',(0.,0.,1.));
#4196=DIRECTION('',(1.,0.,0.));
#4197=DIRECTION('',(0.,0.,-1.));
#4198=DIRECTION('',(0.,0.,-1.));
#4199=DIRECTION('',(0.,-1.,0.));
#4200=DIRECTION('',(0.,0.,-1.));
#4201=DIRECTION('',(0.,0.,-1.));
#4202=DIRECTION('',(0.,-1.,0.));
#4203=DIRECTION('',(-1.,0.,0.));
#4204=DIRECTION('',(-1.,0.,0.));
#4205=DIRECTION('',(0.,0.,1.));
#4206=DIRECTION('',(-1.,0.,0.));
#4207=DIRECTION('',(0.,-1.,0.));
#4208=DIRECTION('',(1.,0.,0.));
#4209=DIRECTION('',(0.,0.,-1.));
#4210=DIRECTION('',(-1.,0.,0.));
#4211=DIRECTION('',(0.,0.,1.));
#4212=DIRECTION('',(1.,0.,0.));
#4213=DIRECTION('',(0.,0.,1.));
#4214=DIRECTION('',(1.,0.,0.));
#4215=DIRECTION('',(0.,0.,1.));
#4216=DIRECTION('',(1.,0.,0.));
#4217=DIRECTION('',(-0.0871557427476583,-0.996194698091746,0.));
#4218=DIRECTION('',(0.,0.,1.));
#4219=DIRECTION('',(1.,0.,0.));
#4220=DIRECTION('',(0.,0.,1.));
#4221=DIRECTION('',(1.,0.,0.));
#4222=DIRECTION('',(-0.996194698091746,0.0871557427476583,0.));
#4223=DIRECTION('',(0.,0.,1.));
#4224=DIRECTION('',(1.,0.,0.));
#4225=DIRECTION('',(0.,0.,1.));
#4226=DIRECTION('',(1.,0.,0.));
#4227=DIRECTION('',(-1.,0.,0.));
#4228=DIRECTION('',(-0.0871557427476583,-0.996194698091746,0.));
#4229=DIRECTION('',(0.,0.,1.));
#4230=DIRECTION('',(1.,0.,0.));
#4231=DIRECTION('',(0.996194698091746,-0.0871557427476581,0.));
#4232=DIRECTION('',(-0.0871557427476584,-0.996194698091746,0.));
#4233=DIRECTION('',(-0.996194698091745,0.0871557427476595,0.));
#4234=DIRECTION('',(0.,0.,1.));
#4235=DIRECTION('',(1.,0.,0.));
#4236=DIRECTION('',(0.,0.,1.));
#4237=DIRECTION('',(1.,0.,0.));
#4238=DIRECTION('',(-0.0871557427476583,-0.996194698091746,0.));
#4239=DIRECTION('',(0.,0.,1.));
#4240=DIRECTION('',(1.,0.,0.));
#4241=DIRECTION('',(-0.996194698091746,0.0871557427476583,0.));
#4242=DIRECTION('',(0.,0.,1.));
#4243=DIRECTION('',(1.,0.,0.));
#4244=DIRECTION('',(-0.0871557427476583,-0.996194698091746,0.));
#4245=DIRECTION('',(-1.,0.,0.));
#4246=DIRECTION('',(0.,0.,1.));
#4247=DIRECTION('',(1.,0.,0.));
#4248=DIRECTION('',(-0.996194698091745,0.0871557427476595,0.));
#4249=DIRECTION('',(-0.0871557427476584,-0.996194698091746,0.));
#4250=DIRECTION('',(0.996194698091746,-0.0871557427476581,0.));
#4251=DIRECTION('',(0.,0.,1.));
#4252=DIRECTION('',(1.,0.,0.));
#4253=DIRECTION('',(0.,0.,1.));
#4254=DIRECTION('',(1.,0.,0.));
#4255=DIRECTION('',(0.,0.,1.));
#4256=DIRECTION('',(1.,0.,0.));
#4257=DIRECTION('',(0.0871557427476582,0.996194698091745,-8.63669348431938E-17));
#4258=DIRECTION('',(-0.996194698091746,0.0871557427476582,0.));
#4259=DIRECTION('',(0.996194698091746,-0.087155742747657,0.));
#4260=DIRECTION('',(0.087155742747657,0.996194698091746,0.));
#4261=DIRECTION('',(0.0871557427476583,0.996194698091746,0.));
#4262=DIRECTION('',(-0.996194698091746,0.0871557427476583,0.));
#4263=DIRECTION('',(-0.0871557427476566,-0.996194698091746,0.));
#4264=DIRECTION('',(0.996194698091746,-0.0871557427476566,0.));
#4265=DIRECTION('',(-0.0320053515109521,0.99948769751041,0.));
#4266=DIRECTION('',(-0.99948769751041,-0.0320053515109521,0.));
#4267=DIRECTION('',(0.542841045654865,-0.839835459570703,-1.22166336910005E-13));
#4268=DIRECTION('',(0.839835459570703,0.542841045654865,0.));
#4269=DIRECTION('',(-0.996194698091746,0.0871557427476583,0.));
#4270=DIRECTION('',(-0.0871557427476583,-0.996194698091746,0.));
#4271=DIRECTION('',(-0.996194698091746,0.0871557427476569,0.));
#4272=DIRECTION('',(-0.087155742747657,-0.996194698091746,0.));
#4273=DIRECTION('',(0.,0.,-1.));
#4274=DIRECTION('',(-1.,0.,0.));
#4275=DIRECTION('',(0.,0.,1.));
#4276=DIRECTION('',(1.,0.,0.));
#4277=DIRECTION('',(0.,0.,1.));
#4278=DIRECTION('',(1.,0.,0.));
#4279=DIRECTION('',(0.,0.,1.));
#4280=DIRECTION('',(1.,0.,0.));
#4281=DIRECTION('',(0.,0.,1.));
#4282=DIRECTION('',(1.,0.,0.));
#4283=DIRECTION('',(0.,0.,1.));
#4284=DIRECTION('',(1.,0.,0.));
#4285=DIRECTION('',(0.,0.,1.));
#4286=DIRECTION('',(1.,0.,0.));
#4287=DIRECTION('',(0.996194698091746,-0.087155742747657,0.));
#4288=DIRECTION('',(0.087155742747657,0.996194698091746,0.));
#4289=DIRECTION('',(0.0871557427476581,0.996194698091746,0.));
#4290=DIRECTION('',(-0.996194698091746,0.0871557427476581,0.));
#4291=DIRECTION('',(-0.0871557427476583,-0.996194698091746,0.));
#4292=DIRECTION('',(0.996194698091746,-0.0871557427476583,0.));
#4293=DIRECTION('',(-0.0871557427476569,-0.996194698091746,0.));
#4294=DIRECTION('',(0.996194698091746,-0.0871557427476569,0.));
#4295=DIRECTION('',(0.,0.,-1.));
#4296=DIRECTION('',(-1.,0.,0.));
#4297=DIRECTION('',(0.,0.,1.));
#4298=DIRECTION('',(1.,0.,0.));
#4299=DIRECTION('',(0.,0.,-1.));
#4300=DIRECTION('',(-1.,0.,0.));
#4301=DIRECTION('',(0.,0.,1.));
#4302=DIRECTION('',(1.,0.,0.));
#4303=DIRECTION('',(0.996194698091746,-0.0871557427476583,0.));
#4304=DIRECTION('',(0.0871557427476583,0.996194698091746,0.));
#4305=DIRECTION('',(-0.996194698091746,0.0871557427476569,0.));
#4306=DIRECTION('',(-0.087155742747657,-0.996194698091746,0.));
#4307=DIRECTION('',(0.,0.,1.));
#4308=DIRECTION('',(1.,0.,0.));
#4309=DIRECTION('',(0.542841045654967,-0.839835459570636,0.));
#4310=DIRECTION('',(0.839835459570636,0.542841045654967,0.));
#4311=DIRECTION('',(0.,0.,1.));
#4312=DIRECTION('',(1.,0.,0.));
#4313=DIRECTION('',(-0.0320053515109028,0.999487697510411,-4.94142910254075E-14));
#4314=DIRECTION('',(-0.999487697510411,-0.0320053515109028,0.));
#4315=DIRECTION('',(0.,0.,1.));
#4316=DIRECTION('',(1.,0.,0.));
#4317=DIRECTION('',(0.490467834482825,0.871459295284483,6.04696359155279E-15));
#4318=DIRECTION('',(-0.871459295284484,0.490467834482825,0.));
#4319=DIRECTION('',(0.,0.,-1.));
#4320=DIRECTION('',(-1.,0.,0.));
#4321=DIRECTION('',(0.,0.,-1.));
#4322=DIRECTION('',(-1.,0.,0.));
#4323=DIRECTION('',(0.,0.,1.));
#4324=DIRECTION('',(1.,0.,0.));
#4325=DIRECTION('',(0.,0.,1.));
#4326=DIRECTION('',(1.,0.,0.));
#4327=DIRECTION('',(0.490467834482823,0.871459295284484,0.));
#4328=DIRECTION('',(-0.871459295284484,0.490467834482824,0.));
#4329=DIRECTION('',(0.,-6.93889390390723E-15,1.));
#4330=DIRECTION('',(0.,-1.,-6.93889390390723E-15));
#4331=DIRECTION('',(-0.996194698091745,0.0871557427476601,0.));
#4332=DIRECTION('',(-0.0871557427476601,-0.996194698091745,0.));
#4333=DIRECTION('',(-6.93889390390723E-15,6.93889390390723E-15,-1.));
#4334=DIRECTION('',(-1.,0.,6.93889390390723E-15));
#4335=DIRECTION('',(-0.996194698091745,0.0871557427476607,-3.45624465884676E-15));
#4336=DIRECTION('',(-0.0871557427476607,-0.996194698091745,0.));
#4337=DIRECTION('',(0.996194698091745,-0.0871557427476595,0.));
#4338=DIRECTION('',(0.0871557427476595,0.996194698091745,0.));
#4339=DIRECTION('',(0.704416026402759,-0.0616284167162203,-0.707106781186548));
#4340=DIRECTION('',(0.704416026402759,-0.0616284167162203,0.707106781186548));
#4341=DIRECTION('',(-0.996194698091745,0.0871557427476595,0.));
#4342=DIRECTION('',(-0.0871557427476595,-0.996194698091745,0.));
#4343=DIRECTION('',(-0.704416026402759,0.0616284167162203,-0.707106781186548));
#4344=DIRECTION('',(-0.704416026402759,0.0616284167162203,0.707106781186548));
#4345=DIRECTION('',(0.,0.,1.));
#4346=DIRECTION('',(1.,0.,0.));
#4347=DIRECTION('',(-0.0871557427476584,-0.996194698091746,0.));
#4348=DIRECTION('',(0.996194698091746,-0.0871557427476584,0.));
#4349=DIRECTION('',(-0.0871557427476584,-0.996194698091746,-3.02382226021117E-16));
#4350=DIRECTION('',(0.996194698091746,-0.0871557427476584,0.));
#4351=DIRECTION('',(0.,0.,1.));
#4352=DIRECTION('',(1.,0.,0.));
#4353=DIRECTION('',(0.,0.,-1.));
#4354=DIRECTION('',(-1.,0.,0.));
#4355=DIRECTION('',(0.,0.,1.));
#4356=DIRECTION('',(1.,0.,0.));
#4357=DIRECTION('',(0.0871557427476584,0.996194698091746,0.));
#4358=DIRECTION('',(-0.996194698091746,0.0871557427476584,0.));
#4359=DIRECTION('',(-0.0871557427476584,-0.996194698091746,0.));
#4360=DIRECTION('',(0.996194698091746,-0.0871557427476584,0.));
#4361=DIRECTION('',(0.996194698091746,-0.0871557427476582,0.));
#4362=DIRECTION('',(0.0871557427476582,0.996194698091746,0.));
#4363=DIRECTION('',(0.996194698091746,-0.087155742747657,0.));
#4364=DIRECTION('',(0.087155742747657,0.996194698091746,0.));
#4365=DIRECTION('',(0.996194698091746,-0.0871557427476582,0.));
#4366=DIRECTION('',(0.0871557427476582,0.996194698091746,0.));
#4367=DIRECTION('',(0.996194698091746,-0.0871557427476587,1.72812232942338E-15));
#4368=DIRECTION('',(0.0871557427476587,0.996194698091746,0.));
#4369=DIRECTION('',(-0.0871557427476583,-0.996194698091746,0.));
#4370=DIRECTION('',(0.996194698091746,-0.0871557427476583,0.));
#4371=DIRECTION('',(0.0217421802119212,0.999763610859903,0.));
#4372=DIRECTION('',(-0.999763610859903,0.0217421802119212,0.));
#4373=DIRECTION('',(0.0871557427476584,0.996194698091746,0.));
#4374=DIRECTION('',(-0.996194698091746,0.0871557427476584,0.));
#4375=DIRECTION('',(-0.996194698091746,0.0871557427476581,0.));
#4376=DIRECTION('',(-0.0871557427476581,-0.996194698091746,0.));
#4377=DIRECTION('',(-0.996194698091746,0.0871557427476587,0.));
#4378=DIRECTION('',(-0.0871557427476587,-0.996194698091746,0.));
#4379=DIRECTION('',(0.996194698091746,-0.0871557427476581,0.));
#4380=DIRECTION('',(0.0871557427476581,0.996194698091746,0.));
#4381=DIRECTION('',(-0.996194698091746,0.0871557427476587,0.));
#4382=DIRECTION('',(-0.0871557427476587,-0.996194698091746,0.));
#4383=DIRECTION('',(0.0871557427476583,0.996194698091746,0.));
#4384=DIRECTION('',(-0.996194698091746,0.0871557427476583,0.));
#4385=DIRECTION('',(0.0217421802119194,0.999763610859903,0.));
#4386=DIRECTION('',(0.999763610859903,-0.0217421802119194,0.));
#4387=DIRECTION('',(0.0871557427476584,0.996194698091746,-6.4824178167364E-17));
#4388=DIRECTION('',(-0.996194698091746,0.0871557427476584,0.));
#4389=DIRECTION('',(0.,0.,1.));
#4390=DIRECTION('',(1.,0.,0.));
#4391=DIRECTION('',(0.,0.,1.));
#4392=DIRECTION('',(1.,0.,0.));
#4393=DIRECTION('',(0.,0.,1.));
#4394=DIRECTION('',(1.,0.,0.));
#4395=DIRECTION('',(0.,0.,1.));
#4396=DIRECTION('',(1.,0.,0.));
#4397=DIRECTION('',(0.,0.,-1.));
#4398=DIRECTION('',(-1.,0.,0.));
#4399=DIRECTION('',(0.,0.,1.));
#4400=DIRECTION('',(1.,0.,0.));
#4401=DIRECTION('',(1.,0.,0.));
#4402=DIRECTION('',(0.,0.,-1.));
#4403=DIRECTION('',(1.,0.,0.));
#4404=DIRECTION('',(0.,0.,-1.));
#4405=DIRECTION('',(1.,0.,0.));
#4406=DIRECTION('',(0.,0.,-1.));
#4407=DIRECTION('',(0.,0.,-1.));
#4408=DIRECTION('',(-1.,0.,0.));
#4409=DIRECTION('',(0.,0.,1.));
#4410=DIRECTION('',(1.,0.,0.));
#4411=DIRECTION('',(0.,0.,1.));
#4412=DIRECTION('',(1.,0.,0.));
#4413=DIRECTION('',(1.,-1.38777878078144E-14,1.38777878078144E-14));
#4414=DIRECTION('',(1.38777878078144E-14,0.,-1.));
#4415=DIRECTION('',(0.,0.,-1.));
#4416=DIRECTION('',(-1.,0.,0.));
#4417=DIRECTION('',(0.,0.,1.));
#4418=DIRECTION('',(1.,0.,0.));
#4419=DIRECTION('',(-1.,0.,0.));
#4420=DIRECTION('',(0.,0.,1.));
#4421=DIRECTION('',(1.,0.,0.));
#4422=DIRECTION('',(0.,0.,-1.));
#4423=DIRECTION('',(0.508241782197524,-0.861039822971158,-0.0173411097246227));
#4424=DIRECTION('',(0.708686592246665,0.406702353950685,0.576503694056491));
#4425=CARTESIAN_POINT('',(0.,0.,0.));
#4426=CARTESIAN_POINT('',(-0.0174768417611126,-0.000540625476837158,0.0184));
#4427=CARTESIAN_POINT('',(-0.0174768417611126,-0.000540625476837158,0.0159));
#4428=CARTESIAN_POINT('',(-0.0182468746572733,-0.000540625476837158,0.0159));
#4429=CARTESIAN_POINT('',(-0.0167068088649518,-0.000540625476837157,0.0159));
#4430=CARTESIAN_POINT('',(-0.0182468746572733,-0.000540625476837158,0.0184));
#4431=CARTESIAN_POINT('',(-0.0182468746572733,-0.000540625476837158,0.0184));
#4432=CARTESIAN_POINT('',(-0.0174768417611126,-0.000540625476837158,0.0184));
#4433=CARTESIAN_POINT('',(-0.0167068088649518,-0.000540625476837157,0.0184));
#4434=CARTESIAN_POINT('',(-0.0167068088649518,-0.000540625476837157,0.0184));
#4435=CARTESIAN_POINT('',(-0.0182468746572733,-0.00316562547683716,0.0184));
#4436=CARTESIAN_POINT('',(-0.0182468746572733,-0.00316562547683716,0.0159));
#4437=CARTESIAN_POINT('',(-0.0182468746572733,-0.00579062547683716,0.0159));
#4438=CARTESIAN_POINT('',(-0.0182468746572733,-0.00579062547683716,0.0184));
#4439=CARTESIAN_POINT('',(-0.0182468746572733,-0.00579062547683716,0.0184));
#4440=CARTESIAN_POINT('',(-0.0182468746572733,-0.00316562547683716,0.0184));
#4441=CARTESIAN_POINT('',(-0.0158968746572733,-0.00579062547683716,0.0184));
#4442=CARTESIAN_POINT('',(-0.0158968746572733,-0.00579062547683716,0.0159));
#4443=CARTESIAN_POINT('',(-0.0135468746572733,-0.00579062547683716,0.0159));
#4444=CARTESIAN_POINT('',(-0.0135468746572733,-0.00579062547683716,0.0227));
#4445=CARTESIAN_POINT('',(-0.0135468746572733,-0.00579062547683716,0.));
#4446=CARTESIAN_POINT('',(-0.00229687465727329,-0.00579062547683716,0.));
#4447=CARTESIAN_POINT('',(0.0089531253427267,-0.00579062547683716,0.));
#4448=CARTESIAN_POINT('',(0.0089531253427267,-0.00579062547683716,0.0227));
#4449=CARTESIAN_POINT('',(0.00895312534272671,-0.00579062547683716,0.0159));
#4450=CARTESIAN_POINT('',(0.0113031253427267,-0.00579062547683716,0.0159));
#4451=CARTESIAN_POINT('',(0.0136531253427267,-0.00579062547683716,0.0159));
#4452=CARTESIAN_POINT('',(0.0136531253427267,-0.00579062547683716,0.0184));
#4453=CARTESIAN_POINT('',(0.0136531253427267,-0.00579062547683716,0.0184));
#4454=CARTESIAN_POINT('',(0.0113031253427267,-0.00579062547683716,0.0184));
#4455=CARTESIAN_POINT('',(0.00895312534272671,-0.00579062547683716,0.0184));
#4456=CARTESIAN_POINT('',(0.0089531253427267,-0.00579062547683716,0.0227));
#4457=CARTESIAN_POINT('',(0.0089531253427267,-0.00579062547683716,0.0227));
#4458=CARTESIAN_POINT('',(-0.00229687465727329,-0.00579062547683716,0.0227));
#4459=CARTESIAN_POINT('',(-0.00764687757315398,-0.00579062547683716,0.0227));
#4460=CARTESIAN_POINT('',(-0.00229687465727329,-0.00579062547683716,0.0227));
#4461=CARTESIAN_POINT('',(-0.0135468746572733,-0.00579062547683716,0.0227));
#4462=CARTESIAN_POINT('',(-0.0135468746572733,-0.00579062547683716,0.0227));
#4463=CARTESIAN_POINT('',(-0.0135468746572733,-0.00579062547683716,0.0184));
#4464=CARTESIAN_POINT('',(-0.0158968746572733,-0.00579062547683716,0.0184));
#4465=CARTESIAN_POINT('',(-0.0158968746572733,0.00600937452316284,0.0184));
#4466=CARTESIAN_POINT('',(-0.0158968746572733,0.00600937452316284,0.0159));
#4467=CARTESIAN_POINT('',(-0.0135468746572733,0.00600937452316284,0.0159));
#4468=CARTESIAN_POINT('',(-0.0182468746572733,0.00600937452316284,0.0159));
#4469=CARTESIAN_POINT('',(-0.0182468746572733,0.00600937452316284,0.0184));
#4470=CARTESIAN_POINT('',(-0.0182468746572733,0.00600937452316284,0.0184));
#4471=CARTESIAN_POINT('',(-0.0158968746572733,0.00600937452316284,0.0184));
#4472=CARTESIAN_POINT('',(-0.0135468746572733,0.00600937452316284,0.0184));
#4473=CARTESIAN_POINT('',(-0.0135468746572733,0.00600937452316284,0.0227));
#4474=CARTESIAN_POINT('',(-0.0135468746572733,0.00600937452316284,0.0227));
#4475=CARTESIAN_POINT('',(-0.00229687465727329,0.00600937452316284,0.0227));
#4476=CARTESIAN_POINT('',(-0.00764687757315398,0.00600937452316284,0.0227));
#4477=CARTESIAN_POINT('',(-0.00229687465727329,0.00600937452316284,0.0227));
#4478=CARTESIAN_POINT('',(0.0089531253427267,0.00600937452316284,0.0227));
#4479=CARTESIAN_POINT('',(0.0089531253427267,0.00600937452316284,0.0227));
#4480=CARTESIAN_POINT('',(0.0089531253427267,0.00600937452316284,0.0184));
#4481=CARTESIAN_POINT('',(0.0113031253427267,0.00600937452316284,0.0184));
#4482=CARTESIAN_POINT('',(0.0136531253427267,0.00600937452316284,0.0184));
#4483=CARTESIAN_POINT('',(0.0136531253427267,0.00600937452316284,0.0184));
#4484=CARTESIAN_POINT('',(0.0136531253427267,0.00600937452316284,0.0159));
#4485=CARTESIAN_POINT('',(0.0113031253427267,0.00600937452316284,0.0159));
#4486=CARTESIAN_POINT('',(0.00895312534272671,0.00600937452316284,0.0159));
#4487=CARTESIAN_POINT('',(0.0089531253427267,0.00600937452316284,0.0227));
#4488=CARTESIAN_POINT('',(0.0089531253427267,0.00600937452316284,0.));
#4489=CARTESIAN_POINT('',(-0.00229687465727329,0.00600937452316284,0.));
#4490=CARTESIAN_POINT('',(-0.0135468746572733,0.00600937452316284,0.));
#4491=CARTESIAN_POINT('',(-0.0135468746572733,0.00600937452316284,0.0227));
#4492=CARTESIAN_POINT('',(-0.0182468746572733,0.00338437452316284,0.0184));
#4493=CARTESIAN_POINT('',(-0.0182468746572733,0.00338437452316284,0.0159));
#4494=CARTESIAN_POINT('',(-0.0182468746572733,0.000759374523162842,0.0159));
#4495=CARTESIAN_POINT('',(-0.0182468746572733,0.000759374523162842,0.0184));
#4496=CARTESIAN_POINT('',(-0.0182468746572733,0.000759374523162842,0.0184));
#4497=CARTESIAN_POINT('',(-0.0182468746572733,0.00338437452316284,0.0184));
#4498=CARTESIAN_POINT('',(-0.0174768417611126,0.000759374523162842,0.0184));
#4499=CARTESIAN_POINT('',(-0.0174768417611126,0.000759374523162842,0.0159));
#4500=CARTESIAN_POINT('',(-0.0167068088649518,0.000759374523162842,0.0159));
#4501=CARTESIAN_POINT('',(-0.0167068088649518,0.000759374523162842,0.0184));
#4502=CARTESIAN_POINT('',(-0.0167068088649518,0.000759374523162842,0.0184));
#4503=CARTESIAN_POINT('',(-0.0174768417611126,0.000759374523162842,0.0184));
#4504=CARTESIAN_POINT('',(-0.0159468746572733,0.000109374523162842,0.0184));
#4505=CARTESIAN_POINT('',(-0.0159468746572733,0.000109374523162842,0.0159));
#4506=CARTESIAN_POINT('',(-0.0159468746572733,0.000109374523162842,0.0184));
#4507=CARTESIAN_POINT('',(-0.00229687465727329,0.000109374523162842,0.0184));
#4508=CARTESIAN_POINT('',(-0.0135468746572733,0.000109374523162842,0.0184));
#4509=CARTESIAN_POINT('',(-0.00229687465727329,0.000109374523162842,0.0159));
#4510=CARTESIAN_POINT('',(-0.0135468746572733,0.000109374523162842,0.0159));
#4511=CARTESIAN_POINT('',(-0.0135468746572733,0.000109374523162842,0.0227));
#4512=CARTESIAN_POINT('',(-0.0135468746572733,0.000109374523162842,0.0227));
#4513=CARTESIAN_POINT('',(-0.013546877573154,0.00010937452316284,0.0227));
#4514=CARTESIAN_POINT('',(-0.0135468746572733,0.000109374523162842,0.0227));
#4515=CARTESIAN_POINT('',(0.012883092446566,0.000759374523162843,0.0184));
#4516=CARTESIAN_POINT('',(0.012883092446566,0.000759374523162843,0.0159));
#4517=CARTESIAN_POINT('',(0.0136531253427267,0.000759374523162843,0.0159));
#4518=CARTESIAN_POINT('',(0.0121130595504053,0.000759374523162843,0.0159));
#4519=CARTESIAN_POINT('',(0.0136531253427267,0.000759374523162843,0.0184));
#4520=CARTESIAN_POINT('',(0.0136531253427267,0.000759374523162843,0.0184));
#4521=CARTESIAN_POINT('',(0.012883092446566,0.000759374523162843,0.0184));
#4522=CARTESIAN_POINT('',(0.0121130595504053,0.000759374523162843,0.0184));
#4523=CARTESIAN_POINT('',(0.0121130595504053,0.000759374523162843,0.0184));
#4524=CARTESIAN_POINT('',(0.0136531253427267,0.00338437452316284,0.0184));
#4525=CARTESIAN_POINT('',(0.0136531253427267,0.00338437452316284,0.0159));
#4526=CARTESIAN_POINT('',(0.0136531253427267,0.00338437452316284,0.0184));
#4527=CARTESIAN_POINT('',(0.0136531253427267,-0.00316562547683716,0.0184));
#4528=CARTESIAN_POINT('',(0.0136531253427267,-0.00316562547683716,0.0159));
#4529=CARTESIAN_POINT('',(0.0136531253427267,-0.000540625476837159,0.0159));
#4530=CARTESIAN_POINT('',(0.0136531253427267,-0.000540625476837159,0.0184));
#4531=CARTESIAN_POINT('',(0.0136531253427267,-0.000540625476837159,0.0184));
#4532=CARTESIAN_POINT('',(0.0136531253427267,-0.00316562547683716,0.0184));
#4533=CARTESIAN_POINT('',(0.012883092446566,-0.000540625476837159,0.0184));
#4534=CARTESIAN_POINT('',(0.012883092446566,-0.000540625476837159,0.0159));
#4535=CARTESIAN_POINT('',(0.0121130595504053,-0.000540625476837158,0.0159));
#4536=CARTESIAN_POINT('',(0.0121130595504053,-0.000540625476837158,0.0184));
#4537=CARTESIAN_POINT('',(0.0121130595504053,-0.000540625476837158,0.0184));
#4538=CARTESIAN_POINT('',(0.012883092446566,-0.000540625476837159,0.0184));
#4539=CARTESIAN_POINT('',(0.0113531253427267,0.000109374523162842,0.0184));
#4540=CARTESIAN_POINT('',(0.0113531253427267,0.000109374523162842,0.0159));
#4541=CARTESIAN_POINT('',(0.0113531253427267,0.000109374523162842,0.0184));
#4542=CARTESIAN_POINT('',(-0.00229687465727329,0.000109374523162842,0.0184));
#4543=CARTESIAN_POINT('',(0.00895312534272671,0.000109374523162841,0.0184));
#4544=CARTESIAN_POINT('',(-0.00229687465727329,0.000109374523162842,0.0159));
#4545=CARTESIAN_POINT('',(0.00895312534272671,0.000109374523162841,0.0159));
#4546=CARTESIAN_POINT('',(0.0089531253427267,0.000109374523162843,0.0227));
#4547=CARTESIAN_POINT('',(0.0089531253427267,0.000109374523162843,0.));
#4548=CARTESIAN_POINT('',(-0.00229687465727329,0.000109374523162842,0.0227));
#4549=CARTESIAN_POINT('',(-0.00764687757315398,0.00010937452316284,0.0227));
#4550=CARTESIAN_POINT('',(-0.00230272188679902,0.00260937452316284,0.0227));
#4551=CARTESIAN_POINT('',(-0.00182479827203616,0.00260937452316284,0.0227));
#4552=CARTESIAN_POINT('',(-0.00134687465727329,0.00260937452316284,0.0227));
#4553=CARTESIAN_POINT('',(-0.00134687465727329,0.000109374523162843,0.0227));
#4554=CARTESIAN_POINT('',(-0.00134687465727329,-0.00239062547683716,0.0227));
#4555=CARTESIAN_POINT('',(-0.00182479827203616,-0.00239062547683716,0.0227));
#4556=CARTESIAN_POINT('',(-0.00230272188679902,-0.00239062547683715,0.0227));
#4557=CARTESIAN_POINT('',(-0.00764687757315398,0.00010937452316284,0.0227));
#4558=CARTESIAN_POINT('',(0.0089531253427267,0.000109374523162843,0.0227));
#4559=CARTESIAN_POINT('',(-0.00229687465727329,0.000109374523162842,0.0227));
#4560=CARTESIAN_POINT('',(-0.00764687757315398,0.00010937452316284,0.0227));
#4561=CARTESIAN_POINT('',(-0.0135468746572733,0.000109374523162842,0.0227));
#4562=CARTESIAN_POINT('',(-0.0135468746572733,0.000109374523162842,0.));
#4563=CARTESIAN_POINT('',(0.0089531253427267,0.000109374523162843,0.0227));
#4564=CARTESIAN_POINT('',(-0.00229687465727329,0.000109374523162842,0.0227));
#4565=CARTESIAN_POINT('',(-0.00764687757315398,0.00010937452316284,0.0227));
#4566=CARTESIAN_POINT('',(-0.00229687465727329,0.000109374523162842,0.));
#4567=CARTESIAN_POINT('',(-0.00764687757315398,0.00010937452316284,0.0267));
#4568=CARTESIAN_POINT('',(-0.00230272188679902,-0.00239062547683715,0.0267));
#4569=CARTESIAN_POINT('',(-0.00230272188679902,-0.00239062547683715,0.0267));
#4570=CARTESIAN_POINT('',(-0.00764687757315398,0.00010937452316284,0.0267));
#4571=CARTESIAN_POINT('',(-0.00230272188679902,0.00260937452316284,0.0267));
#4572=CARTESIAN_POINT('',(-0.00230272188679902,0.00260937452316284,0.0267));
#4573=CARTESIAN_POINT('',(-0.00182479827203616,-0.00239062547683716,0.0267));
#4574=CARTESIAN_POINT('',(-0.00134687465727329,-0.00239062547683716,0.0267));
#4575=CARTESIAN_POINT('',(-0.00134687465727329,-0.00239062547683716,0.0267));
#4576=CARTESIAN_POINT('',(-0.00182479827203616,-0.00239062547683716,0.0267));
#4577=CARTESIAN_POINT('',(-0.00134687465727329,0.000109374523162843,0.0267));
#4578=CARTESIAN_POINT('',(-0.00134687465727329,0.00260937452316284,0.0267));
#4579=CARTESIAN_POINT('',(-0.00134687465727329,0.00260937452316284,0.0267));
#4580=CARTESIAN_POINT('',(-0.00134687465727329,0.000109374523162843,0.0267));
#4581=CARTESIAN_POINT('',(-0.00182479827203616,0.00260937452316284,0.0267));
#4582=CARTESIAN_POINT('',(-0.00182479827203616,0.00260937452316284,0.0267));
#4583=CARTESIAN_POINT('',(-0.00619687611521363,0.000109374523162842,0.0267));
#4584=CARTESIAN_POINT('',(-0.00764687757315398,0.000109374523162841,0.0267));
#4585=CARTESIAN_POINT('',(-0.00534687757315398,0.000109374523162841,0.0267));
#4586=CARTESIAN_POINT('',(-0.00764687757315398,0.000109374523162841,0.0299));
#4587=CARTESIAN_POINT('',(-0.00764687757315398,0.000109374523162841,0.0299));
#4588=CARTESIAN_POINT('',(-0.00534687757315398,0.000109374523162841,0.0299));
#4589=CARTESIAN_POINT('',(-0.00764687757315398,0.00010937452316284,0.0299));
#4590=CARTESIAN_POINT('',(0.0057726505129101,-0.0643570370171692,-0.0319014852865192));
#4591=CARTESIAN_POINT('',(0.0141,-0.0005,0.01));
#4592=CARTESIAN_POINT('',(0.0141,0.00975,0.01));
#4593=CARTESIAN_POINT('',(0.0141,0.00975,0.01));
#4594=CARTESIAN_POINT('',(0.0141,0.00975,0.00709909123017938));
#4595=CARTESIAN_POINT('',(0.0141,0.00909591998152445,0.00499857240630967));
#4596=CARTESIAN_POINT('',(0.0141,0.00911510593636673,0.00719848874543186));
#4597=CARTESIAN_POINT('',(0.0141,0.00159854756069478,0.00796378090937387));
#4598=CARTESIAN_POINT('',(0.0141,-0.00591801081497715,0.00872907307331587));
#4599=CARTESIAN_POINT('',(0.0141,-0.00629785030215154,0.00499835974152755));
#4600=CARTESIAN_POINT('',(0.0141,-0.00588574098052508,0.00127107307331586));
#4601=CARTESIAN_POINT('',(0.0141,0.00171035402677195,0.00203987096940976));
#4602=CARTESIAN_POINT('',(0.0141,0.00930644903406891,0.00280866886550365));
#4603=CARTESIAN_POINT('',(0.0141,0.00909591998152445,0.00499857240630967));
#4604=CARTESIAN_POINT('',(0.0141,0.00975,0.00289805358243995));
#4605=CARTESIAN_POINT('',(0.0141,0.00975,0.01));
#4606=CARTESIAN_POINT('',(0.0141,0.00975,0.));
#4607=CARTESIAN_POINT('',(0.0141,-0.0005,0.));
#4608=CARTESIAN_POINT('',(0.0141,-0.01075,0.));
#4609=CARTESIAN_POINT('',(0.0141,-0.01075,0.01));
#4610=CARTESIAN_POINT('',(0.0141,-0.01075,0.01));
#4611=CARTESIAN_POINT('',(0.0141,-0.0005,0.01));
#4612=CARTESIAN_POINT('',(-3.46944695195361E-18,0.01175,0.01));
#4613=CARTESIAN_POINT('',(-3.46944695195361E-18,0.01175,0.));
#4614=CARTESIAN_POINT('',(-0.0161,0.01175,0.));
#4615=CARTESIAN_POINT('',(0.0161,0.01175,0.));
#4616=CARTESIAN_POINT('',(-0.0161,0.01175,0.01));
#4617=CARTESIAN_POINT('',(-0.0161,0.01175,0.01));
#4618=CARTESIAN_POINT('',(-3.46944695195361E-18,0.01175,0.01));
#4619=CARTESIAN_POINT('',(0.0161,0.01175,0.01));
#4620=CARTESIAN_POINT('',(0.0161,0.01175,0.01));
#4621=CARTESIAN_POINT('',(-0.0161,0.0005,0.01));
#4622=CARTESIAN_POINT('',(-0.0161,0.0005,0.));
#4623=CARTESIAN_POINT('',(-0.0161,-0.01075,0.));
#4624=CARTESIAN_POINT('',(-0.0161,-0.01075,0.01));
#4625=CARTESIAN_POINT('',(-0.0161,-0.01075,0.01));
#4626=CARTESIAN_POINT('',(-0.0161,0.0005,0.01));
#4627=CARTESIAN_POINT('',(-0.0151,-0.01075,0.01));
#4628=CARTESIAN_POINT('',(-0.0151,-0.01075,0.));
#4629=CARTESIAN_POINT('',(-0.0141,-0.01075,0.));
#4630=CARTESIAN_POINT('',(-0.0141,-0.01075,0.01));
#4631=CARTESIAN_POINT('',(-0.0141,-0.01075,0.01));
#4632=CARTESIAN_POINT('',(-0.0151,-0.01075,0.01));
#4633=CARTESIAN_POINT('',(-0.0141,-0.0005,0.01));
#4634=CARTESIAN_POINT('',(-0.0141,-0.0005,0.));
#4635=CARTESIAN_POINT('',(-0.0141,0.00975,0.));
#4636=CARTESIAN_POINT('',(-0.0141,0.00975,0.01));
#4637=CARTESIAN_POINT('',(-0.0141,0.00975,0.01));
#4638=CARTESIAN_POINT('',(-0.0141,-0.0005,0.01));
#4639=CARTESIAN_POINT('',(-1.7347234759768E-18,0.00975,0.01));
#4640=CARTESIAN_POINT('',(-1.7347234759768E-18,0.00975,0.));
#4641=CARTESIAN_POINT('',(0.0141,0.00975,0.01));
#4642=CARTESIAN_POINT('',(-1.7347234759768E-18,0.00975,0.01));
#4643=CARTESIAN_POINT('',(0.0151,-0.01075,0.01));
#4644=CARTESIAN_POINT('',(0.0151,-0.01075,0.));
#4645=CARTESIAN_POINT('',(0.0161,-0.01075,0.));
#4646=CARTESIAN_POINT('',(0.0161,-0.01075,0.01));
#4647=CARTESIAN_POINT('',(0.0161,-0.01075,0.01));
#4648=CARTESIAN_POINT('',(0.0151,-0.01075,0.01));
#4649=CARTESIAN_POINT('',(0.0161,0.000500000000000006,0.01));
#4650=CARTESIAN_POINT('',(0.0161,0.00909591998152445,0.00499857240630967));
#4651=CARTESIAN_POINT('',(0.0161,0.00930644903406891,0.00280866886550365));
#4652=CARTESIAN_POINT('',(0.0161,0.00911510593636673,0.00719848874543186));
#4653=CARTESIAN_POINT('',(0.0161,0.00130974523265019,0.00199932550522301));
#4654=CARTESIAN_POINT('',(0.0161,-0.00588574098052508,0.00127107307331586));
#4655=CARTESIAN_POINT('',(0.0161,-0.00629785030215154,0.00499835974152755));
#4656=CARTESIAN_POINT('',(0.0161,-0.00591801081497715,0.00872907307331587));
#4657=CARTESIAN_POINT('',(0.0161,0.000306081901454742,0.00809537222972893));
#4658=CARTESIAN_POINT('',(0.0161,0.000500000000000006,0.));
#4659=CARTESIAN_POINT('',(0.0161,0.000500000000000006,0.01));
#4660=CARTESIAN_POINT('',(0.,0.0005,0.01));
#4661=CARTESIAN_POINT('',(0.,0.0005,0.));
#4662=CARTESIAN_POINT('',(0.0141,0.000657872908463046,0.00499835974152755));
#4663=CARTESIAN_POINT('',(0.0141,0.00909591998152445,0.00499857240630967));
#4664=CARTESIAN_POINT('',(0.0141,0.00909591998152445,0.00499857240630967));
#4665=CARTESIAN_POINT('',(0.0141,0.00911510593636673,0.00719848874543186));
#4666=CARTESIAN_POINT('',(0.0141,0.00930644903406891,0.00280866886550365));
#4667=CARTESIAN_POINT('',(0.0141,0.00159854756069478,0.00796378090937387));
#4668=CARTESIAN_POINT('',(0.0141,-0.00591801081497715,0.00872907307331587));
#4669=CARTESIAN_POINT('',(0.0141,-0.00629785030215154,0.00499835974152755));
#4670=CARTESIAN_POINT('',(0.0141,-0.00588574098052508,0.00127107307331586));
#4671=CARTESIAN_POINT('',(0.0141,0.00171035402677195,0.00203987096940976));
#4672=CARTESIAN_POINT('',(0.045814925395695,-0.0458497024465697,-0.0137506732742034));
#4673=CARTESIAN_POINT('',(0.0140991502125561,0.00771341518644881,0.01));
#4674=CARTESIAN_POINT('',(0.0140991502125561,0.0189634151864488,0.01));
#4675=CARTESIAN_POINT('',(0.,0.0189634151864488,0.0100000711344182));
#4676=CARTESIAN_POINT('',(0.0291991502125561,0.0189634151864488,0.01));
#4677=CARTESIAN_POINT('',(0.,0.00771341518644881,0.01));
#4678=CARTESIAN_POINT('',(-4.24893721940413E-7,0.0179634109407643,0.0100000668892655));
#4679=CARTESIAN_POINT('',(0.0140991502125561,0.0179634151864488,0.01));
#4680=CARTESIAN_POINT('',(0.0291991502125561,0.0179634151864488,0.01));
#4681=CARTESIAN_POINT('',(0.0291991502125561,0.00771341518644882,0.01));
#4682=CARTESIAN_POINT('',(0.0281991502125561,0.00671341518644882,0.01));
#4683=CARTESIAN_POINT('',(0.0282,0.000915561153735307,0.00493102972230026));
#4684=CARTESIAN_POINT('',(0.028199575106278,0.00129347264812541,0.00866193884775586));
#4685=CARTESIAN_POINT('',(0.028199575106278,-0.00253657552988044,0.00639572352391853));
#4686=CARTESIAN_POINT('',(0.0281991502125561,-0.00253658481355118,0.01));
#4687=CARTESIAN_POINT('',(0.0281991502125561,-0.00253658481355118,0.009));
#4688=CARTESIAN_POINT('',(0.0281991502125561,0.00671341518644882,0.009));
#4689=CARTESIAN_POINT('',(0.0281991502125561,0.0169634151864488,0.009));
#4690=CARTESIAN_POINT('',(0.0281991502125561,0.0169634151864488,0.01));
#4691=CARTESIAN_POINT('',(0.028199164336129,0.0169634051164595,0.00703304635533731));
#4692=CARTESIAN_POINT('',(0.0282,0.016307403444627,0.00493102972230026));
#4693=CARTESIAN_POINT('',(0.028199575106278,0.0164587153671092,0.00712582007723504));
#4694=CARTESIAN_POINT('',(0.0281991502125561,0.0164587153671092,0.00712582007723504));
#4695=CARTESIAN_POINT('',(0.0301991502125561,0.00771341518644882,0.01));
#4696=CARTESIAN_POINT('',(0.0301991502125561,0.00852990748830891,0.00193266119851818));
#4697=CARTESIAN_POINT('',(0.0301991502125562,0.00132983122993083,0.00120394420987609));
#4698=CARTESIAN_POINT('',(0.0301991502125561,0.0165179324971714,0.00274112618149423));
#4699=CARTESIAN_POINT('',(0.0301991502125562,0.00143052643483134,0.00020902688883376));
#4700=CARTESIAN_POINT('',(0.0301991502125562,0.00132211269142707,0.00120313274850921));
#4701=CARTESIAN_POINT('',(0.0301991502125562,0.000915561153735307,0.00493102972230026));
#4702=CARTESIAN_POINT('',(0.0301991502125562,-0.00253658481355118,0.00346638361468668));
#4703=CARTESIAN_POINT('',(0.0301991502125562,-0.00253658481355118,0.01));
#4704=CARTESIAN_POINT('',(0.0301991502125562,-0.00253658481355118,0.001));
#4705=CARTESIAN_POINT('',(0.0301991502125561,0.0189634151864488,0.001));
#4706=CARTESIAN_POINT('',(0.0301991502125561,0.0179634151864488,0.001));
#4707=CARTESIAN_POINT('',(0.0301991502125561,0.0179634151864488,0.01));
#4708=CARTESIAN_POINT('',(0.0301991502125561,0.0179634151864488,0.00348271169405222));
#4709=CARTESIAN_POINT('',(0.0301991502125561,0.016307403444627,0.00493102972230026));
#4710=CARTESIAN_POINT('',(0.0281991502125561,0.00671341518644882,0.01));
#4711=CARTESIAN_POINT('',(0.0281991502125561,-0.00353658481355118,0.001));
#4712=CARTESIAN_POINT('',(0.0281991502125561,0.0169634151864488,0.001));
#4713=CARTESIAN_POINT('',(0.0281991502125561,-0.00253658481355118,0.001));
#4714=CARTESIAN_POINT('',(0.0281991502125561,-0.00253658481355118,0.01));
#4715=CARTESIAN_POINT('',(0.028199575106278,-0.00253657294807814,0.00346632266795005));
#4716=CARTESIAN_POINT('',(0.0282,0.000915561153735307,0.00493102972230026));
#4717=CARTESIAN_POINT('',(0.028199575106278,0.00132574248257751,0.00120353038930646));
#4718=CARTESIAN_POINT('',(0.0281991502125561,0.00754004701259889,0.0018324777950166));
#4719=CARTESIAN_POINT('',(0.028199575106278,0.0165179324971714,0.00274112618149423));
#4720=CARTESIAN_POINT('',(0.0282,0.016307403444627,0.00493102972230026));
#4721=CARTESIAN_POINT('',(0.0281991755214738,0.0169633998391779,0.00282934927556046));
#4722=CARTESIAN_POINT('',(0.0281991502125561,0.0169634151864488,0.01));
#4723=CARTESIAN_POINT('',(0.0301991502125561,0.00771341518644882,0.01));
#4724=CARTESIAN_POINT('',(0.0301991502125561,0.00771341518644882,0.009));
#4725=CARTESIAN_POINT('',(0.0301991502125561,0.0179634151864488,0.009));
#4726=CARTESIAN_POINT('',(0.0301991502125562,-0.00253658481355118,0.009));
#4727=CARTESIAN_POINT('',(0.0301991502125562,-0.00253658481355118,0.01));
#4728=CARTESIAN_POINT('',(0.0301991502125562,-0.00253658481355118,0.00639567582991384));
#4729=CARTESIAN_POINT('',(0.0301991502125562,0.000915561153735307,0.00493102972230026));
#4730=CARTESIAN_POINT('',(0.0301991502125562,0.00129347264812541,0.00866193884775586));
#4731=CARTESIAN_POINT('',(0.0301991502125561,0.00751405650281296,0.00803184305569691));
#4732=CARTESIAN_POINT('',(0.0301991502125561,0.0164587153671092,0.00712582007723504));
#4733=CARTESIAN_POINT('',(0.0301991502125561,0.016307403444627,0.00493102972230026));
#4734=CARTESIAN_POINT('',(0.0301991502125561,0.0179634151864488,0.00637934775054831));
#4735=CARTESIAN_POINT('',(0.0301991502125561,0.0179634151864488,0.01));
#4736=CARTESIAN_POINT('',(0.0140991502125561,0.0189634151864488,0.01));
#4737=CARTESIAN_POINT('',(0.,0.0189634151864488,0.00857453954294322));
#4738=CARTESIAN_POINT('',(0.,0.0189634151864488,0.));
#4739=CARTESIAN_POINT('',(0.0291991502125561,0.0189634151864488,0.01));
#4740=CARTESIAN_POINT('',(0.0291991502125561,0.0189634151864488,0.));
#4741=CARTESIAN_POINT('',(0.0140991502125561,0.0189634151864488,0.));
#4742=CARTESIAN_POINT('',(-0.00200084978744388,0.00771341518644881,0.01));
#4743=CARTESIAN_POINT('',(-0.00200084978744388,-0.00253658481355119,0.01));
#4744=CARTESIAN_POINT('',(-0.00200084978744388,-0.00253658481355119,0.));
#4745=CARTESIAN_POINT('',(-0.00200084978744388,-0.00253658481355119,0.009));
#4746=CARTESIAN_POINT('',(-0.00200084978744388,0.00771341518644881,0.009));
#4747=CARTESIAN_POINT('',(-0.00200084978744388,-0.00242189269651084,0.009));
#4748=CARTESIAN_POINT('',(-0.00200084978744387,-0.00242189269651084,0.009));
#4749=CARTESIAN_POINT('',(-0.00200084978744387,-0.000952939735054138,0.00934063017587461));
#4750=CARTESIAN_POINT('',(-0.00200084978744387,0.000517533315428654,0.00967468395740136));
#4751=CARTESIAN_POINT('',(-0.00200084978744388,0.00198995586594139,0.00999999816020616));
#4752=CARTESIAN_POINT('',(-0.00200042489372194,0.0019899558659492,0.00999999908010308));
#4753=CARTESIAN_POINT('',(-0.00200084978744388,0.00771341518644881,0.01));
#4754=CARTESIAN_POINT('',(-0.00200042489372194,0.0189634151864488,0.0100000711344182));
#4755=CARTESIAN_POINT('',(-0.00200084978744389,0.0189634151864488,0.01));
#4756=CARTESIAN_POINT('',(-0.00200042489372194,0.0189634151864488,0.));
#4757=CARTESIAN_POINT('',(-0.00200084978744388,0.00771341518644881,0.));
#4758=CARTESIAN_POINT('',(-8.49787443877383E-7,0.00671341518644881,0.01));
#4759=CARTESIAN_POINT('',(-8.49787443875936E-7,0.0019899558659414,0.00999999816020617));
#4760=CARTESIAN_POINT('',(-8.49787443875485E-7,0.000517521706033163,0.00967468139244388));
#4761=CARTESIAN_POINT('',(-8.4978744387361E-7,-0.000952931940450392,0.00934063198333701));
#4762=CARTESIAN_POINT('',(-8.4978744387316E-7,-0.00242189269651084,0.009));
#4763=CARTESIAN_POINT('',(-4.24893721937968E-7,0.00198995586595702,0.00999999908010308));
#4764=CARTESIAN_POINT('',(-8.49787443874461E-7,-0.00242189269651084,0.009));
#4765=CARTESIAN_POINT('',(-8.49787443877383E-7,0.00671341518644881,0.009));
#4766=CARTESIAN_POINT('',(-8.49787443874551E-7,-0.00253658481355119,0.009));
#4767=CARTESIAN_POINT('',(-8.49787443874551E-7,-0.00253658481355119,0.01));
#4768=CARTESIAN_POINT('',(-8.49787443874551E-7,-0.00253658481355119,0.001));
#4769=CARTESIAN_POINT('',(-8.49787443880521E-7,0.0169634151864488,0.001));
#4770=CARTESIAN_POINT('',(-8.49787443880521E-7,0.0169634151864488,0.001));
#4771=CARTESIAN_POINT('',(-8.49787443880521E-7,0.0169634151864488,0.01));
#4772=CARTESIAN_POINT('',(-8.49787443880521E-7,0.0169634151864488,0.009));
#4773=CARTESIAN_POINT('',(-8.49787443881617E-7,0.0179634151864488,0.009));
#4774=CARTESIAN_POINT('',(-8.49787443877383E-7,0.00671341518644881,0.01));
#4775=CARTESIAN_POINT('',(0.0140991502125561,0.0169634151864488,0.01));
#4776=CARTESIAN_POINT('',(0.0140991502125561,0.0169634151864488,0.009));
#4777=CARTESIAN_POINT('',(0.0281991502125561,0.0169634151864488,0.001));
#4778=CARTESIAN_POINT('',(0.0282,0.0169634151864488,0.00493102972230026));
#4779=CARTESIAN_POINT('',(0.0140991502125561,0.00771341518644881,0.));
#4780=CARTESIAN_POINT('',(-0.00100084978744387,-0.00353658481355119,0.));
#4781=CARTESIAN_POINT('',(-0.00100084978744388,0.0179634151864488,0.));
#4782=CARTESIAN_POINT('',(-0.00100084978744387,-0.00253658481355119,0.));
#4783=CARTESIAN_POINT('',(-0.00200084978744388,-0.00253658481355119,0.));
#4784=CARTESIAN_POINT('',(0.0140991502125561,0.0189634151864488,0.));
#4785=CARTESIAN_POINT('',(0.0291991502125561,-0.00353658481355118,0.));
#4786=CARTESIAN_POINT('',(0.0291991502125561,0.0179634151864488,0.));
#4787=CARTESIAN_POINT('',(-8.49787443879882E-7,0.0179634151864488,0.));
#4788=CARTESIAN_POINT('',(0.0282,0.00787032036795775,0.00493102972230026));
#4789=CARTESIAN_POINT('',(0.0282,0.016307403444627,0.00493102972230026));
#4790=CARTESIAN_POINT('',(0.0307,0.000915561153735307,0.00493102972230026));
#4791=CARTESIAN_POINT('',(0.0307,0.0013221126914427,0.00120313274851092));
#4792=CARTESIAN_POINT('',(0.0281991502128373,-0.00253656109694846,0.00346632771631611));
#4793=CARTESIAN_POINT('',(0.0281991455221808,-0.00273434054405168,0.0039324695166847));
#4794=CARTESIAN_POINT('',(0.0282899315332432,-0.00293463574515045,0.00493028160324149));
#4795=CARTESIAN_POINT('',(0.0281991465452506,-0.00273414331493304,0.0059300502150705));
#4796=CARTESIAN_POINT('',(0.0281991502127284,-0.00253656625128634,0.00639571958008535));
#4797=CARTESIAN_POINT('',(0.0307,0.00129347264812541,0.00866193884775586));
#4798=CARTESIAN_POINT('',(0.0301991502125562,-0.00253658481355118,0.00639567582991384));
#4799=CARTESIAN_POINT('',(0.0301991502125562,-0.00273434957857843,0.00592954764201147));
#4800=CARTESIAN_POINT('',(0.0301083730704218,-0.00293462844704837,0.00493177068908911));
#4801=CARTESIAN_POINT('',(0.0301991502125562,-0.00273414887845517,0.00393203875581172));
#4802=CARTESIAN_POINT('',(0.0301991502125562,-0.00253658481355118,0.00346638361468668));
#4803=CARTESIAN_POINT('',(0.0307,0.0089218374898745,0.00197232828540036));
#4804=CARTESIAN_POINT('',(0.0307,0.00132983122993067,0.00120394420987607));
#4805=CARTESIAN_POINT('',(0.0307,0.0165179324971714,0.00274112618149423));
#4806=CARTESIAN_POINT('',(0.0307,0.016307403444627,0.00493102972230026));
#4807=CARTESIAN_POINT('',(0.0301991502125561,0.0179634151864488,0.00348271169405222));
#4808=CARTESIAN_POINT('',(0.0301991502125561,0.0183163619426739,0.00388627221124996));
#4809=CARTESIAN_POINT('',(0.0298773358707324,0.0186986525133197,0.0049309105390537));
#4810=CARTESIAN_POINT('',(0.0301991502125561,0.0183159468060221,0.00597626190200505));
#4811=CARTESIAN_POINT('',(0.0301991502125561,0.0179634151864488,0.00637934775054831));
#4812=CARTESIAN_POINT('',(0.0307,0.0164587153671092,0.00712582007723504));
#4813=CARTESIAN_POINT('',(0.0307,0.0088760940076173,0.00789387946249545));
#4814=CARTESIAN_POINT('',(0.0291991502125561,-0.00253658481355118,0.009));
#4815=CARTESIAN_POINT('',(0.0291991502125561,-0.00253658481355118,0.009));
#4816=CARTESIAN_POINT('',(0.0291991502125561,-0.00253658481355118,0.009));
#4817=CARTESIAN_POINT('',(0.0140991502125561,0.0179634151864488,0.009));
#4818=CARTESIAN_POINT('',(0.0291991502125561,0.0179634151864488,0.009));
#4819=CARTESIAN_POINT('',(0.0291991502125561,0.00671341518644882,0.009));
#4820=CARTESIAN_POINT('',(0.0291991502125561,0.0179634151864488,0.009));
#4821=CARTESIAN_POINT('',(0.0291991502125561,-0.00253658481355118,0.01));
#4822=CARTESIAN_POINT('',(0.0291991502125561,-0.00253658481355118,0.001));
#4823=CARTESIAN_POINT('',(0.0291991502125561,-0.00253658481355118,0.001));
#4824=CARTESIAN_POINT('',(0.0291991502125561,-0.00253658481355118,0.001));
#4825=CARTESIAN_POINT('',(0.0291991502125561,0.0179634151864488,0.01));
#4826=CARTESIAN_POINT('',(0.0291991502125561,0.0179634151864488,0.001));
#4827=CARTESIAN_POINT('',(0.0291991502125561,0.00771341518644882,0.001));
#4828=CARTESIAN_POINT('',(0.0291991502125561,0.0179634151864488,0.001));
#4829=CARTESIAN_POINT('',(0.0140991502125561,0.0179634151864488,0.001));
#4830=CARTESIAN_POINT('',(-0.00100084978744388,0.0179634151864488,0.001));
#4831=CARTESIAN_POINT('',(-0.00100084978744388,0.00771341518644881,0.001));
#4832=CARTESIAN_POINT('',(-0.00100084978744387,-0.00253658481355119,0.001));
#4833=CARTESIAN_POINT('',(-0.00100084978744387,-0.00253658481355119,0.01));
#4834=CARTESIAN_POINT('',(-0.00100084978744387,-0.00253658481355119,0.009));
#4835=CARTESIAN_POINT('',(-0.00100084978744387,-0.00253658481355119,0.001));
#4836=CARTESIAN_POINT('',(-0.00100084978744387,-0.00353658481355119,0.001));
#4837=CARTESIAN_POINT('',(-0.00100084978744387,-0.00253658481355119,0.001));
#4838=CARTESIAN_POINT('',(-0.00100084978744387,-0.00253658481355119,0.001));
#4839=CARTESIAN_POINT('',(-0.00100084978744387,-0.00253658481355119,0.001));
#4840=CARTESIAN_POINT('',(0.0140991502125561,-0.00253658481355118,0.001));
#4841=CARTESIAN_POINT('',(0.0307,0.00143052643483134,0.00020902688883376));
#4842=CARTESIAN_POINT('',(0.,0.0236634151864488,0.005));
#4843=CARTESIAN_POINT('',(-0.002,0.0236634151864488,0.005));
#4844=CARTESIAN_POINT('',(-0.002,0.0236634151864488,0.0109));
#4845=CARTESIAN_POINT('',(-0.002,0.0236634151864488,-0.0009));
#4846=CARTESIAN_POINT('',(0.,0.0236634151864488,0.0109));
#4847=CARTESIAN_POINT('',(0.,0.0236634151864488,0.0109));
#4848=CARTESIAN_POINT('',(0.,0.0236634151864488,0.005));
#4849=CARTESIAN_POINT('',(0.,0.0236634151864488,-0.0009));
#4850=CARTESIAN_POINT('',(0.,0.0236634151864488,-0.0009));
#4851=CARTESIAN_POINT('',(0.,0.0349134151864488,0.0109));
#4852=CARTESIAN_POINT('',(-0.002,0.0349134151864488,0.0109));
#4853=CARTESIAN_POINT('',(-0.002,0.0461634151864488,0.0109));
#4854=CARTESIAN_POINT('',(0.,0.0461634151864488,0.0109));
#4855=CARTESIAN_POINT('',(0.,0.0461634151864488,0.0109));
#4856=CARTESIAN_POINT('',(0.,0.0349134151864488,0.0109));
#4857=CARTESIAN_POINT('',(0.,0.0461634151864488,0.00902446840852497));
#4858=CARTESIAN_POINT('',(-0.002,0.0461634151864488,0.00902446840852497));
#4859=CARTESIAN_POINT('',(-0.002,0.0461634151864488,0.000100000000000015));
#4860=CARTESIAN_POINT('',(-0.001,0.0461634151864488,0.000100000000000015));
#4861=CARTESIAN_POINT('',(-0.001,0.0461634151864488,-0.000899999999999986));
#4862=CARTESIAN_POINT('',(-0.001,0.0461634151864488,0.000100000000000014));
#4863=CARTESIAN_POINT('',(0.,0.0461634151864488,0.000100000000000015));
#4864=CARTESIAN_POINT('',(0.,0.0461634151864488,0.00902446840852497));
#4865=CARTESIAN_POINT('',(0.,0.0189634151864488,0.00857453954294322));
#4866=CARTESIAN_POINT('',(-0.002,0.0189634151864488,0.00857453954294322));
#4867=CARTESIAN_POINT('',(-0.002,0.0189634151864488,-0.0009));
#4868=CARTESIAN_POINT('',(0.,0.0189634151864488,-0.0009));
#4869=CARTESIAN_POINT('',(0.,0.0189634151864488,-0.0009));
#4870=CARTESIAN_POINT('',(0.,0.0189634151864488,0.00857453954294322));
#4871=CARTESIAN_POINT('',(0.,0.0212634151864488,0.005));
#4872=CARTESIAN_POINT('',(0.,0.0212634151864488,0.005));
#4873=CARTESIAN_POINT('',(0.,0.0212634151864488,0.004));
#4874=CARTESIAN_POINT('',(-0.002,0.0212634151864488,0.005));
#4875=CARTESIAN_POINT('',(-0.002,0.0212634151864488,0.004));
#4876=CARTESIAN_POINT('',(0.,0.0213134151864488,-0.0009));
#4877=CARTESIAN_POINT('',(-0.002,0.0213134151864488,-0.0009));
#4878=CARTESIAN_POINT('',(0.,0.0213134151864488,-0.0009));
#4879=CARTESIAN_POINT('',(0.,0.0485634151864488,0.005));
#4880=CARTESIAN_POINT('',(0.,0.0485634151864488,0.005));
#4881=CARTESIAN_POINT('',(0.,0.0485634151864488,0.004));
#4882=CARTESIAN_POINT('',(-0.002,0.0485634151864488,0.005));
#4883=CARTESIAN_POINT('',(-0.002,0.0485634151864488,0.004));
#4884=CARTESIAN_POINT('',(0.,0.0241634618477742,0.0102372152537107));
#4885=CARTESIAN_POINT('',(0.,0.0498634151864488,0.0102372152537108));
#4886=CARTESIAN_POINT('',(0.,0.0498634151864488,0.000100000000000017));
#4887=CARTESIAN_POINT('',(0.,0.0498634151864488,0.0106895109404394));
#4888=CARTESIAN_POINT('',(0.,0.0498634151864488,0.0106895109404394));
#4889=CARTESIAN_POINT('',(0.,0.049416904515967,0.0116407515744404));
#4890=CARTESIAN_POINT('',(0.,0.0478070920315374,0.0130763398523261));
#4891=CARTESIAN_POINT('',(0.,0.0448526287397191,0.0141259087796468));
#4892=CARTESIAN_POINT('',(0.,0.041780913889989,0.0146751525359995));
#4893=CARTESIAN_POINT('',(0.,0.0376677789443463,0.0149848692519585));
#4894=CARTESIAN_POINT('',(0.,0.0324793412603933,0.014878225590317));
#4895=CARTESIAN_POINT('',(0.,0.026327175469117,0.0143262497780596));
#4896=CARTESIAN_POINT('',(0.,0.0202070976890002,0.013498859061342));
#4897=CARTESIAN_POINT('',(0.,0.0120840020921019,0.0121343925622893));
#4898=CARTESIAN_POINT('',(0.,0.0060188607809255,0.0108901366534926));
#4899=CARTESIAN_POINT('',(0.,0.0019899558659414,0.00999999816020616));
#4900=CARTESIAN_POINT('',(0.,0.0241634618477742,0.0001));
#4901=CARTESIAN_POINT('',(-0.002,0.0241634618477742,0.0102372152537107));
#4902=CARTESIAN_POINT('',(-0.002,0.00198995586594139,0.00999999816020616));
#4903=CARTESIAN_POINT('',(-0.002,0.00601886078092549,0.0108901366534926));
#4904=CARTESIAN_POINT('',(-0.002,0.0120840020921018,0.0121343925622892));
#4905=CARTESIAN_POINT('',(-0.002,0.0202070976890002,0.013498859061342));
#4906=CARTESIAN_POINT('',(-0.002,0.0263271754691169,0.0143262497780596));
#4907=CARTESIAN_POINT('',(-0.002,0.0324793412603933,0.014878225590317));
#4908=CARTESIAN_POINT('',(-0.002,0.0376677789443463,0.0149848692519585));
#4909=CARTESIAN_POINT('',(-0.002,0.041780913889989,0.0146751525359995));
#4910=CARTESIAN_POINT('',(-0.002,0.0448526287397192,0.0141259087796468));
#4911=CARTESIAN_POINT('',(-0.002,0.0478070920315374,0.0130763398523261));
#4912=CARTESIAN_POINT('',(-0.002,0.049416904515967,0.0116407515744404));
#4913=CARTESIAN_POINT('',(-0.002,0.0498634151864488,0.0106895109404394));
#4914=CARTESIAN_POINT('',(-0.002,0.0498634151864488,0.0106895109404394));
#4915=CARTESIAN_POINT('',(-0.002,0.0498634151864488,-0.000899999999999981));
#4916=CARTESIAN_POINT('',(-0.002,0.0498634151864488,0.000100000000000018));
#4917=CARTESIAN_POINT('',(-0.002,0.0461634151864488,0.000100000000000015));
#4918=CARTESIAN_POINT('',(-0.001,0.0485134151864488,0.000100000000000016));
#4919=CARTESIAN_POINT('',(-0.001,0.0485134151864488,-0.000899999999999984));
#4920=CARTESIAN_POINT('',(-0.001,0.0498634151864488,-0.000899999999999983));
#4921=CARTESIAN_POINT('',(-0.001,0.0498634151864488,0.000100000000000017));
#4922=CARTESIAN_POINT('',(-0.001,0.0241634618477742,0.0001));
#4923=CARTESIAN_POINT('',(-0.001,0.0498634151864488,0.000100000000000017));
#4924=CARTESIAN_POINT('',(-0.001,0.0498634151864488,0.000100000000000017));
#4925=CARTESIAN_POINT('',(-0.001,0.0498634151864488,0.000100000000000017));
#4926=CARTESIAN_POINT('',(-0.001,0.0508634151864488,0.000100000000000017));
#4927=CARTESIAN_POINT('',(-0.001,0.0498634151864488,0.000100000000000017));
#4928=CARTESIAN_POINT('',(-0.001,0.0498634151864488,0.000100000000000017));
#4929=CARTESIAN_POINT('',(-0.001,0.0498634151864488,0.000100000000000018));
#4930=CARTESIAN_POINT('',(-0.001,0.0498634151864488,0.005));
#4931=CARTESIAN_POINT('',(-0.001,0.0508634151864488,0.005));
#4932=CARTESIAN_POINT('',(-0.001,0.0508634151864488,0.0109));
#4933=CARTESIAN_POINT('',(-0.001,0.0508634151864488,0.0109));
#4934=CARTESIAN_POINT('',(-0.000732908918881573,0.0508634151864488,0.0109));
#4935=CARTESIAN_POINT('',(-0.000211663700993628,0.0506414341820985,0.0108565004639316));
#4936=CARTESIAN_POINT('',(-8.59733505432813E-19,0.0501203841516385,0.0107467872183424));
#4937=CARTESIAN_POINT('',(-2.79844186275594E-31,0.0498634151864488,0.0106895109404394));
#4938=CARTESIAN_POINT('',(-0.001,0.0498634151864488,0.0102372152537108));
#4939=CARTESIAN_POINT('',(-0.001,0.0508634151864488,0.0109));
#4940=CARTESIAN_POINT('',(-0.00126709108111843,0.0508634151864488,0.0109));
#4941=CARTESIAN_POINT('',(-0.00178833629900639,0.0506414341820985,0.0108565004639319));
#4942=CARTESIAN_POINT('',(-0.002,0.0501203841516386,0.0107467872183419));
#4943=CARTESIAN_POINT('',(-0.002,0.0498634151864488,0.0106895109404394));
#4944=CARTESIAN_POINT('',(0.,0.0019899558659414,0.00999999816020616));
#4945=CARTESIAN_POINT('',(0.,0.00177422047184011,0.0109764500226817));
#4946=CARTESIAN_POINT('',(-0.001,0.00177422047184011,0.0109764500226817));
#4947=CARTESIAN_POINT('',(0.,0.00402382131770182,0.0104493564764866));
#4948=CARTESIAN_POINT('',(0.,0.0038132198915099,0.011426942627943));
#4949=CARTESIAN_POINT('',(-0.001,0.00381321989152254,0.0114269426278802));
#4950=CARTESIAN_POINT('',(0.,0.00809989609255634,0.0113164573706832));
#4951=CARTESIAN_POINT('',(-3.78901078561993E-19,0.00790057638905785,0.0122964546558631));
#4952=CARTESIAN_POINT('',(-0.001,0.00790057638905199,0.0122964546558922));
#4953=CARTESIAN_POINT('',(0.,0.014233946453925,0.0124978169928329));
#4954=CARTESIAN_POINT('',(1.32615377496698E-18,0.0140558431286424,0.0134819260937213));
#4955=CARTESIAN_POINT('',(-0.001,0.0140558431286439,0.0134819260937135));
#4956=CARTESIAN_POINT('',(0.,0.0203869929936394,0.0135270204270856));
#4957=CARTESIAN_POINT('',(-3.62467141432329E-18,0.0202364313697743,0.0145157988532784));
#4958=CARTESIAN_POINT('',(-0.001,0.0202364313697739,0.0145157988532805));
#4959=CARTESIAN_POINT('',(0.,0.0265683630002488,0.0143543902733868));
#4960=CARTESIAN_POINT('',(2.76419102646538E-18,0.0264555957609949,0.015348323619148));
#4961=CARTESIAN_POINT('',(-0.001,0.026455595760995,0.0153483236191474));
#4962=CARTESIAN_POINT('',(0.,0.0317476083630889,0.0148081859635789));
#4963=CARTESIAN_POINT('',(-3.56430772689994E-18,0.0316809519887771,0.0158064924726083));
#4964=CARTESIAN_POINT('',(-0.001,0.0316809519887771,0.0158064924726083));
#4965=CARTESIAN_POINT('',(0.,0.0359286483772966,0.0149453754836073));
#4966=CARTESIAN_POINT('',(6.58745275196399E-19,0.0359180406504723,0.0159457257699924));
#4967=CARTESIAN_POINT('',(-0.001,0.0359180406504723,0.0159457257699924));
#4968=CARTESIAN_POINT('',(0.,0.0390617394956226,0.0148929189651102));
#4969=CARTESIAN_POINT('',(-1.26436624409737E-19,0.03910869482963,0.0158925074036169));
#4970=CARTESIAN_POINT('',(-0.001,0.03910869482963,0.0158925074036169));
#4971=CARTESIAN_POINT('',(0.,0.0416556092341542,0.0146709794693487));
#4972=CARTESIAN_POINT('',(-1.48571752032831E-19,0.0417718149538286,0.0156654299759359));
#4973=CARTESIAN_POINT('',(-0.001,0.0417718149538286,0.0156654299759359));
#4974=CARTESIAN_POINT('',(0.,0.043724142639009,0.01432329591404));
#4975=CARTESIAN_POINT('',(2.92716478541045E-19,0.0439222939656759,0.015304284771249));
#4976=CARTESIAN_POINT('',(-0.001,0.0439222939656758,0.015304284771249));
#4977=CARTESIAN_POINT('',(0.,0.0452527785201296,0.0139510011496208));
#4978=CARTESIAN_POINT('',(-1.13261621977481E-18,0.0455320910826786,0.0149129719325145));
#4979=CARTESIAN_POINT('',(-0.001,0.0455320910826786,0.0149129719325145));
#4980=CARTESIAN_POINT('',(0.,0.0467370048318243,0.0134295447782586));
#4981=CARTESIAN_POINT('',(-6.17059245530264E-18,0.0471281131919188,0.0143528744405876));
#4982=CARTESIAN_POINT('',(-0.001,0.0471281131919186,0.0143528744405876));
#4983=CARTESIAN_POINT('',(0.,0.0481372070764898,0.0126979625210911));
#4984=CARTESIAN_POINT('',(2.58149860409853E-17,0.0486852143355456,0.0135453557377168));
#4985=CARTESIAN_POINT('',(-0.001,0.0486852143355463,0.0135453557377169));
#4986=CARTESIAN_POINT('',(0.,0.0491458648726771,0.0118370564137522));
#4987=CARTESIAN_POINT('',(-7.66052954170351E-17,0.0498825293145653,0.0125280549056685));
#4988=CARTESIAN_POINT('',(-0.001,0.0498825293145633,0.0125280549056681));
#4989=CARTESIAN_POINT('',(0.,0.0496731007215919,0.0110764946468667));
#4990=CARTESIAN_POINT('',(1.06560055797528E-16,0.050529349329524,0.011602247976832));
#4991=CARTESIAN_POINT('',(-0.001,0.0505293493295269,0.0116022479768326));
#4992=CARTESIAN_POINT('',(0.,0.0498797336778869,0.010663592022045));
#4993=CARTESIAN_POINT('',(-1.50264421769166E-16,0.0507931973693097,0.0110719004888788));
#4994=CARTESIAN_POINT('',(-0.001,0.0507931973693056,0.011071900488878));
#4995=CARTESIAN_POINT('',(0.,0.0499794528244351,0.0104207119321574));
#4996=CARTESIAN_POINT('',(2.82704750258609E-16,0.0509050657899226,0.0107991137854571));
#4997=CARTESIAN_POINT('',(-0.001,0.0509050657899297,0.0107991137854586));
#4998=CARTESIAN_POINT('',(0.,0.0500299653870121,0.0102994681050639));
#4999=CARTESIAN_POINT('',(-6.34231749975914E-16,0.0509535534735099,0.010682854393957));
#5000=CARTESIAN_POINT('',(-0.001,0.050953553473494,0.0106828543939537));
#5001=CARTESIAN_POINT('',(0.,0.0500551400446377,0.0102388216642858));
#5002=CARTESIAN_POINT('',(6.50521303491303E-18,0.0509787281311196,0.0106222079531756));
#5003=CARTESIAN_POINT('',(-0.001,0.0509787281311196,0.0106222079531756));
#5004=CARTESIAN_POINT('',(-0.001,0.00177422047184011,0.0109764500226817));
#5005=CARTESIAN_POINT('',(-0.001,0.00593115664941741,0.0118948754965704));
#5006=CARTESIAN_POINT('',(-0.001,0.0121901202064967,0.0131762723951193));
#5007=CARTESIAN_POINT('',(-0.001,0.0205744828889938,0.0145680411244541));
#5008=CARTESIAN_POINT('',(-0.001,0.0268917056921282,0.015399078194415));
#5009=CARTESIAN_POINT('',(-0.001,0.0332488672771246,0.0159264410225311));
#5010=CARTESIAN_POINT('',(-0.001,0.0386009839409628,0.0159691395449682));
#5011=CARTESIAN_POINT('',(-0.001,0.0428412304044311,0.0155436139302002));
#5012=CARTESIAN_POINT('',(-0.001,0.0459869277098541,0.0148528112028675));
#5013=CARTESIAN_POINT('',(-0.001,0.0489650583197293,0.0135510170158206));
#5014=CARTESIAN_POINT('',(-0.001,0.0504482249079579,0.0119002047698362));
#5015=CARTESIAN_POINT('',(-0.001,0.0508634151864488,0.0109));
#5016=CARTESIAN_POINT('',(-0.00100084978744388,0.0017742204718401,0.0109764500226817));
#5017=CARTESIAN_POINT('',(-0.001,0.00177422047184011,0.0109764500226817));
#5018=CARTESIAN_POINT('',(-0.000738200612200851,0.00177422047184011,0.0109764500226817));
#5019=CARTESIAN_POINT('',(-0.00021668613152648,0.00182096733982126,0.0107648664459801));
#5020=CARTESIAN_POINT('',(0.,0.00193347647183908,0.0102556326600176));
#5021=CARTESIAN_POINT('',(0.,0.0019899558659414,0.00999999816020616));
#5022=CARTESIAN_POINT('',(-0.001,0.0017742204718401,0.0109764500226817));
#5023=CARTESIAN_POINT('',(-0.002,0.0017742204718401,0.0109764500226817));
#5024=CARTESIAN_POINT('',(-0.002,0.00198995586594139,0.00999999816020616));
#5025=CARTESIAN_POINT('',(-0.001,0.00381321989155517,0.0114269426278874));
#5026=CARTESIAN_POINT('',(-0.002,0.00381321989154151,0.0114269426279545));
#5027=CARTESIAN_POINT('',(-0.002,0.00402382131773298,0.0104493564764975));
#5028=CARTESIAN_POINT('',(-0.001,0.00790057638903684,0.0122964546558889));
#5029=CARTESIAN_POINT('',(-0.002,0.00790057638904319,0.0122964546558577));
#5030=CARTESIAN_POINT('',(-0.002,0.00809989609254188,0.0113164573706781));
#5031=CARTESIAN_POINT('',(-0.001,0.014055843128648,0.0134819260937144));
#5032=CARTESIAN_POINT('',(-0.002,0.0140558431286463,0.0134819260937227));
#5033=CARTESIAN_POINT('',(-0.002,0.0142339464539289,0.0124978169928342));
#5034=CARTESIAN_POINT('',(-0.001,0.0202364313697728,0.0145157988532803));
#5035=CARTESIAN_POINT('',(-0.002,0.0202364313697733,0.014515798853278));
#5036=CARTESIAN_POINT('',(-0.002,0.0203869929936383,0.0135270204270852));
#5037=CARTESIAN_POINT('',(-0.001,0.0264555957609953,0.0153483236191474));
#5038=CARTESIAN_POINT('',(-0.002,0.0264555957609951,0.0153483236191481));
#5039=CARTESIAN_POINT('',(-0.002,0.0265683630002491,0.0143543902733869));
#5040=CARTESIAN_POINT('',(-0.001,0.0316809519887771,0.0158064924726083));
#5041=CARTESIAN_POINT('',(-0.002,0.0316809519887771,0.0158064924726083));
#5042=CARTESIAN_POINT('',(-0.002,0.0317476083630889,0.0148081859635789));
#5043=CARTESIAN_POINT('',(-0.001,0.0359180406504723,0.0159457257699924));
#5044=CARTESIAN_POINT('',(-0.002,0.0359180406504723,0.0159457257699924));
#5045=CARTESIAN_POINT('',(-0.002,0.0359286483772966,0.0149453754836073));
#5046=CARTESIAN_POINT('',(-0.001,0.03910869482963,0.0158925074036169));
#5047=CARTESIAN_POINT('',(-0.002,0.03910869482963,0.0158925074036169));
#5048=CARTESIAN_POINT('',(-0.002,0.0390617394956226,0.0148929189651102));
#5049=CARTESIAN_POINT('',(-0.001,0.0417718149538286,0.0156654299759359));
#5050=CARTESIAN_POINT('',(-0.002,0.0417718149538286,0.0156654299759359));
#5051=CARTESIAN_POINT('',(-0.002,0.0416556092341542,0.0146709794693487));
#5052=CARTESIAN_POINT('',(-0.001,0.0439222939656758,0.015304284771249));
#5053=CARTESIAN_POINT('',(-0.002,0.0439222939656759,0.015304284771249));
#5054=CARTESIAN_POINT('',(-0.002,0.043724142639009,0.01432329591404));
#5055=CARTESIAN_POINT('',(-0.001,0.0455320910826786,0.0149129719325145));
#5056=CARTESIAN_POINT('',(-0.002,0.0455320910826786,0.0149129719325145));
#5057=CARTESIAN_POINT('',(-0.002,0.0452527785201296,0.0139510011496208));
#5058=CARTESIAN_POINT('',(-0.001,0.0471281131919186,0.0143528744405876));
#5059=CARTESIAN_POINT('',(-0.002,0.0471281131919188,0.0143528744405876));
#5060=CARTESIAN_POINT('',(-0.002,0.0467370048318243,0.0134295447782586));
#5061=CARTESIAN_POINT('',(-0.001,0.0486852143355463,0.0135453557377169));
#5062=CARTESIAN_POINT('',(-0.002,0.0486852143355456,0.0135453557377168));
#5063=CARTESIAN_POINT('',(-0.002,0.0481372070764898,0.0126979625210911));
#5064=CARTESIAN_POINT('',(-0.001,0.0498825293145633,0.0125280549056681));
#5065=CARTESIAN_POINT('',(-0.00200000000000001,0.0498825293145653,0.0125280549056685));
#5066=CARTESIAN_POINT('',(-0.002,0.0491458648726771,0.0118370564137522));
#5067=CARTESIAN_POINT('',(-0.001,0.0505293493295269,0.0116022479768326));
#5068=CARTESIAN_POINT('',(-0.00199999999999998,0.050529349329524,0.011602247976832));
#5069=CARTESIAN_POINT('',(-0.002,0.0496731007215919,0.0110764946468667));
#5070=CARTESIAN_POINT('',(-0.001,0.0507931973693056,0.011071900488878));
#5071=CARTESIAN_POINT('',(-0.00200000000000002,0.0507931973693097,0.0110719004888788));
#5072=CARTESIAN_POINT('',(-0.002,0.0498797336778869,0.010663592022045));
#5073=CARTESIAN_POINT('',(-0.001,0.0509050657899297,0.0107991137854586));
#5074=CARTESIAN_POINT('',(-0.00199999999999998,0.0509050657899226,0.0107991137854571));
#5075=CARTESIAN_POINT('',(-0.002,0.0499794528244351,0.0104207119321574));
#5076=CARTESIAN_POINT('',(-0.001,0.050953553473494,0.0106828543939537));
#5077=CARTESIAN_POINT('',(-0.00200000000000004,0.0509535534735099,0.010682854393957));
#5078=CARTESIAN_POINT('',(-0.002,0.0500299653870121,0.0102994681050639));
#5079=CARTESIAN_POINT('',(-0.001,0.0509787281311196,0.0106222079531756));
#5080=CARTESIAN_POINT('',(-0.00200000000000001,0.0509787281311196,0.0106222079531756));
#5081=CARTESIAN_POINT('',(-0.002,0.0500551400446377,0.0102388216642858));
#5082=CARTESIAN_POINT('',(-0.002,0.00198995586594139,0.00999999816020616));
#5083=CARTESIAN_POINT('',(-0.002,0.00193350702670323,0.0102554943639622));
#5084=CARTESIAN_POINT('',(-0.00178356060039073,0.0018210576995389,0.0107644574638798));
#5085=CARTESIAN_POINT('',(-0.00126250744925309,0.00177426851923298,0.0109762325527275));
#5086=CARTESIAN_POINT('',(-0.00100084978713704,0.0017742205497355,0.0109764496701151));
#5087=CARTESIAN_POINT('',(-0.00100084978744388,0.00177422047184014,0.0109764500226817));
#5088=CARTESIAN_POINT('',(-8.49787443875979E-7,0.00177422047184014,0.0109764500226817));
#5089=CARTESIAN_POINT('',(-8.49787443875979E-7,0.0019899558659414,0.00999999816020616));
#5090=CARTESIAN_POINT('',(-0.00100084978744042,0.000289179263749753,0.010648347877972));
#5091=CARTESIAN_POINT('',(-8.49787440422007E-7,0.000289179263758889,0.0106483478779324));
#5092=CARTESIAN_POINT('',(-8.49787443875525E-7,0.00050865382227142,0.00967272213924242));
#5093=CARTESIAN_POINT('',(-0.00100084978744387,-0.00119648178242906,0.0103106897220942));
#5094=CARTESIAN_POINT('',(-8.4978744387316E-7,-0.00119648178242909,0.0103106897220922));
#5095=CARTESIAN_POINT('',(-8.49787443873612E-7,-0.000970589159329368,0.00933653751487558));
#5096=CARTESIAN_POINT('',(-0.00100084978744387,-0.00267422607231223,0.00996802095694773));
#5097=CARTESIAN_POINT('',(-8.4978744387316E-7,-0.00267422607231223,0.00996802095694773));
#5098=CARTESIAN_POINT('',(-8.4978744387316E-7,-0.00244833344921251,0.00899386874972899));
#5099=CARTESIAN_POINT('',(-0.00100084978744387,-0.00253648262924943,0.00999996178450791));
#5100=CARTESIAN_POINT('',(-0.00100084978744388,-0.00110124810381302,0.0103327730841667));
#5101=CARTESIAN_POINT('',(-0.00100084978744388,0.000335597383197533,0.0106586034078935));
#5102=CARTESIAN_POINT('',(-0.00100084978744388,0.00177422047184001,0.0109764500226817));
#5103=CARTESIAN_POINT('',(-0.00100084978744388,-0.00253649149090052,0.00999997986480594));
#5104=CARTESIAN_POINT('',(-0.00100084978744387,-0.0025363178264311,0.01));
#5105=CARTESIAN_POINT('',(-0.000735864562973427,-0.0025363178264311,0.01));
#5106=CARTESIAN_POINT('',(-0.000217312636030714,-0.00251144544553387,0.00978263182996297));
#5107=CARTESIAN_POINT('',(-8.49787443874353E-7,-0.0024515890375988,0.0092595263913608));
#5108=CARTESIAN_POINT('',(-8.49787443874353E-7,-0.00242189269651084,0.009));
#5109=CARTESIAN_POINT('',(-0.00100084978744388,0.00771341518644881,0.009));
#5110=CARTESIAN_POINT('',(-0.00100084978744387,-0.00253658481355119,0.009));
#5111=CARTESIAN_POINT('',(-0.00200084978744388,0.0019899558659414,0.00999999816020616));
#5112=CARTESIAN_POINT('',(-0.00200084978744388,0.00177422047184014,0.0109764500226817));
#5113=CARTESIAN_POINT('',(-0.00100084978744388,0.00177422047184014,0.0109764500226817));
#5114=CARTESIAN_POINT('',(-0.00200084978744388,0.000508653784039401,0.00967272213079365));
#5115=CARTESIAN_POINT('',(-0.00200084978744318,0.000289179225430199,0.0106483478694611));
#5116=CARTESIAN_POINT('',(-0.00100084978744289,0.000289179225420898,0.0106483478695037));
#5117=CARTESIAN_POINT('',(-0.00200084978744387,-0.000970589193408033,0.0093365375069728));
#5118=CARTESIAN_POINT('',(-0.00200084978744387,-0.00119648181650796,0.0103106897141901));
#5119=CARTESIAN_POINT('',(-0.00100084978744387,-0.00119648181650781,0.0103106897141918));
#5120=CARTESIAN_POINT('',(-0.00200084978744387,-0.00244833344859253,0.00899386874987276));
#5121=CARTESIAN_POINT('',(-0.00200084978744387,-0.00267422607169225,0.00996802095709149));
#5122=CARTESIAN_POINT('',(-0.00100084978744387,-0.00267422607169225,0.00996802095709149));
#5123=CARTESIAN_POINT('',(-0.00100084978744388,-0.0025363178264311,0.01));
#5124=CARTESIAN_POINT('',(-0.00126583501191432,-0.0025363178264311,0.01));
#5125=CARTESIAN_POINT('',(-0.00178438693885704,-0.0025114454455365,0.00978263182996266));
#5126=CARTESIAN_POINT('',(-0.00200084978744388,-0.00245158903759353,0.0092595263913614));
#5127=CARTESIAN_POINT('',(-0.00200084978744388,-0.00242189269651084,0.009));
#5128=CARTESIAN_POINT('',(-0.00100084978744387,-0.00253658481355119,0.009));
#5129=CARTESIAN_POINT('',(-0.00100084978744387,-0.00253658481355119,0.009));
#5130=CARTESIAN_POINT('',(-0.00100084978744388,0.00771341518644881,0.009));
#5131=CARTESIAN_POINT('',(0.00997906865924763,-0.0607750808173744,-0.0432721140736462));
#5132=CARTESIAN_POINT('',(0.0025,0.00909591998152445,0.00499857240630967));
#5133=CARTESIAN_POINT('',(0.,0.00909591998152445,0.00499857240630967));
#5134=CARTESIAN_POINT('',(0.,0.00930644903406891,0.00280866886550365));
#5135=CARTESIAN_POINT('',(0.,0.00911510593636673,0.00719848874543186));
#5136=CARTESIAN_POINT('',(0.0025,0.00911510593636673,0.00719848874543186));
#5137=CARTESIAN_POINT('',(0.0025,0.00911510593636673,0.00719848874543186));
#5138=CARTESIAN_POINT('',(0.0025,0.00909591998152445,0.00499857240630967));
#5139=CARTESIAN_POINT('',(0.0025,0.00930644903406891,0.00280866886550365));
#5140=CARTESIAN_POINT('',(0.0025,0.00930644903406891,0.00280866886550365));
#5141=CARTESIAN_POINT('',(0.0025,0.00159854756069478,0.00796378090937387));
#5142=CARTESIAN_POINT('',(0.,0.00159854756069478,0.00796378090937387));
#5143=CARTESIAN_POINT('',(0.,-0.00591801081497715,0.00872907307331587));
#5144=CARTESIAN_POINT('',(0.0025,-0.00591801081497715,0.00872907307331587));
#5145=CARTESIAN_POINT('',(0.0025,-0.00591801081497715,0.00872907307331587));
#5146=CARTESIAN_POINT('',(0.0025,0.00159854756069478,0.00796378090937387));
#5147=CARTESIAN_POINT('',(0.0025,-0.00629785030215154,0.00499835974152755));
#5148=CARTESIAN_POINT('',(0.,-0.00629785030215154,0.00499835974152755));
#5149=CARTESIAN_POINT('',(0.,-0.00588574098052508,0.00127107307331586));
#5150=CARTESIAN_POINT('',(0.0025,-0.00588574098052508,0.00127107307331586));
#5151=CARTESIAN_POINT('',(0.0025,-0.00588574098052508,0.00127107307331586));
#5152=CARTESIAN_POINT('',(0.0025,-0.00629785030215154,0.00499835974152755));
#5153=CARTESIAN_POINT('',(0.0025,0.00171035402677195,0.00203987096940976));
#5154=CARTESIAN_POINT('',(0.,0.00171035402677195,0.00203987096940976));
#5155=CARTESIAN_POINT('',(0.0025,0.00171035402677195,0.00203987096940976));
#5156=CARTESIAN_POINT('',(0.0025,-0.00629785030215153,0.00499835974152755));
#5157=CARTESIAN_POINT('',(0.0025,-0.00629785030215153,0.00499835974152755));
#5158=CARTESIAN_POINT('',(0.0025,-0.00629785030215153,0.00269835974152755));
#5159=CARTESIAN_POINT('',(0.,-0.00629785030215153,0.00499835974152755));
#5160=CARTESIAN_POINT('',(0.,-0.00629785030215153,0.00269835974152755));
#5161=CARTESIAN_POINT('',(0.0025,0.000657872908463046,0.00499835974152755));
#5162=CARTESIAN_POINT('',(0.,0.000657872908463046,0.00499835974152755));
#5163=CARTESIAN_POINT('',(0.0635662314204209,-0.0297462085560523,-0.00474283674512496));
#5164=CARTESIAN_POINT('',(0.0416667222970765,-0.063849641956285,-0.0229557016349758));
#5165=CARTESIAN_POINT('',(0.,6.12323399573677E-20,0.0015));
#5166=CARTESIAN_POINT('',(0.,6.12323399573677E-20,0.0015));
#5167=CARTESIAN_POINT('',(0.001,6.12323399573677E-20,0.0015));
#5168=CARTESIAN_POINT('',(0.,6.12323399573677E-20,0.));
#5169=CARTESIAN_POINT('',(0.001,6.12323399573677E-20,0.));
#5170=CARTESIAN_POINT('',(0.,1.22464679914735E-19,0.0015));
#5171=CARTESIAN_POINT('',(0.,1.22464679914735E-19,0.0015));
#5172=CARTESIAN_POINT('',(0.002,1.22464679914735E-19,0.0015));
#5173=CARTESIAN_POINT('',(0.,1.22464679914735E-19,0.));
#5174=CARTESIAN_POINT('',(0.002,1.22464679914735E-19,0.));
#5175=CARTESIAN_POINT('',(0.,0.,0.0015));
#5176=CARTESIAN_POINT('',(0.,0.,0.));
#5177=CARTESIAN_POINT('',(-0.00398020351424751,-0.0287670988506187,-0.0478886591495138));
#5178=CARTESIAN_POINT('',(0.,6.12323399573677E-20,0.0008));
#5179=CARTESIAN_POINT('',(0.,6.12323399573677E-20,0.));
#5180=CARTESIAN_POINT('',(0.001,6.12323399573677E-20,0.));
#5181=CARTESIAN_POINT('',(0.,6.12323399573677E-20,0.0004));
#5182=CARTESIAN_POINT('',(0.001,6.12323399573677E-20,0.0004));
#5183=CARTESIAN_POINT('',(0.,1.22464679914735E-19,0.0008));
#5184=CARTESIAN_POINT('',(0.,1.22464679914735E-19,0.0008));
#5185=CARTESIAN_POINT('',(0.002,1.22464679914735E-19,0.0008));
#5186=CARTESIAN_POINT('',(0.,1.22464679914735E-19,0.));
#5187=CARTESIAN_POINT('',(0.002,1.22464679914735E-19,0.));
#5188=CARTESIAN_POINT('',(0.,0.,0.0008));
#5189=CARTESIAN_POINT('',(0.,6.12323399573677E-20,0.0008));
#5190=CARTESIAN_POINT('',(0.001,6.12323399573677E-20,0.0008));
#5191=CARTESIAN_POINT('',(0.,0.,0.));
#5192=CARTESIAN_POINT('',(0.,0.,0.0108));
#5193=CARTESIAN_POINT('',(0.,6.12323399573677E-20,0.0108));
#5194=CARTESIAN_POINT('',(0.001,6.12323399573677E-20,0.0108));
#5195=CARTESIAN_POINT('',(0.,6.12323399573677E-20,0.0108));
#5196=CARTESIAN_POINT('',(0.,0.,0.0004));
#5197=CARTESIAN_POINT('',(-0.00389674913611474,-0.0286186043923202,-0.0395403967696754));
#5198=CARTESIAN_POINT('',(0.,0.,0.));
#5199=CARTESIAN_POINT('',(0.0634809511570286,-0.0295176545292959,-0.0185906882150652));
#5200=CARTESIAN_POINT('',(0.0250397279140213,-0.0550903525010971,-0.0282973609146444));
#5201=CARTESIAN_POINT('',(0.,6.12323399573677E-20,0.0008));
#5202=CARTESIAN_POINT('',(0.,6.12323399573677E-20,0.));
#5203=CARTESIAN_POINT('',(0.001,6.12323399573677E-20,0.));
#5204=CARTESIAN_POINT('',(0.,6.12323399573677E-20,0.0004));
#5205=CARTESIAN_POINT('',(0.001,6.12323399573677E-20,0.0004));
#5206=CARTESIAN_POINT('',(0.,1.22464679914735E-19,0.0008));
#5207=CARTESIAN_POINT('',(0.,1.22464679914735E-19,0.0008));
#5208=CARTESIAN_POINT('',(0.002,1.22464679914735E-19,0.0008));
#5209=CARTESIAN_POINT('',(0.,1.22464679914735E-19,0.));
#5210=CARTESIAN_POINT('',(0.002,1.22464679914735E-19,0.));
#5211=CARTESIAN_POINT('',(0.,0.,0.0008));
#5212=CARTESIAN_POINT('',(0.,6.12323399573677E-20,0.0008));
#5213=CARTESIAN_POINT('',(0.001,6.12323399573677E-20,0.0008));
#5214=CARTESIAN_POINT('',(0.,0.,0.));
#5215=CARTESIAN_POINT('',(0.,0.,0.0088));
#5216=CARTESIAN_POINT('',(0.,6.12323399573677E-20,0.0088));
#5217=CARTESIAN_POINT('',(0.001,6.12323399573677E-20,0.0088));
#5218=CARTESIAN_POINT('',(0.,6.12323399573677E-20,0.0088));
#5219=CARTESIAN_POINT('',(0.,0.,0.0004));
#5220=CARTESIAN_POINT('',(0.0223460464683744,-0.05052684143935,-0.0282054530331039));
#5221=CARTESIAN_POINT('',(0.,0.,0.));
#5222=CARTESIAN_POINT('',(0.029714633710196,-0.0818799956463786,-0.0401892244638627));
#5223=CARTESIAN_POINT('',(-0.031176217830463,-0.0275910559883734,-0.0392859718659746));
#5224=CARTESIAN_POINT('',(-0.0312596722085958,-0.0277395504466718,-0.047634234245813));
#5225=CARTESIAN_POINT('',(0.,0.,0.));
#5226=CARTESIAN_POINT('',(0.0427838806365252,-0.0387397186724332,-0.0144705095897246));
#5227=CARTESIAN_POINT('',(0.0454775620821721,-0.0433032297341805,-0.0145624174712651));
#5228=CARTESIAN_POINT('',(0.,0.,0.));
#5229=CARTESIAN_POINT('',(0.0375439607477645,-0.0315473542618958,-0.0234698414725945));
#5230=CARTESIAN_POINT('',(0.0122116524076697,-0.0865309506517448,-0.0226709074293519));
#5231=CARTESIAN_POINT('',(0.00900972917982527,-0.0811063997670265,-0.0225616584380867));
#5232=CARTESIAN_POINT('',(0.,0.,0.));
#5233=CARTESIAN_POINT('',(0.0238335838894067,-0.0791958637928734,-0.0462594048254692));
#5234=CARTESIAN_POINT('',(0.0206316606615623,-0.0737713129081552,-0.046150155834204));
#5235=CARTESIAN_POINT('',(0.,0.,0.));
#5236=CARTESIAN_POINT('',(-0.0244815918691941,0.00312439872782898,0.003));
#5237=CARTESIAN_POINT('',(-0.0262269739013373,0.00327709986916334,0.003));
#5238=CARTESIAN_POINT('',(-0.0262269739013373,0.00327709986916334,0.002));
#5239=CARTESIAN_POINT('',(-0.0262269739013373,0.00327709986916334,0.001));
#5240=CARTESIAN_POINT('',(-0.0157539941843687,0.00236083287059166,0.001));
#5241=CARTESIAN_POINT('',(-0.0167501888824605,0.00244798861333932,0.001));
#5242=CARTESIAN_POINT('',(-0.0167501888824605,0.00244798861333932,0.003));
#5243=CARTESIAN_POINT('',(-0.0167501888824605,0.00244798861333932,0.002));
#5244=CARTESIAN_POINT('',(-0.0244815918691941,0.00312439872782898,0.002));
#5245=CARTESIAN_POINT('',(-0.0168510840049516,-0.0101789611594974,0.003));
#5246=CARTESIAN_POINT('',(-0.0158411499271164,0.00136463817249991,0.003));
#5247=CARTESIAN_POINT('',(-0.0158411499271164,0.00136463817249991,0.002));
#5248=CARTESIAN_POINT('',(-0.0158411499271164,0.00136463817249991,0.001));
#5249=CARTESIAN_POINT('',(-0.0168510840049516,-0.0101789611594974,0.001));
#5250=CARTESIAN_POINT('',(-0.017702699741948,-0.0199129735752206,0.001));
#5251=CARTESIAN_POINT('',(-0.017702699741948,-0.0199129735752206,0.003));
#5252=CARTESIAN_POINT('',(-0.017702699741948,-0.0199129735752206,0.002));
#5253=CARTESIAN_POINT('',(-0.0157539941843687,0.00236083287059165,0.002));
#5254=CARTESIAN_POINT('',(-0.0139822951967878,-0.0118096947736189,0.003));
#5255=CARTESIAN_POINT('',(-0.0139822951967878,-0.0118096947736189,0.002));
#5256=CARTESIAN_POINT('',(-0.0128525658328412,0.00110317094425693,0.002));
#5257=CARTESIAN_POINT('',(-0.0151792144224636,-0.0254905441252734,0.002));
#5258=CARTESIAN_POINT('',(-0.0151792144224636,-0.0254905441252734,0.003));
#5259=CARTESIAN_POINT('',(-0.0151792144224636,-0.0254905441252734,0.001));
#5260=CARTESIAN_POINT('',(-0.0127654100900935,0.00209936564234868,0.001));
#5261=CARTESIAN_POINT('',(-0.0128525658328412,0.00110317094425693,0.001));
#5262=CARTESIAN_POINT('',(-0.0128525658328412,0.00110317094425693,0.003));
#5263=CARTESIAN_POINT('',(-0.0113209277777931,0.00197298981535868,0.003));
#5264=CARTESIAN_POINT('',(-0.0127654100900935,0.00209936564234868,0.002));
#5265=CARTESIAN_POINT('',(-0.0108726401637192,0.00193376973112812,0.002));
#5266=CARTESIAN_POINT('',(-0.0117692153920018,0.00201220989960102,0.002));
#5267=CARTESIAN_POINT('',(-0.0117692153920018,0.00201220989960102,0.003));
#5268=CARTESIAN_POINT('',(-0.0117692153920018,0.00201220989960102,0.001));
#5269=CARTESIAN_POINT('',(-0.0113209277777931,0.00197298981535868,0.001));
#5270=CARTESIAN_POINT('',(-0.0108726401637192,0.00193376973112812,0.001));
#5271=CARTESIAN_POINT('',(-0.0108726401637192,0.00193376973112812,0.003));
#5272=CARTESIAN_POINT('',(-0.00967162947017045,0.00418767152889608,0.003));
#5273=CARTESIAN_POINT('',(-0.00978928972287979,0.00284280868647222,0.));
#5274=CARTESIAN_POINT('',(-0.00978928972287979,0.00284280868647222,0.002));
#5275=CARTESIAN_POINT('',(-0.00978928972287979,0.00284280868647222,0.001));
#5276=CARTESIAN_POINT('',(-0.00946681347471346,0.00652872906941169,0.001));
#5277=CARTESIAN_POINT('',(-0.00946681347471345,0.00652872906941169,0.001));
#5278=CARTESIAN_POINT('',(-0.00946681347471345,0.00652872906941169,0.003));
#5279=CARTESIAN_POINT('',(-0.00946681347471345,0.00652872906941169,0.002));
#5280=CARTESIAN_POINT('',(-0.00967162947017045,0.00418767152889608,0.002));
#5281=CARTESIAN_POINT('',(-0.0153443621934548,0.00704294795162287,0.003));
#5282=CARTESIAN_POINT('',(-0.0104630081728052,0.00661588481215934,0.001));
#5283=CARTESIAN_POINT('',(-0.0104630081728052,0.00661588481215934,0.));
#5284=CARTESIAN_POINT('',(-0.0153443621934548,0.00704294795162287,0.));
#5285=CARTESIAN_POINT('',(-0.0212219109123023,0.00755716683384321,0.));
#5286=CARTESIAN_POINT('',(-0.0212219109123023,0.00755716683384321,0.003));
#5287=CARTESIAN_POINT('',(-0.0212219109123023,0.00755716683384321,0.003));
#5288=CARTESIAN_POINT('',(-0.0153443621934548,0.00704294795162287,0.003));
#5289=CARTESIAN_POINT('',(-0.0104630081728052,0.00661588481215934,0.003));
#5290=CARTESIAN_POINT('',(-0.0104630081728052,0.00661588481215934,0.002));
#5291=CARTESIAN_POINT('',(-0.0192468886203809,0.0301317749279377,0.003));
#5292=CARTESIAN_POINT('',(-0.0192468886203809,0.0301317749279377,0.));
#5293=CARTESIAN_POINT('',(-0.0192328705404282,0.0302920023149804,0.));
#5294=CARTESIAN_POINT('',(-0.0192328705404282,0.0302920023149804,0.003));
#5295=CARTESIAN_POINT('',(-0.0192328705404282,0.0302920023149804,0.003));
#5296=CARTESIAN_POINT('',(-0.0192468886203809,0.0301317749279377,0.003));
#5297=CARTESIAN_POINT('',(-0.0188066674925022,0.0300932605698036,0.003));
#5298=CARTESIAN_POINT('',(-0.0188066674925022,0.0300932605698036,0.));
#5299=CARTESIAN_POINT('',(-0.0183804644445762,0.0298945188246267,0.));
#5300=CARTESIAN_POINT('',(-0.0183804644445762,0.0298945188246267,0.003));
#5301=CARTESIAN_POINT('',(-0.0183804644445762,0.0298945188246267,0.003));
#5302=CARTESIAN_POINT('',(-0.0188066674925022,0.0300932605698036,0.003));
#5303=CARTESIAN_POINT('',(-0.0129431368537135,0.0294188143005495,0.003));
#5304=CARTESIAN_POINT('',(-0.0129431368537135,0.0294188143005495,0.));
#5305=CARTESIAN_POINT('',(-0.00750580926285088,0.0289431097764723,0.));
#5306=CARTESIAN_POINT('',(-0.00750580926285088,0.0289431097764723,0.003));
#5307=CARTESIAN_POINT('',(-0.00750580926285088,0.0289431097764723,0.003));
#5308=CARTESIAN_POINT('',(-0.0129431368537135,0.0294188143005495,0.003));
#5309=CARTESIAN_POINT('',(-0.00730099326739388,0.0312841673169879,0.003));
#5310=CARTESIAN_POINT('',(-0.00730099326739388,0.0312841673169879,0.));
#5311=CARTESIAN_POINT('',(-0.00718333301468455,0.0326290301594118,0.));
#5312=CARTESIAN_POINT('',(-0.00718333301468455,0.0326290301594118,0.003));
#5313=CARTESIAN_POINT('',(-0.00718333301468455,0.0326290301594118,0.003));
#5314=CARTESIAN_POINT('',(-0.00730099326739388,0.0312841673169879,0.003));
#5315=CARTESIAN_POINT('',(-0.0208512747094195,0.0348286399489778,0.003));
#5316=CARTESIAN_POINT('',(-0.00709617727193689,0.0336252248575035,0.002));
#5317=CARTESIAN_POINT('',(-0.0222129621081537,0.0349477721596331,0.002));
#5318=CARTESIAN_POINT('',(-0.00809237197002863,0.0337123806002512,0.002));
#5319=CARTESIAN_POINT('',(-0.00809237197002863,0.0337123806002512,0.));
#5320=CARTESIAN_POINT('',(-0.00809237197002863,0.0337123806002512,0.001));
#5321=CARTESIAN_POINT('',(-0.0208512747094195,0.0348286399489778,0.001));
#5322=CARTESIAN_POINT('',(-0.0222129621081537,0.0349477721596331,0.001));
#5323=CARTESIAN_POINT('',(-0.0222129621081537,0.0349477721596331,0.003));
#5324=CARTESIAN_POINT('',(0.0260817104289377,0.00672169917217587,0.003));
#5325=CARTESIAN_POINT('',(0.0260817104289377,0.00672169917217587,0.001));
#5326=CARTESIAN_POINT('',(-0.0231715771461859,0.0344420452960241,0.001));
#5327=CARTESIAN_POINT('',(-0.0202739817958673,-0.0256117776675166,0.001));
#5328=CARTESIAN_POINT('',(-0.0202739817958673,-0.0256117776675166,0.003));
#5329=CARTESIAN_POINT('',(-0.0202739817958673,-0.0256117776675166,0.002));
#5330=CARTESIAN_POINT('',(0.0260817104289377,0.00672169917217587,0.002));
#5331=CARTESIAN_POINT('',(-0.0231715771461859,0.0344420452960241,0.002));
#5332=CARTESIAN_POINT('',(-0.0231715771461859,0.0344420452960241,0.003));
#5333=CARTESIAN_POINT('',(-0.0155535359760492,0.00465208067620267,0.003));
#5334=CARTESIAN_POINT('',(-0.0155535359760492,0.00465208067620267,0.003));
#5335=CARTESIAN_POINT('',(-0.0145535359760492,0.00465208067620267,0.003));
#5336=CARTESIAN_POINT('',(-0.0155535359760492,0.00465208067620267,0.));
#5337=CARTESIAN_POINT('',(-0.0145535359760492,0.00465208067620267,0.));
#5338=CARTESIAN_POINT('',(-0.0195387298996126,-0.0203686588781245,0.002));
#5339=CARTESIAN_POINT('',(-0.0195387298996126,-0.0203686588781245,0.001));
#5340=CARTESIAN_POINT('',(-0.0244841545798166,-0.0127175369846768,0.002));
#5341=CARTESIAN_POINT('',(-0.0244841545798166,-0.0127175369846768,0.001));
#5342=CARTESIAN_POINT('',(-0.0270757837268206,-0.00517835076222101,0.002));
#5343=CARTESIAN_POINT('',(-0.0270757837268206,-0.00517835076222101,0.001));
#5344=CARTESIAN_POINT('',(-0.0273136173406246,0.00224889978924296,0.002));
#5345=CARTESIAN_POINT('',(-0.0273136173406246,0.00224889978924296,0.001));
#5346=CARTESIAN_POINT('',(-0.0273136173415954,0.0022488998195607,0.002));
#5347=CARTESIAN_POINT('',(-0.0272486075050334,0.000218722769591879,0.002));
#5348=CARTESIAN_POINT('',(-0.0267719805287807,-0.00376861010050155,0.002));
#5349=CARTESIAN_POINT('',(-0.0251214771793514,-0.00959340823628098,0.002));
#5350=CARTESIAN_POINT('',(-0.0226783898573444,-0.0151632518790681,0.002));
#5351=CARTESIAN_POINT('',(-0.020638596202203,-0.0186670434068994,0.002));
#5352=CARTESIAN_POINT('',(-0.0195387298996104,-0.0203686588781278,0.002));
#5353=CARTESIAN_POINT('',(-0.0273136173415954,0.0022488998195607,0.002));
#5354=CARTESIAN_POINT('',(-0.0195387298996104,-0.0203686588781278,0.002));
#5355=CARTESIAN_POINT('',(-0.0195387298996104,-0.0203686588781278,0.002));
#5356=CARTESIAN_POINT('',(-0.0195387298996104,-0.0203686588781278,0.001));
#5357=CARTESIAN_POINT('',(-0.0195387298996105,-0.0203686588781279,0.001));
#5358=CARTESIAN_POINT('',(-0.0217341515870683,-0.0169720974047529,0.001));
#5359=CARTESIAN_POINT('',(-0.0254857961948648,-0.00980863587442982,0.001));
#5360=CARTESIAN_POINT('',(-0.0271838708562421,-0.00180292307204672,0.001));
#5361=CARTESIAN_POINT('',(-0.0273136173415954,0.0022488998195607,0.001));
#5362=CARTESIAN_POINT('',(-0.0273136173415954,0.0022488998195607,0.001));
#5363=CARTESIAN_POINT('',(-0.0273136173415954,0.0022488998195607,0.001));
#5364=CARTESIAN_POINT('',(-0.0176991803034822,-0.0257187551895865,0.003));
#5365=CARTESIAN_POINT('',(-0.0154282630969866,-0.0257187551895865,0.003));
#5366=CARTESIAN_POINT('',(-0.0154282630969866,-0.0257187551895865,0.001));
#5367=CARTESIAN_POINT('',(-0.0154282630969866,-0.0257187551895865,0.002));
#5368=CARTESIAN_POINT('',(-0.016181127975144,-0.0257187551895865,0.002));
#5369=CARTESIAN_POINT('',(-0.016181127975144,-0.0257187551895865,0.00275));
#5370=CARTESIAN_POINT('',(-0.0176991803034822,-0.0257187551895865,0.00275));
#5371=CARTESIAN_POINT('',(-0.0191514878587889,-0.0257187551895865,0.00275));
#5372=CARTESIAN_POINT('',(-0.0191514878587889,-0.0257187551895865,0.00275));
#5373=CARTESIAN_POINT('',(-0.0193718822037913,-0.0257187551895865,0.00275));
#5374=CARTESIAN_POINT('',(-0.0198121971887637,-0.0257187551895864,0.00262847159255056));
#5375=CARTESIAN_POINT('',(-0.0200689340677485,-0.0257187551895865,0.00222175610029217));
#5376=CARTESIAN_POINT('',(-0.0200689340677485,-0.0257187551895865,0.002));
#5377=CARTESIAN_POINT('',(-0.0200689340677484,-0.0257187551895865,0.002));
#5378=CARTESIAN_POINT('',(-0.0200689340677484,-0.0257187551895865,0.001));
#5379=CARTESIAN_POINT('',(-0.0200689340677484,-0.0257187551895865,0.001));
#5380=CARTESIAN_POINT('',(-0.0200689340677484,-0.0257187551895865,0.001));
#5381=CARTESIAN_POINT('',(-0.0200689340677484,-0.0257187551895865,0.000778886983698957));
#5382=CARTESIAN_POINT('',(-0.0198144485839048,-0.0257187551895864,0.000372757545541679));
#5383=CARTESIAN_POINT('',(-0.0193715783949957,-0.0257187551895865,0.00025));
#5384=CARTESIAN_POINT('',(-0.0191514878587889,-0.0257187551895865,0.00025));
#5385=CARTESIAN_POINT('',(-0.0191514878587889,-0.0257187551895865,0.00025));
#5386=CARTESIAN_POINT('',(-0.0162030001410256,-0.0257187551895865,0.00025));
#5387=CARTESIAN_POINT('',(-0.016181127975144,-0.0257187551895865,0.00025));
#5388=CARTESIAN_POINT('',(-0.016181127975144,-0.0257187551895865,0.001));
#5389=CARTESIAN_POINT('',(-0.0131741841989978,0.0318481959341037,0.003));
#5390=CARTESIAN_POINT('',(-0.0131741841989978,0.0318481959341037,0.003));
#5391=CARTESIAN_POINT('',(-0.0121741841989978,0.0318481959341037,0.003));
#5392=CARTESIAN_POINT('',(-0.0131741841989978,0.0318481959341037,0.));
#5393=CARTESIAN_POINT('',(-0.0121741841989978,0.0318481959341037,0.));
#5394=CARTESIAN_POINT('',(-0.0187663201290693,0.00464243104322157,0.003));
#5395=CARTESIAN_POINT('',(-0.0169519791274427,-0.0228059109323341,0.003));
#5396=CARTESIAN_POINT('',(-0.0148449552290247,0.00127748242975225,0.003));
#5397=CARTESIAN_POINT('',(-0.0167065050438562,-0.0200001293179683,0.003));
#5398=CARTESIAN_POINT('',(-0.0186988944400397,-0.019825817832473,0.003));
#5399=CARTESIAN_POINT('',(-0.020378565359181,-0.0209114999237828,0.003));
#5400=CARTESIAN_POINT('',(-0.020378565359181,-0.0209114999237828,0.003));
#5401=CARTESIAN_POINT('',(-0.0215030730740866,-0.0191717614476711,0.003));
#5402=CARTESIAN_POINT('',(-0.0235873481784884,-0.0155888917785376,0.003));
#5403=CARTESIAN_POINT('',(-0.0260803620948553,-0.00989157455381673,0.003));
#5404=CARTESIAN_POINT('',(-0.0277614326481493,-0.0039356329230966,0.003));
#5405=CARTESIAN_POINT('',(-0.0282466426936847,0.000141357301291044,0.003));
#5406=CARTESIAN_POINT('',(-0.0283131050391058,0.00221689446804975,0.003));
#5407=CARTESIAN_POINT('',(-0.0283131050391058,0.00221689446804975,0.003));
#5408=CARTESIAN_POINT('',(-0.026314129644085,0.0022809051710716,0.003));
#5409=CARTESIAN_POINT('',(-0.0261398181585897,0.00427329456725509,0.003));
#5410=CARTESIAN_POINT('',(-0.0188543800688645,0.00363590132558418,0.003));
#5411=CARTESIAN_POINT('',(-0.0166630331397128,0.00344418331143106,0.003));
#5412=CARTESIAN_POINT('',(-0.0168373446252081,0.00145179391524757,0.003));
#5413=CARTESIAN_POINT('',(0.0260817104289377,0.00672169917217587,0.003));
#5414=CARTESIAN_POINT('',(-0.0223001178509014,0.0339515774615414,0.003));
#5415=CARTESIAN_POINT('',(-0.0191514878587889,-0.0254687551895864,0.003));
#5416=CARTESIAN_POINT('',(-0.0187663201290693,-0.0254687551895864,0.003));
#5417=CARTESIAN_POINT('',(-0.016181127975144,-0.0254687551895864,0.003));
#5418=CARTESIAN_POINT('',(-0.0135863891056424,0.00418924580082547,0.003));
#5419=CARTESIAN_POINT('',(-0.0138487605309329,0.00119032668700459,0.003));
#5420=CARTESIAN_POINT('',(-0.0118563711347494,0.00101601520150927,0.003));
#5421=CARTESIAN_POINT('',(-0.0116820596492541,0.00300840459769276,0.003));
#5422=CARTESIAN_POINT('',(-0.00978928972274508,0.00284280868646043,0.003));
#5423=CARTESIAN_POINT('',(-0.0107854844209715,0.00292996442921987,0.003));
#5424=CARTESIAN_POINT('',(-0.0106974244811763,0.00393649414685726,0.003));
#5425=CARTESIAN_POINT('',(-0.0229384304521672,0.0340074225779379,0.003));
#5426=CARTESIAN_POINT('',(-0.0187663201290693,0.00464243104322157,0.));
#5427=CARTESIAN_POINT('',(-0.0283131050391058,0.00221689446804975,0.));
#5428=CARTESIAN_POINT('',(-0.0281804590927307,-0.00192547501917146,0.));
#5429=CARTESIAN_POINT('',(-0.0268919682604928,-0.00805792293138564,7.09659603808694E-19));
#5430=CARTESIAN_POINT('',(-0.0235696875817702,-0.0156185781769379,-1.18276600634782E-18));
#5431=CARTESIAN_POINT('',(-0.0215008606770886,-0.0191751842718374,0.));
#5432=CARTESIAN_POINT('',(-0.020378565359181,-0.0209114999237828,0.));
#5433=CARTESIAN_POINT('',(-0.0283131050391058,0.00221689446804975,0.));
#5434=CARTESIAN_POINT('',(-0.020378565359181,-0.0209114999237828,0.));
#5435=CARTESIAN_POINT('',(-0.0186988944400397,-0.019825817832473,0.));
#5436=CARTESIAN_POINT('',(-0.0167065050438562,-0.0200001293179683,0.));
#5437=CARTESIAN_POINT('',(-0.0145825838037341,0.00427640154357314,0.));
#5438=CARTESIAN_POINT('',(-0.0148449552290247,0.00127748242975225,0.));
#5439=CARTESIAN_POINT('',(-0.0168373446252081,0.00145179391524757,0.));
#5440=CARTESIAN_POINT('',(-0.0166630331397128,0.00344418331143106,0.));
#5441=CARTESIAN_POINT('',(-0.0272444850923958,0.00436994040093507,0.));
#5442=CARTESIAN_POINT('',(-0.0261398181585897,0.00427329456725509,0.));
#5443=CARTESIAN_POINT('',(-0.026314129644085,0.0022809051710716,0.));
#5444=CARTESIAN_POINT('',(-0.016195375001574,-0.0256315994468388,0.));
#5445=CARTESIAN_POINT('',(-0.0138487605309329,0.00119032668700459,0.));
#5446=CARTESIAN_POINT('',(-0.016181127975144,-0.0254687551895864,0.));
#5447=CARTESIAN_POINT('',(-0.0189725291069363,-0.0254687551895864,0.));
#5448=CARTESIAN_POINT('',(-0.0191514878587889,-0.0254687551895864,0.));
#5449=CARTESIAN_POINT('',(0.0260817104289377,0.00672169917217587,0.));
#5450=CARTESIAN_POINT('',(-0.0223001178509014,0.0339515774615414,0.));
#5451=CARTESIAN_POINT('',(-0.0162484233607096,0.0334221227985272,0.));
#5452=CARTESIAN_POINT('',(-0.0108726401637192,0.00193376973112812,0.));
#5453=CARTESIAN_POINT('',(-0.0107854844209715,0.00292996442921987,0.));
#5454=CARTESIAN_POINT('',(-0.0188543800688645,0.00363590132558418,0.));
#5455=CARTESIAN_POINT('',(-0.0116820596492541,0.00300840459769276,0.));
#5456=CARTESIAN_POINT('',(-0.0118563711347494,0.00101601520150927,0.));
#5457=CARTESIAN_POINT('',(-0.0168373446252081,0.00145179391524757,0.002));
#5458=CARTESIAN_POINT('',(-0.0168373446252081,0.00145179391524757,0.002));
#5459=CARTESIAN_POINT('',(-0.0148449552290247,0.00127748242975225,0.002));
#5460=CARTESIAN_POINT('',(-0.0166630331397128,0.00344418331143106,0.002));
#5461=CARTESIAN_POINT('',(-0.0145825838037341,0.00427640154357314,0.002));
#5462=CARTESIAN_POINT('',(-0.0167065050438562,-0.0200001293179683,0.002));
#5463=CARTESIAN_POINT('',(-0.0283131050391058,0.0022168944680498,0.003));
#5464=CARTESIAN_POINT('',(-0.0273136173415954,0.0022488998195607,0.003));
#5465=CARTESIAN_POINT('',(-0.0273136173415954,0.0022488998195607,0.002));
#5466=CARTESIAN_POINT('',(-0.0282466948989132,0.000142987618285917,0.003));
#5467=CARTESIAN_POINT('',(-0.0272490385939994,0.000232185103754094,0.003));
#5468=CARTESIAN_POINT('',(-0.0272490385943654,0.000232185103741542,0.002));
#5469=CARTESIAN_POINT('',(-0.0277621068818831,-0.00393222133897296,0.003));
#5470=CARTESIAN_POINT('',(-0.0267778997396634,-0.00373309085313803,0.00300000000000012));
#5471=CARTESIAN_POINT('',(-0.0267778997395059,-0.00373309085314074,0.00200000000000024));
#5472=CARTESIAN_POINT('',(-0.0260811634184195,-0.00988970747623159,0.003));
#5473=CARTESIAN_POINT('',(-0.0251380711329942,-0.00954785943863427,0.0029999999999996));
#5474=CARTESIAN_POINT('',(-0.0251380711329964,-0.00954785943860599,0.00199999999999916));
#5475=CARTESIAN_POINT('',(-0.0235869275526172,-0.0155901167739053,0.003));
#5476=CARTESIAN_POINT('',(-0.0226950040612469,-0.015133164604619,0.00300000000000147));
#5477=CARTESIAN_POINT('',(-0.0226950040613956,-0.0151331646047295,0.00200000000000312));
#5478=CARTESIAN_POINT('',(-0.0215013405454185,-0.019174441862744,0.003));
#5479=CARTESIAN_POINT('',(-0.0206444870006616,-0.0186579296874267,0.00299999999999683));
#5480=CARTESIAN_POINT('',(-0.0206444870003131,-0.0186579296871878,0.00199999999999327));
#5481=CARTESIAN_POINT('',(-0.0203785653591811,-0.0209114999237828,0.003));
#5482=CARTESIAN_POINT('',(-0.0195387298996104,-0.020368658878128,0.003));
#5483=CARTESIAN_POINT('',(-0.0195387298996104,-0.020368658878128,0.002));
#5484=CARTESIAN_POINT('',(-0.0283131050391058,0.00221689446804975,0.002));
#5485=CARTESIAN_POINT('',(-0.0203785653591811,-0.0209114999237827,0.002));
#5486=CARTESIAN_POINT('',(-0.0243944361264464,0.00412059342592072,0.002));
#5487=CARTESIAN_POINT('',(-0.0261398181585897,0.00427329456725509,0.002));
#5488=CARTESIAN_POINT('',(-0.0168373446252081,0.00145179391524757,0.003));
#5489=CARTESIAN_POINT('',(-0.0168373446252081,0.00145179391524757,0.001));
#5490=CARTESIAN_POINT('',(-0.0186988944400397,-0.019825817832473,0.002));
#5491=CARTESIAN_POINT('',(-0.0186988944400397,-0.019825817832473,0.002));
#5492=CARTESIAN_POINT('',(-0.026314129644085,0.0022809051710716,0.002));
#5493=CARTESIAN_POINT('',(-0.026314129644085,0.0022809051710716,0.002));
#5494=CARTESIAN_POINT('',(-0.0168373446252081,0.00145179391524757,0.001));
#5495=CARTESIAN_POINT('',(-0.0166630331397128,0.00344418331143106,0.001));
#5496=CARTESIAN_POINT('',(-0.0148449552290247,0.00127748242975225,0.001));
#5497=CARTESIAN_POINT('',(-0.0158548893068599,-0.010266116902245,0.001));
#5498=CARTESIAN_POINT('',(-0.0167065050438562,-0.0200001293179683,0.001));
#5499=CARTESIAN_POINT('',(-0.0186988944400397,-0.019825817832473,0.0015));
#5500=CARTESIAN_POINT('',(-0.0186988944400397,-0.019825817832473,0.001));
#5501=CARTESIAN_POINT('',(-0.026314129644085,0.0022809051710716,0.0015));
#5502=CARTESIAN_POINT('',(-0.026314129644085,0.0022809051710716,0.001));
#5503=CARTESIAN_POINT('',(-0.0188543800688645,0.00363590132558418,0.001));
#5504=CARTESIAN_POINT('',(-0.0261398181585897,0.00427329456725509,0.001));
#5505=CARTESIAN_POINT('',(-0.0186988944400397,-0.019825817832473,0.001));
#5506=CARTESIAN_POINT('',(-0.020378565359181,-0.0209114999237828,0.001));
#5507=CARTESIAN_POINT('',(-0.026314129644085,0.0022809051710716,0.001));
#5508=CARTESIAN_POINT('',(-0.0283131050391058,0.0022168944680498,0.001));
#5509=CARTESIAN_POINT('',(-0.0203785653591811,-0.0209114999237827,0.));
#5510=CARTESIAN_POINT('',(-0.0195387298996104,-0.0203686588781278,0.));
#5511=CARTESIAN_POINT('',(-0.0195387298996104,-0.0203686588781278,0.001));
#5512=CARTESIAN_POINT('',(-0.0226232061834613,-0.0174387909738749,0.));
#5513=CARTESIAN_POINT('',(-0.0217493483394485,-0.0169485863400181,-4.03484598248863E-15));
#5514=CARTESIAN_POINT('',(-0.0217493483389889,-0.0169485863397088,0.00099999999999731));
#5515=CARTESIAN_POINT('',(-0.0264554027903024,-0.0101141771884674,0.));
#5516=CARTESIAN_POINT('',(-0.0255081659400904,-0.00975559362950218,2.01742299124431E-15));
#5517=CARTESIAN_POINT('',(-0.0255081659401708,-0.00975559362965224,0.00100000000000135));
#5518=CARTESIAN_POINT('',(-0.0281810116903442,-0.00190821806703814,0.));
#5519=CARTESIAN_POINT('',(-0.0271851667314115,-0.00176245447767179,0.));
#5520=CARTESIAN_POINT('',(-0.0271851667317102,-0.00176245447768091,0.001));
#5521=CARTESIAN_POINT('',(-0.0283131050391058,0.0022168944680498,0.));
#5522=CARTESIAN_POINT('',(-0.0273136173415954,0.0022488998195607,0.));
#5523=CARTESIAN_POINT('',(-0.0273136173415954,0.0022488998195607,0.001));
#5524=CARTESIAN_POINT('',(0.0260817104289377,0.00672169917217587,0.002));
#5525=CARTESIAN_POINT('',(-0.0202739817958673,-0.0256117776675166,0.002));
#5526=CARTESIAN_POINT('',(-0.0202739817958673,-0.0256117776675166,0.00228237156739627));
#5527=CARTESIAN_POINT('',(-0.0199871070197568,-0.0255757466892369,0.0028177150898453));
#5528=CARTESIAN_POINT('',(-0.019430523797343,-0.025504733534351,0.003));
#5529=CARTESIAN_POINT('',(-0.0191514878587889,-0.0254687551895864,0.003));
#5530=CARTESIAN_POINT('',(-0.0223001178509014,0.0339515774615414,0.002));
#5531=CARTESIAN_POINT('',(-0.0223001178509014,0.0339515774615414,0.003));
#5532=CARTESIAN_POINT('',(-0.0223001178509014,0.0339515774615414,0.001));
#5533=CARTESIAN_POINT('',(-0.0223001178509014,0.0339515774615414,0.002));
#5534=CARTESIAN_POINT('',(0.0260817104289377,0.00672169917217587,0.001));
#5535=CARTESIAN_POINT('',(-0.0191514878587889,-0.0254687551895864,0.));
#5536=CARTESIAN_POINT('',(-0.0194302643416019,-0.0255047000806383,0.));
#5537=CARTESIAN_POINT('',(-0.0199885132824369,-0.0255759253483824,0.000183109633253029));
#5538=CARTESIAN_POINT('',(-0.0202739817958673,-0.0256117776675166,0.000718114712413294));
#5539=CARTESIAN_POINT('',(-0.0202739817958673,-0.0256117776675166,0.001));
#5540=CARTESIAN_POINT('',(-0.0223001178509014,0.0339515774615414,0.001));
#5541=CARTESIAN_POINT('',(-0.0223001178509014,0.0339515774615414,0.002));
#5542=CARTESIAN_POINT('',(-0.0223001178509014,0.0339515774615414,0.002));
#5543=CARTESIAN_POINT('',(-0.0223001178509014,0.0339515774615414,0.001));
#5544=CARTESIAN_POINT('',(-0.0223001178509014,0.0339515774615414,0.001));
#5545=CARTESIAN_POINT('',(-0.0162484233607096,0.0334221227985272,0.002));
#5546=CARTESIAN_POINT('',(-0.00817952771277629,0.0327161859021594,0.002));
#5547=CARTESIAN_POINT('',(-0.0209384304521671,0.033832445250886,0.001));
#5548=CARTESIAN_POINT('',(-0.00817952771277629,0.0327161859021594,0.001));
#5549=CARTESIAN_POINT('',(-0.00817952771277629,0.0327161859021594,0.003));
#5550=CARTESIAN_POINT('',(-0.0106678241682622,0.00427482727164374,0.002));
#5551=CARTESIAN_POINT('',(-0.0107854844209715,0.00292996442921987,0.002));
#5552=CARTESIAN_POINT('',(-0.0107854844209715,0.00292996442921987,0.003));
#5553=CARTESIAN_POINT('',(-0.0107854844209715,0.00292996442921987,0.001));
#5554=CARTESIAN_POINT('',(-0.0107854844209715,0.00292996442921987,0.002));
#5555=CARTESIAN_POINT('',(-0.0106974244811763,0.00393649414685726,0.001));
#5556=CARTESIAN_POINT('',(-0.0107854844209715,0.00292996442921987,0.001));
#5557=CARTESIAN_POINT('',(-0.0107854844209715,0.00292996442921987,0.002));
#5558=CARTESIAN_POINT('',(-0.0107854844209715,0.00292996442921987,0.002));
#5559=CARTESIAN_POINT('',(-0.0107854844209715,0.00292996442921987,0.001));
#5560=CARTESIAN_POINT('',(-0.0107854844209715,0.00292996442921987,0.001));
#5561=CARTESIAN_POINT('',(-0.0149784898948796,-0.0117225390308712,0.002));
#5562=CARTESIAN_POINT('',(-0.016181127975144,-0.0254687551895864,0.002));
#5563=CARTESIAN_POINT('',(-0.0138487605309329,0.00119032668700459,0.002));
#5564=CARTESIAN_POINT('',(-0.0188543800688645,0.00363590132558418,0.002));
#5565=CARTESIAN_POINT('',(-0.0116820596492541,0.00300840459769276,0.002));
#5566=CARTESIAN_POINT('',(-0.0112337720350455,0.00296918451345042,0.001));
#5567=CARTESIAN_POINT('',(-0.0116820596492541,0.00300840459769276,0.001));
#5568=CARTESIAN_POINT('',(-0.0135863891056424,0.00418924580082547,0.001));
#5569=CARTESIAN_POINT('',(-0.016181127975144,-0.0254687551895864,0.001));
#5570=CARTESIAN_POINT('',(-0.0138487605309329,0.00119032668700459,0.001));
#5571=CARTESIAN_POINT('',(-0.0118563711347494,0.00101601520150927,0.002));
#5572=CARTESIAN_POINT('',(-0.0118563711347494,0.00101601520150927,0.002));
#5573=CARTESIAN_POINT('',(-0.0118563711347494,0.00101601520150927,0.001));
#5574=CARTESIAN_POINT('',(-0.0118563711347494,0.00101601520150927,0.001));
#5575=CARTESIAN_POINT('',(-0.0118563711347494,0.00101601520150927,0.003));
#5576=CARTESIAN_POINT('',(-0.0202739817958672,-0.0256117776675167,0.001));
#5577=CARTESIAN_POINT('',(-0.0201993640937858,-0.0257187551895865,0.001));
#5578=CARTESIAN_POINT('',(-0.0200689340677484,-0.0257187551895865,0.001));
#5579=CARTESIAN_POINT('',(-0.0202739817616807,-0.025611777716529,0.000705182669747002));
#5580=CARTESIAN_POINT('',(-0.0201993639800388,-0.0257187551895858,0.000732003915082109));
#5581=CARTESIAN_POINT('',(-0.0200689339637607,-0.0257187551895865,0.000778887002310269));
#5582=CARTESIAN_POINT('',(-0.019961971735776,-0.0255725682167276,0.000163676714981374));
#5583=CARTESIAN_POINT('',(-0.0198991706666683,-0.0257187551895868,0.000212041653995056));
#5584=CARTESIAN_POINT('',(-0.0198144486359146,-0.0257187551895864,0.000372757535398663));
#5585=CARTESIAN_POINT('',(-0.0194202778799575,-0.0255034124459053,0.));
#5586=CARTESIAN_POINT('',(-0.0194028545340014,-0.0257187551895864,3.24106765170857E-5));
#5587=CARTESIAN_POINT('',(-0.0193715783949639,-0.0257187551895865,0.000250000001674719));
#5588=CARTESIAN_POINT('',(-0.0191514878587889,-0.0254687551895864,0.));
#5589=CARTESIAN_POINT('',(-0.0191514878587889,-0.0257187551895864,0.));
#5590=CARTESIAN_POINT('',(-0.0191514878587889,-0.0257187551895865,0.00025));
#5591=CARTESIAN_POINT('',(-0.0200689340677484,-0.0254687551895864,0.001));
#5592=CARTESIAN_POINT('',(-0.0191514878587889,-0.0254687551895864,0.00025));
#5593=CARTESIAN_POINT('',(-0.0187663201290693,-0.0254687551895864,0.00025));
#5594=CARTESIAN_POINT('',(-0.016181127975144,-0.0254687551895864,0.00025));
#5595=CARTESIAN_POINT('',(-0.0200689340677484,-0.0254687551895864,0.003));
#5596=CARTESIAN_POINT('',(-0.0200689340677484,-0.0254687551895864,0.002));
#5597=CARTESIAN_POINT('',(-0.016181127975144,-0.0254687551895864,0.));
#5598=CARTESIAN_POINT('',(-0.016181127975144,-0.0257187551895865,-1.04083408558608E-17));
#5599=CARTESIAN_POINT('',(-0.016181127975144,-0.0257187551895865,0.00025));
#5600=CARTESIAN_POINT('',(-0.0159188274661677,-0.0254744595229647,2.03760366879667E-18));
#5601=CARTESIAN_POINT('',(-0.015921786209901,-0.0257187551895872,5.63997877109726E-6));
#5602=CARTESIAN_POINT('',(-0.0159840282950344,-0.0257187551895865,0.000250000000115043));
#5603=CARTESIAN_POINT('',(-0.0153963152714459,-0.0254858227634071,0.00021668620909664));
#5604=CARTESIAN_POINT('',(-0.0154112597078126,-0.0257187551895869,0.000226646760008894));
#5605=CARTESIAN_POINT('',(-0.0155913985328945,-0.0257187551895864,0.000412514656764958));
#5606=CARTESIAN_POINT('',(-0.0151792144224645,-0.0254905441252831,0.000738200457060523));
#5607=CARTESIAN_POINT('',(-0.0151991803036511,-0.0257187551895848,0.000743447472396648));
#5608=CARTESIAN_POINT('',(-0.0154282630971034,-0.0257187551895865,0.000803650342795392));
#5609=CARTESIAN_POINT('',(-0.0151792144224636,-0.0254905441252734,0.001));
#5610=CARTESIAN_POINT('',(-0.0151991803034822,-0.0257187551895865,0.001));
#5611=CARTESIAN_POINT('',(-0.0154282630969865,-0.0257187551895865,0.001));
#5612=CARTESIAN_POINT('',(-0.0154282630969866,-0.0254687551895864,0.001));
#5613=CARTESIAN_POINT('',(-0.0191514878587889,-0.0254687551895864,0.003));
#5614=CARTESIAN_POINT('',(-0.0191514878587889,-0.0257187551895865,0.003));
#5615=CARTESIAN_POINT('',(-0.0191514878587889,-0.0257187551895865,0.00275));
#5616=CARTESIAN_POINT('',(-0.0194206489067518,-0.0255034602852485,0.003));
#5617=CARTESIAN_POINT('',(-0.0194031790043863,-0.0257187551895867,0.00296754745832316));
#5618=CARTESIAN_POINT('',(-0.0193718821988508,-0.0257187551895865,0.00274999997160022));
#5619=CARTESIAN_POINT('',(-0.0199592158933876,-0.0255722181461566,0.00283796212612431));
#5620=CARTESIAN_POINT('',(-0.0198967437303041,-0.0257187551895866,0.00278962950726959));
#5621=CARTESIAN_POINT('',(-0.0198121972155817,-0.0257187551895865,0.00262847160879312));
#5622=CARTESIAN_POINT('',(-0.020273981779857,-0.0256117776904703,0.00229567479494243));
#5623=CARTESIAN_POINT('',(-0.0201993640404383,-0.0257187551895859,0.00226877553818171));
#5624=CARTESIAN_POINT('',(-0.0200689340190531,-0.0257187551895865,0.00222175609620683));
#5625=CARTESIAN_POINT('',(-0.0202739817958673,-0.0256117776675167,0.002));
#5626=CARTESIAN_POINT('',(-0.0201993640937859,-0.0257187551895865,0.002));
#5627=CARTESIAN_POINT('',(-0.0200689340677485,-0.0257187551895865,0.002));
#5628=CARTESIAN_POINT('',(-0.0191514878587889,-0.0254687551895864,0.00275));
#5629=CARTESIAN_POINT('',(-0.0154282630969866,-0.0254687551895864,0.003));
#5630=CARTESIAN_POINT('',(-0.0154282630969866,-0.0254687551895864,0.002));
#5631=CARTESIAN_POINT('',(-0.0176991803034822,-0.0254687551895864,0.00275));
#5632=CARTESIAN_POINT('',(-0.016181127975144,-0.0254687551895864,0.00275));
#5633=CARTESIAN_POINT('',(-0.0151792144224636,-0.0254905441252734,0.002));
#5634=CARTESIAN_POINT('',(-0.0151991803034822,-0.0257187551895864,0.002));
#5635=CARTESIAN_POINT('',(-0.0154282630969865,-0.0257187551895865,0.002));
#5636=CARTESIAN_POINT('',(-0.0151792144224645,-0.0254905441252842,0.00226179954293948));
#5637=CARTESIAN_POINT('',(-0.0151991803036528,-0.0257187551895874,0.0022565525276028));
#5638=CARTESIAN_POINT('',(-0.0154282630971034,-0.0257187551895865,0.00219634965720461));
#5639=CARTESIAN_POINT('',(-0.0153963152714454,-0.0254858227634065,0.00278331379090336));
#5640=CARTESIAN_POINT('',(-0.0154112597078112,-0.0257187551895858,0.00277335323999183));
#5641=CARTESIAN_POINT('',(-0.015591398532894,-0.0257187551895864,0.00258748534323498));
#5642=CARTESIAN_POINT('',(-0.0159188274661687,-0.0254744595229647,0.003));
#5643=CARTESIAN_POINT('',(-0.0159217862099023,-0.0257187551895869,0.00299436002122896));
#5644=CARTESIAN_POINT('',(-0.0159840282950354,-0.0257187551895865,0.00274999999988507));
#5645=CARTESIAN_POINT('',(-0.016181127975144,-0.0254687551895864,0.003));
#5646=CARTESIAN_POINT('',(-0.016181127975144,-0.0257187551895865,0.00300000000000001));
#5647=CARTESIAN_POINT('',(-0.016181127975144,-0.0257187551895865,0.00275));
#5648=CARTESIAN_POINT('',(0.035201296536989,-0.0681780066092268,-0.04102717124707));
#5649=MECHANICAL_DESIGN_GEOMETRIC_PRESENTATION_REPRESENTATION('',(#3056,
#3057,#3058,#3059,#3060,#3061,#3062,#3063),#5650);
#5650=(
GEOMETRIC_REPRESENTATION_CONTEXT(3)
GLOBAL_UNCERTAINTY_ASSIGNED_CONTEXT((#5665))
GLOBAL_UNIT_ASSIGNED_CONTEXT((#5682,#5681,#5680))
REPRESENTATION_CONTEXT('Leg','TOP_LEVEL_ASSEMBLY_PART')
);
#5651=(
GEOMETRIC_REPRESENTATION_CONTEXT(3)
GLOBAL_UNCERTAINTY_ASSIGNED_CONTEXT((#5666))
GLOBAL_UNIT_ASSIGNED_CONTEXT((#5682,#5681,#5680))
REPRESENTATION_CONTEXT('Part 2','COMPONENT_PART')
);
#5652=(
GEOMETRIC_REPRESENTATION_CONTEXT(3)
GLOBAL_UNCERTAINTY_ASSIGNED_CONTEXT((#5667))
GLOBAL_UNIT_ASSIGNED_CONTEXT((#5682,#5681,#5680))
REPRESENTATION_CONTEXT('Part 1','COMPONENT_PART')
);
#5653=(
GEOMETRIC_REPRESENTATION_CONTEXT(3)
GLOBAL_UNCERTAINTY_ASSIGNED_CONTEXT((#5668))
GLOBAL_UNIT_ASSIGNED_CONTEXT((#5682,#5681,#5680))
REPRESENTATION_CONTEXT('Part 1','COMPONENT_PART')
);
#5654=(
GEOMETRIC_REPRESENTATION_CONTEXT(3)
GLOBAL_UNCERTAINTY_ASSIGNED_CONTEXT((#5669))
GLOBAL_UNIT_ASSIGNED_CONTEXT((#5682,#5681,#5680))
REPRESENTATION_CONTEXT('Part 1','COMPONENT_PART')
);
#5655=(
GEOMETRIC_REPRESENTATION_CONTEXT(3)
GLOBAL_UNCERTAINTY_ASSIGNED_CONTEXT((#5670))
GLOBAL_UNIT_ASSIGNED_CONTEXT((#5682,#5681,#5680))
REPRESENTATION_CONTEXT('Screw and Nut 10mm <2>','COMPONENT_PART')
);
#5656=(
GEOMETRIC_REPRESENTATION_CONTEXT(3)
GLOBAL_UNCERTAINTY_ASSIGNED_CONTEXT((#5671))
GLOBAL_UNIT_ASSIGNED_CONTEXT((#5682,#5681,#5680))
REPRESENTATION_CONTEXT('Part 1','COMPONENT_PART')
);
#5657=(
GEOMETRIC_REPRESENTATION_CONTEXT(3)
GLOBAL_UNCERTAINTY_ASSIGNED_CONTEXT((#5672))
GLOBAL_UNIT_ASSIGNED_CONTEXT((#5682,#5681,#5680))
REPRESENTATION_CONTEXT('Part 1','COMPONENT_PART')
);
#5658=(
GEOMETRIC_REPRESENTATION_CONTEXT(3)
GLOBAL_UNCERTAINTY_ASSIGNED_CONTEXT((#5673))
GLOBAL_UNIT_ASSIGNED_CONTEXT((#5682,#5681,#5680))
REPRESENTATION_CONTEXT('Screw and Nut 8mm <4>','COMPONENT_PART')
);
#5659=(
GEOMETRIC_REPRESENTATION_CONTEXT(3)
GLOBAL_UNCERTAINTY_ASSIGNED_CONTEXT((#5674))
GLOBAL_UNIT_ASSIGNED_CONTEXT((#5682,#5681,#5680))
REPRESENTATION_CONTEXT('Part 1','COMPONENT_PART')
);
#5660=(
GEOMETRIC_REPRESENTATION_CONTEXT(3)
GLOBAL_UNCERTAINTY_ASSIGNED_CONTEXT((#5675))
GLOBAL_UNIT_ASSIGNED_CONTEXT((#5682,#5681,#5680))
REPRESENTATION_CONTEXT('Screw and Nut 10mm <1>','COMPONENT_PART')
);
#5661=(
GEOMETRIC_REPRESENTATION_CONTEXT(3)
GLOBAL_UNCERTAINTY_ASSIGNED_CONTEXT((#5676))
GLOBAL_UNIT_ASSIGNED_CONTEXT((#5682,#5681,#5680))
REPRESENTATION_CONTEXT('Screw and Nut 8mm <3>','COMPONENT_PART')
);
#5662=(
GEOMETRIC_REPRESENTATION_CONTEXT(3)
GLOBAL_UNCERTAINTY_ASSIGNED_CONTEXT((#5677))
GLOBAL_UNIT_ASSIGNED_CONTEXT((#5682,#5681,#5680))
REPRESENTATION_CONTEXT('Screw and Nut 8mm <2>','COMPONENT_PART')
);
#5663=(
GEOMETRIC_REPRESENTATION_CONTEXT(3)
GLOBAL_UNCERTAINTY_ASSIGNED_CONTEXT((#5678))
GLOBAL_UNIT_ASSIGNED_CONTEXT((#5682,#5681,#5680))
REPRESENTATION_CONTEXT('Screw and Nut 8mm <1>','COMPONENT_PART')
);
#5664=(
GEOMETRIC_REPRESENTATION_CONTEXT(3)
GLOBAL_UNCERTAINTY_ASSIGNED_CONTEXT((#5679))
GLOBAL_UNIT_ASSIGNED_CONTEXT((#5682,#5681,#5680))
REPRESENTATION_CONTEXT('Part 1','COMPONENT_PART')
);
#5665=UNCERTAINTY_MEASURE_WITH_UNIT(LENGTH_MEASURE(1.E-8),#5682,
'DISTANCE_ACCURACY_VALUE','Maximum Tolerance applied to model');
#5666=UNCERTAINTY_MEASURE_WITH_UNIT(LENGTH_MEASURE(1.E-8),#5682,
'DISTANCE_ACCURACY_VALUE','Maximum Tolerance applied to model');
#5667=UNCERTAINTY_MEASURE_WITH_UNIT(LENGTH_MEASURE(1.E-8),#5682,
'DISTANCE_ACCURACY_VALUE','Maximum Tolerance applied to model');
#5668=UNCERTAINTY_MEASURE_WITH_UNIT(LENGTH_MEASURE(2.66080106391412E-5),
#5682,'DISTANCE_ACCURACY_VALUE','Maximum Tolerance applied to model');
#5669=UNCERTAINTY_MEASURE_WITH_UNIT(LENGTH_MEASURE(1.E-8),#5682,
'DISTANCE_ACCURACY_VALUE','Maximum Tolerance applied to model');
#5670=UNCERTAINTY_MEASURE_WITH_UNIT(LENGTH_MEASURE(1.E-8),#5682,
'DISTANCE_ACCURACY_VALUE','Maximum Tolerance applied to model');
#5671=UNCERTAINTY_MEASURE_WITH_UNIT(LENGTH_MEASURE(1.E-8),#5682,
'DISTANCE_ACCURACY_VALUE','Maximum Tolerance applied to model');
#5672=UNCERTAINTY_MEASURE_WITH_UNIT(LENGTH_MEASURE(1.E-8),#5682,
'DISTANCE_ACCURACY_VALUE','Maximum Tolerance applied to model');
#5673=UNCERTAINTY_MEASURE_WITH_UNIT(LENGTH_MEASURE(1.E-8),#5682,
'DISTANCE_ACCURACY_VALUE','Maximum Tolerance applied to model');
#5674=UNCERTAINTY_MEASURE_WITH_UNIT(LENGTH_MEASURE(1.E-8),#5682,
'DISTANCE_ACCURACY_VALUE','Maximum Tolerance applied to model');
#5675=UNCERTAINTY_MEASURE_WITH_UNIT(LENGTH_MEASURE(1.E-8),#5682,
'DISTANCE_ACCURACY_VALUE','Maximum Tolerance applied to model');
#5676=UNCERTAINTY_MEASURE_WITH_UNIT(LENGTH_MEASURE(1.E-8),#5682,
'DISTANCE_ACCURACY_VALUE','Maximum Tolerance applied to model');
#5677=UNCERTAINTY_MEASURE_WITH_UNIT(LENGTH_MEASURE(1.E-8),#5682,
'DISTANCE_ACCURACY_VALUE','Maximum Tolerance applied to model');
#5678=UNCERTAINTY_MEASURE_WITH_UNIT(LENGTH_MEASURE(1.E-8),#5682,
'DISTANCE_ACCURACY_VALUE','Maximum Tolerance applied to model');
#5679=UNCERTAINTY_MEASURE_WITH_UNIT(LENGTH_MEASURE(2.E-5),#5682,
'DISTANCE_ACCURACY_VALUE','Maximum Tolerance applied to model');
#5680=(
NAMED_UNIT(*)
SI_UNIT($,.STERADIAN.)
SOLID_ANGLE_UNIT()
);
#5681=(
NAMED_UNIT(*)
PLANE_ANGLE_UNIT()
SI_UNIT($,.RADIAN.)
);
#5682=(
LENGTH_UNIT()
NAMED_UNIT(*)
SI_UNIT($,.METRE.)
);
#5683=PRODUCT_DEFINITION_SHAPE('','',#5725);
#5684=PRODUCT_DEFINITION_SHAPE('','',#5726);
#5685=PRODUCT_DEFINITION_SHAPE(' ','NAUO PRDDFN',#105);
#5686=PRODUCT_DEFINITION_SHAPE('','',#5727);
#5687=PRODUCT_DEFINITION_SHAPE(' ','NAUO PRDDFN',#106);
#5688=PRODUCT_DEFINITION_SHAPE('','',#5728);
#5689=PRODUCT_DEFINITION_SHAPE(' ','NAUO PRDDFN',#107);
#5690=PRODUCT_DEFINITION_SHAPE('','',#5729);
#5691=PRODUCT_DEFINITION_SHAPE(' ','NAUO PRDDFN',#108);
#5692=PRODUCT_DEFINITION_SHAPE(' ','NAUO PRDDFN',#109);
#5693=PRODUCT_DEFINITION_SHAPE('','',#5730);
#5694=PRODUCT_DEFINITION_SHAPE('','',#5731);
#5695=PRODUCT_DEFINITION_SHAPE(' ','NAUO PRDDFN',#110);
#5696=PRODUCT_DEFINITION_SHAPE('','',#5732);
#5697=PRODUCT_DEFINITION_SHAPE(' ','NAUO PRDDFN',#111);
#5698=PRODUCT_DEFINITION_SHAPE(' ','NAUO PRDDFN',#112);
#5699=PRODUCT_DEFINITION_SHAPE(' ','NAUO PRDDFN',#113);
#5700=PRODUCT_DEFINITION_SHAPE('','',#5733);
#5701=PRODUCT_DEFINITION_SHAPE(' ','NAUO PRDDFN',#114);
#5702=PRODUCT_DEFINITION_SHAPE('','',#5734);
#5703=PRODUCT_DEFINITION_SHAPE(' ','NAUO PRDDFN',#115);
#5704=PRODUCT_DEFINITION_SHAPE(' ','NAUO PRDDFN',#116);
#5705=PRODUCT_DEFINITION_SHAPE(' ','NAUO PRDDFN',#117);
#5706=PRODUCT_DEFINITION_SHAPE('','',#5735);
#5707=PRODUCT_DEFINITION_SHAPE(' ','NAUO PRDDFN',#118);
#5708=PRODUCT_DEFINITION_SHAPE(' ','NAUO PRDDFN',#119);
#5709=PRODUCT_DEFINITION_SHAPE(' ','NAUO PRDDFN',#120);
#5710=PRODUCT_DEFINITION_SHAPE('','',#5736);
#5711=PRODUCT_DEFINITION_SHAPE(' ','NAUO PRDDFN',#121);
#5712=PRODUCT_DEFINITION_SHAPE(' ','NAUO PRDDFN',#122);
#5713=PRODUCT_DEFINITION_SHAPE(' ','NAUO PRDDFN',#123);
#5714=PRODUCT_DEFINITION_SHAPE(' ','NAUO PRDDFN',#124);
#5715=PRODUCT_DEFINITION_SHAPE('','',#5737);
#5716=PRODUCT_DEFINITION_SHAPE(' ','NAUO PRDDFN',#125);
#5717=PRODUCT_DEFINITION_SHAPE(' ','NAUO PRDDFN',#126);
#5718=PRODUCT_DEFINITION_SHAPE(' ','NAUO PRDDFN',#127);
#5719=PRODUCT_DEFINITION_SHAPE('','',#5738);
#5720=PRODUCT_DEFINITION_SHAPE(' ','NAUO PRDDFN',#128);
#5721=PRODUCT_DEFINITION_SHAPE(' ','NAUO PRDDFN',#129);
#5722=PRODUCT_DEFINITION_SHAPE(' ','NAUO PRDDFN',#130);
#5723=PRODUCT_DEFINITION_SHAPE('','',#5739);
#5724=PRODUCT_DEFINITION_SHAPE(' ','NAUO PRDDFN',#131);
#5725=PRODUCT_DEFINITION('','',#5755,#5740);
#5726=PRODUCT_DEFINITION('','',#5756,#5741);
#5727=PRODUCT_DEFINITION('','',#5757,#5742);
#5728=PRODUCT_DEFINITION('','',#5758,#5743);
#5729=PRODUCT_DEFINITION('','',#5759,#5744);
#5730=PRODUCT_DEFINITION('','',#5760,#5745);
#5731=PRODUCT_DEFINITION('','',#5761,#5746);
#5732=PRODUCT_DEFINITION('','',#5762,#5747);
#5733=PRODUCT_DEFINITION('','',#5763,#5748);
#5734=PRODUCT_DEFINITION('','',#5764,#5749);
#5735=PRODUCT_DEFINITION('','',#5765,#5750);
#5736=PRODUCT_DEFINITION('','',#5766,#5751);
#5737=PRODUCT_DEFINITION('','',#5767,#5752);
#5738=PRODUCT_DEFINITION('','',#5768,#5753);
#5739=PRODUCT_DEFINITION('','',#5769,#5754);
#5740=PRODUCT_DEFINITION_CONTEXT('',#5831,'design');
#5741=PRODUCT_DEFINITION_CONTEXT('',#5831,'design');
#5742=PRODUCT_DEFINITION_CONTEXT('',#5831,'design');
#5743=PRODUCT_DEFINITION_CONTEXT('',#5831,'design');
#5744=PRODUCT_DEFINITION_CONTEXT('',#5831,'design');
#5745=PRODUCT_DEFINITION_CONTEXT('',#5831,'design');
#5746=PRODUCT_DEFINITION_CONTEXT('',#5831,'design');
#5747=PRODUCT_DEFINITION_CONTEXT('',#5831,'design');
#5748=PRODUCT_DEFINITION_CONTEXT('',#5831,'design');
#5749=PRODUCT_DEFINITION_CONTEXT('',#5831,'design');
#5750=PRODUCT_DEFINITION_CONTEXT('',#5831,'design');
#5751=PRODUCT_DEFINITION_CONTEXT('',#5831,'design');
#5752=PRODUCT_DEFINITION_CONTEXT('',#5831,'design');
#5753=PRODUCT_DEFINITION_CONTEXT('',#5831,'design');
#5754=PRODUCT_DEFINITION_CONTEXT('',#5831,'design');
#5755=PRODUCT_DEFINITION_FORMATION_WITH_SPECIFIED_SOURCE('','',#5785,
 .NOT_KNOWN.);
#5756=PRODUCT_DEFINITION_FORMATION_WITH_SPECIFIED_SOURCE('','',#5786,
 .NOT_KNOWN.);
#5757=PRODUCT_DEFINITION_FORMATION_WITH_SPECIFIED_SOURCE('','',#5787,
 .NOT_KNOWN.);
#5758=PRODUCT_DEFINITION_FORMATION_WITH_SPECIFIED_SOURCE('','',#5788,
 .NOT_KNOWN.);
#5759=PRODUCT_DEFINITION_FORMATION_WITH_SPECIFIED_SOURCE('','',#5789,
 .NOT_KNOWN.);
#5760=PRODUCT_DEFINITION_FORMATION_WITH_SPECIFIED_SOURCE('','',#5790,
 .NOT_KNOWN.);
#5761=PRODUCT_DEFINITION_FORMATION_WITH_SPECIFIED_SOURCE('','',#5791,
 .NOT_KNOWN.);
#5762=PRODUCT_DEFINITION_FORMATION_WITH_SPECIFIED_SOURCE('','',#5792,
 .NOT_KNOWN.);
#5763=PRODUCT_DEFINITION_FORMATION_WITH_SPECIFIED_SOURCE('','',#5793,
 .NOT_KNOWN.);
#5764=PRODUCT_DEFINITION_FORMATION_WITH_SPECIFIED_SOURCE('','',#5794,
 .NOT_KNOWN.);
#5765=PRODUCT_DEFINITION_FORMATION_WITH_SPECIFIED_SOURCE('','',#5795,
 .NOT_KNOWN.);
#5766=PRODUCT_DEFINITION_FORMATION_WITH_SPECIFIED_SOURCE('','',#5796,
 .NOT_KNOWN.);
#5767=PRODUCT_DEFINITION_FORMATION_WITH_SPECIFIED_SOURCE('','',#5797,
 .NOT_KNOWN.);
#5768=PRODUCT_DEFINITION_FORMATION_WITH_SPECIFIED_SOURCE('','',#5798,
 .NOT_KNOWN.);
#5769=PRODUCT_DEFINITION_FORMATION_WITH_SPECIFIED_SOURCE('','',#5799,
 .NOT_KNOWN.);
#5770=PRODUCT_RELATED_PRODUCT_CATEGORY('','',(#5785));
#5771=PRODUCT_RELATED_PRODUCT_CATEGORY('','',(#5786));
#5772=PRODUCT_RELATED_PRODUCT_CATEGORY('','',(#5787));
#5773=PRODUCT_RELATED_PRODUCT_CATEGORY('','',(#5788));
#5774=PRODUCT_RELATED_PRODUCT_CATEGORY('','',(#5789));
#5775=PRODUCT_RELATED_PRODUCT_CATEGORY('','',(#5790));
#5776=PRODUCT_RELATED_PRODUCT_CATEGORY('','',(#5791));
#5777=PRODUCT_RELATED_PRODUCT_CATEGORY('','',(#5792));
#5778=PRODUCT_RELATED_PRODUCT_CATEGORY('','',(#5793));
#5779=PRODUCT_RELATED_PRODUCT_CATEGORY('','',(#5794));
#5780=PRODUCT_RELATED_PRODUCT_CATEGORY('','',(#5795));
#5781=PRODUCT_RELATED_PRODUCT_CATEGORY('','',(#5796));
#5782=PRODUCT_RELATED_PRODUCT_CATEGORY('','',(#5797));
#5783=PRODUCT_RELATED_PRODUCT_CATEGORY('','',(#5798));
#5784=PRODUCT_RELATED_PRODUCT_CATEGORY('','',(#5799));
#5785=PRODUCT('Leg','Leg','Leg',(#5815));
#5786=PRODUCT('Part 2','Part 2','Part 2',(#5816));
#5787=PRODUCT('Part 1','Part 1','Part 1',(#5817));
#5788=PRODUCT('Part 1','Part 1','Part 1',(#5818));
#5789=PRODUCT('Part 1','Part 1','Part 1',(#5819));
#5790=PRODUCT('Screw and Nut 10mm <2>','Screw and Nut 10mm <2>',
'Screw and Nut 10mm <2>',(#5820));
#5791=PRODUCT('Part 1','Part 1','Part 1',(#5821));
#5792=PRODUCT('Part 1','Part 1','Part 1',(#5822));
#5793=PRODUCT('Screw and Nut 8mm <4>','Screw and Nut 8mm <4>',
'Screw and Nut 8mm <4>',(#5823));
#5794=PRODUCT('Part 1','Part 1','Part 1',(#5824));
#5795=PRODUCT('Screw and Nut 10mm <1>','Screw and Nut 10mm <1>',
'Screw and Nut 10mm <1>',(#5825));
#5796=PRODUCT('Screw and Nut 8mm <3>','Screw and Nut 8mm <3>',
'Screw and Nut 8mm <3>',(#5826));
#5797=PRODUCT('Screw and Nut 8mm <2>','Screw and Nut 8mm <2>',
'Screw and Nut 8mm <2>',(#5827));
#5798=PRODUCT('Screw and Nut 8mm <1>','Screw and Nut 8mm <1>',
'Screw and Nut 8mm <1>',(#5828));
#5799=PRODUCT('Part 1','Part 1','Part 1',(#5829));
#5800=PRODUCT_CATEGORY('','');
#5801=PRODUCT_CATEGORY('','');
#5802=PRODUCT_CATEGORY('','');
#5803=PRODUCT_CATEGORY('','');
#5804=PRODUCT_CATEGORY('','');
#5805=PRODUCT_CATEGORY('','');
#5806=PRODUCT_CATEGORY('','');
#5807=PRODUCT_CATEGORY('','');
#5808=PRODUCT_CATEGORY('','');
#5809=PRODUCT_CATEGORY('','');
#5810=PRODUCT_CATEGORY('','');
#5811=PRODUCT_CATEGORY('','');
#5812=PRODUCT_CATEGORY('','');
#5813=PRODUCT_CATEGORY('','');
#5814=PRODUCT_CATEGORY('','');
#5815=PRODUCT_CONTEXT('',#5831,'mechanical');
#5816=PRODUCT_CONTEXT('',#5831,'mechanical');
#5817=PRODUCT_CONTEXT('',#5831,'mechanical');
#5818=PRODUCT_CONTEXT('',#5831,'mechanical');
#5819=PRODUCT_CONTEXT('',#5831,'mechanical');
#5820=PRODUCT_CONTEXT('',#5831,'mechanical');
#5821=PRODUCT_CONTEXT('',#5831,'mechanical');
#5822=PRODUCT_CONTEXT('',#5831,'mechanical');
#5823=PRODUCT_CONTEXT('',#5831,'mechanical');
#5824=PRODUCT_CONTEXT('',#5831,'mechanical');
#5825=PRODUCT_CONTEXT('',#5831,'mechanical');
#5826=PRODUCT_CONTEXT('',#5831,'mechanical');
#5827=PRODUCT_CONTEXT('',#5831,'mechanical');
#5828=PRODUCT_CONTEXT('',#5831,'mechanical');
#5829=PRODUCT_CONTEXT('',#5831,'mechanical');
#5830=APPLICATION_PROTOCOL_DEFINITION('international standard',
'ap242_managed_model_based_3d_engineering',2020,#5831);
#5831=APPLICATION_CONTEXT('managed model based 3d engineering');
ENDSEC;
END-ISO-10303-21;
