ISO-10303-21;
HEADER;
/* Generated by software containing ST-Developer
 * from STEP Tools, Inc. (www.steptools.com) 
 */
/* OPTION: using custom renumber hook */

FILE_DESCRIPTION(
/* description */ ('STEP AP242 Edition 2',
'CAx-IF Rec.Pracs.---Representation and Presentation of Product Manufa
cturing Information (PMI)---4.0---2014-10-13',
'CAx-IF Rec.Pracs.---3D Tessellated Geometry---0.4---2014-09-14','2;1',
'CAx-IF Rec.Pracs.---User Defined Attributes---1.5---2016-08-15'),
/* implementation_level */ '2;1');

FILE_NAME(
/* name */ '6a1af44e3738ac997e61ef2e',
/* time_stamp */ '2026-05-30T14:29:35Z',
/* author */ (''),
/* organization */ (''),
/* preprocessor_version */ 'ST-DEVELOPER v20',
/* originating_system */ 'ONSHAPE BY PTC INC, 1.215',
/* authorisation */ '  ');

FILE_SCHEMA (('AP242_MANAGED_MODEL_BASED_3D_ENGINEERING_MIM_LF { 1 0 10303 442 3 1 4 }'));
ENDSEC;

DATA;
#10=TOROIDAL_SURFACE('',#3314,0.002,0.001);
#11=TOROIDAL_SURFACE('',#3326,0.002,0.001);
#12=TOROIDAL_SURFACE('',#3328,0.002,0.001);
#13=TOROIDAL_SURFACE('',#3330,0.002,0.001);
#14=TOROIDAL_SURFACE('',#3341,0.002,0.001);
#15=TOROIDAL_SURFACE('',#3343,0.002,0.001);
#16=TOROIDAL_SURFACE('',#3345,0.0555181734151394,0.001);
#17=TOROIDAL_SURFACE('',#3350,0.0555181734151394,0.001);
#18=TOROIDAL_SURFACE('',#3382,0.002,0.001);
#19=TOROIDAL_SURFACE('',#3384,0.002,0.001);
#20=B_SPLINE_SURFACE_WITH_KNOTS('',3,1,((#5169,#5170),(#5171,#5172),(#5173,
#5174),(#5175,#5176)),.SURF_OF_LINEAR_EXTRUSION.,.F.,.F.,.F.,(4,4),(2,2),
(0.0886856883665976,0.956173394589417),(0.,1.),.PIECEWISE_BEZIER_KNOTS.);
#21=(
BOUNDED_SURFACE()
B_SPLINE_SURFACE(3,2,((#4911,#4912,#4913),(#4914,#4915,#4916),(#4917,#4918,
#4919),(#4920,#4921,#4922),(#4923,#4924,#4925),(#4926,#4927,#4928),(#4929,
#4930,#4931),(#4932,#4933,#4934),(#4935,#4936,#4937),(#4938,#4939,#4940),
(#4941,#4942,#4943),(#4944,#4945,#4946),(#4947,#4948,#4949),(#4950,#4951,
#4952),(#4953,#4954,#4955),(#4956,#4957,#4958),(#4959,#4960,#4961),(#4962,
#4963,#4964),(#4965,#4966,#4967),(#4968,#4969,#4970),(#4971,#4972,#4973)),
 .UNSPECIFIED.,.F.,.F.,.F.)
B_SPLINE_SURFACE_WITH_KNOTS((4,1,1,1,1,1,1,1,1,1,1,1,1,1,1,1,1,1,4),(3,
3),(0.0162947867599436,0.0231354329235213,0.0299760790870991,0.0368167252506769,
0.0436573714142547,0.0504980175778325,0.0539183406596213,0.0573386637414102,
0.0607589868231991,0.0624691483640936,0.064179309904988,0.0658894714458824,
0.0675996329867769,0.0684547137572241,0.0693097945276713,0.0701648752981186,
0.0705924156833422,0.070806185875954,0.0710199560685658),(0.,1.),
 .UNSPECIFIED.)
GEOMETRIC_REPRESENTATION_ITEM()
RATIONAL_B_SPLINE_SURFACE(((1.,0.707106781186548,1.),(1.,0.707106781186548,
1.),(1.,0.707106781186548,1.),(1.,0.707106781186547,1.),(1.,0.707106781186548,
1.),(1.,0.707106781186548,1.),(1.,0.707106781186548,1.),(1.,0.707106781186547,
1.),(1.,0.707106781186548,1.),(1.,0.707106781186548,1.),(1.,0.707106781186547,
1.),(1.,0.707106781186548,1.),(1.,0.707106781186548,1.),(1.,0.707106781186546,
1.),(1.,0.70710678118655,1.),(1.,0.707106781186548,1.),(1.,0.707106781186544,
1.),(1.,0.707106781186552,1.),(1.,0.707106781186547,1.),(1.,0.707106781186548,
1.),(1.,0.707106781186548,1.)))
REPRESENTATION_ITEM('')
SURFACE()
);
#22=(
BOUNDED_SURFACE()
B_SPLINE_SURFACE(3,2,((#5000,#5001,#5002),(#5003,#5004,#5005),(#5006,#5007,
#5008),(#5009,#5010,#5011),(#5012,#5013,#5014),(#5015,#5016,#5017),(#5018,
#5019,#5020),(#5021,#5022,#5023),(#5024,#5025,#5026),(#5027,#5028,#5029),
(#5030,#5031,#5032),(#5033,#5034,#5035),(#5036,#5037,#5038),(#5039,#5040,
#5041),(#5042,#5043,#5044),(#5045,#5046,#5047),(#5048,#5049,#5050),(#5051,
#5052,#5053),(#5054,#5055,#5056),(#5057,#5058,#5059),(#5060,#5061,#5062)),
 .UNSPECIFIED.,.F.,.F.,.F.)
B_SPLINE_SURFACE_WITH_KNOTS((4,1,1,1,1,1,1,1,1,1,1,1,1,1,1,1,1,1,4),(3,
3),(0.0162947867599436,0.0231354329235213,0.0299760790870991,0.0368167252506769,
0.0436573714142547,0.0504980175778325,0.0539183406596213,0.0573386637414102,
0.0607589868231991,0.0624691483640936,0.064179309904988,0.0658894714458824,
0.0675996329867769,0.0684547137572241,0.0693097945276713,0.0701648752981186,
0.0705924156833422,0.070806185875954,0.0710199560685658),(0.,1.),
 .UNSPECIFIED.)
GEOMETRIC_REPRESENTATION_ITEM()
RATIONAL_B_SPLINE_SURFACE(((1.,0.707106781186548,1.),(1.,0.707106781186548,
1.),(1.,0.707106781186548,1.),(1.,0.707106781186547,1.),(1.,0.707106781186548,
1.),(1.,0.707106781186547,1.),(1.,0.707106781186548,1.),(1.,0.707106781186547,
1.),(1.,0.707106781186548,1.),(1.,0.707106781186548,1.),(1.,0.707106781186547,
1.),(1.,0.707106781186548,1.),(1.,0.707106781186548,1.),(1.,0.707106781186546,
1.),(1.,0.70710678118655,1.),(1.,0.707106781186547,1.),(1.,0.707106781186547,
1.),(1.,0.707106781186548,1.),(1.,0.707106781186548,1.),(1.,0.707106781186548,
1.),(1.,0.707106781186548,1.)))
REPRESENTATION_ITEM('')
SURFACE()
);
#23=(
BOUNDED_SURFACE()
B_SPLINE_SURFACE(3,2,((#5294,#5295,#5296),(#5297,#5298,#5299),(#5300,#5301,
#5302),(#5303,#5304,#5305),(#5306,#5307,#5308),(#5309,#5310,#5311),(#5312,
#5313,#5314)),.UNSPECIFIED.,.F.,.F.,.F.)
B_SPLINE_SURFACE_WITH_KNOTS((4,1,1,1,4),(3,3),(0.0375604856005604,0.0437923221220501,
0.0500241586435397,0.0562559951650293,0.0624878316865189),(0.,1.),
 .UNSPECIFIED.)
GEOMETRIC_REPRESENTATION_ITEM()
RATIONAL_B_SPLINE_SURFACE(((1.,0.707106781186548,1.),(1.,0.707106781186548,
1.),(1.,0.707106781186545,1.),(1.,0.707106781186548,1.),(1.,0.707106781186547,
1.),(1.,0.707106781186547,1.),(1.,0.707106781186547,1.)))
REPRESENTATION_ITEM('')
SURFACE()
);
#24=(
BOUNDED_SURFACE()
B_SPLINE_SURFACE(3,2,((#5340,#5341,#5342),(#5343,#5344,#5345),(#5346,#5347,
#5348),(#5349,#5350,#5351),(#5352,#5353,#5354)),.UNSPECIFIED.,.F.,.F.,.F.)
B_SPLINE_SURFACE_WITH_KNOTS((4,1,4),(3,3),(0.0375598201454248,0.0499625962626202,
0.0623653723798155),(0.,1.),.UNSPECIFIED.)
GEOMETRIC_REPRESENTATION_ITEM()
RATIONAL_B_SPLINE_SURFACE(((1.,0.707106781186548,1.),(1.,0.707106781186548,
1.),(1.,0.707106781186548,1.),(1.,0.707106781186548,1.),(1.,0.707106781186548,
1.)))
REPRESENTATION_ITEM('')
SURFACE()
);
#25=(
BOUNDED_SURFACE()
B_SPLINE_SURFACE(3,2,((#5407,#5408,#5409),(#5410,#5411,#5412),(#5413,#5414,
#5415),(#5416,#5417,#5418),(#5419,#5420,#5421)),.UNSPECIFIED.,.F.,.F.,.F.)
B_SPLINE_SURFACE_WITH_KNOTS((4,1,4),(3,3),(6.23416249179165E-19,0.000652963579376933,
0.00130592715875387),(0.,1.),.UNSPECIFIED.)
GEOMETRIC_REPRESENTATION_ITEM()
RATIONAL_B_SPLINE_SURFACE(((1.,0.886591763925448,1.),(1.,0.886591745842181,
1.),(1.,0.843159805788844,1.),(1.,0.756119537653079,1.),(1.,0.707106781186548,
1.)))
REPRESENTATION_ITEM('')
SURFACE()
);
#26=(
BOUNDED_SURFACE()
B_SPLINE_SURFACE(3,2,((#5428,#5429,#5430),(#5431,#5432,#5433),(#5434,#5435,
#5436),(#5437,#5438,#5439),(#5440,#5441,#5442)),.UNSPECIFIED.,.F.,.F.,.F.)
B_SPLINE_SURFACE_WITH_KNOTS((4,1,4),(3,3),(4.71238898038469,5.49778714378214,
6.28318530717959),(0.,1.),.UNSPECIFIED.)
GEOMETRIC_REPRESENTATION_ITEM()
RATIONAL_B_SPLINE_SURFACE(((1.,0.707106781186533,1.),(1.,0.715173926786492,
1.),(1.,0.730914318047996,1.),(1.,0.737277336806196,1.),(1.,0.737277336810109,
1.)))
REPRESENTATION_ITEM('')
SURFACE()
);
#27=(
BOUNDED_SURFACE()
B_SPLINE_SURFACE(3,2,((#5444,#5445,#5446),(#5447,#5448,#5449),(#5450,#5451,
#5452),(#5453,#5454,#5455),(#5456,#5457,#5458)),.UNSPECIFIED.,.F.,.F.,.F.)
B_SPLINE_SURFACE_WITH_KNOTS((4,1,4),(3,3),(-3.79470760369927E-19,0.00065139790346029,
0.00130279580692058),(0.,1.),.UNSPECIFIED.)
GEOMETRIC_REPRESENTATION_ITEM()
RATIONAL_B_SPLINE_SURFACE(((1.,0.707106781186547,1.),(1.,0.75618719057951,
1.),(1.,0.842734025807461,1.),(1.,0.886591755474061,1.),(1.,0.886591763925448,
1.)))
REPRESENTATION_ITEM('')
SURFACE()
);
#28=(
BOUNDED_SURFACE()
B_SPLINE_SURFACE(3,2,((#5464,#5465,#5466),(#5467,#5468,#5469),(#5470,#5471,
#5472),(#5473,#5474,#5475),(#5476,#5477,#5478)),.UNSPECIFIED.,.F.,.F.,.F.)
B_SPLINE_SURFACE_WITH_KNOTS((4,1,4),(3,3),(3.14159265358979,3.92699081698724,
4.71238898038469),(0.,1.),.UNSPECIFIED.)
GEOMETRIC_REPRESENTATION_ITEM()
RATIONAL_B_SPLINE_SURFACE(((1.,0.737277336810113,1.),(1.,0.73727733680765,
1.),(1.,0.730914318047172,1.),(1.,0.715173926786705,1.),(1.,0.707106781186537,
1.)))
REPRESENTATION_ITEM('')
SURFACE()
);
#29=ELLIPSE('',#3237,0.00141421356237309,0.001);
#30=ELLIPSE('',#3239,0.00141421356237309,0.001);
#31=ELLIPSE('',#3243,0.00141421356237309,0.001);
#32=ELLIPSE('',#3247,0.00141421356237309,0.001);
#33=ELLIPSE('',#3249,0.00141421356237309,0.001);
#34=ELLIPSE('',#3250,0.00141421356237309,0.001);
#35=ELLIPSE('',#3252,0.00141421356237309,0.001);
#36=ELLIPSE('',#3254,0.00141421356237309,0.001);
#37=ELLIPSE('',#3259,0.0010000563336995,0.001);
#38=ELLIPSE('',#3297,0.000752864878157511,0.00075);
#39=ELLIPSE('',#3298,0.000752864878157511,0.00075);
#40=ELLIPSE('',#3357,0.00141421356237309,0.001);
#41=ELLIPSE('',#3359,0.00141421356237309,0.001);
#42=ELLIPSE('',#3373,0.00100215045016361,0.001);
#43=ELLIPSE('',#3380,0.00100215045016361,0.001);
#44=SPHERICAL_SURFACE('',#3233,0.001);
#45=SPHERICAL_SURFACE('',#3244,0.001);
#46=SPHERICAL_SURFACE('',#3273,0.001);
#47=SPHERICAL_SURFACE('',#3352,0.001);
#48=SPHERICAL_SURFACE('',#3354,0.001);
#49=SPHERICAL_SURFACE('',#3368,0.001);
#50=SPHERICAL_SURFACE('',#3370,0.001);
#51=B_SPLINE_CURVE_WITH_KNOTS('',3,(#4660,#4661,#4662,#4663,#4664,#4665,
#4666,#4667,#4668,#4669),.UNSPECIFIED.,.F.,.F.,(4,1,1,1,1,1,1,4),(0.,0.00119524577868131,
0.00239049155736262,0.00298811444670328,0.00358573733604393,0.00418336022538459,
0.00448217167005491,0.00478098311472524),.UNSPECIFIED.);
#52=B_SPLINE_CURVE_WITH_KNOTS('',3,(#4671,#4672,#4673,#4674,#4675,#4676,
#4677,#4678,#4679,#4680),.UNSPECIFIED.,.F.,.F.,(4,1,1,1,1,1,1,4),(0.,0.000302299169205956,
0.000604598338411911,0.00120919667682382,0.00181379501523573,0.00241839335364765,
0.00362759003047147,0.00483678670729529),.UNSPECIFIED.);
#53=B_SPLINE_CURVE_WITH_KNOTS('',3,(#4790,#4791,#4792,#4793,#4794),
 .UNSPECIFIED.,.F.,.F.,(4,1,4),(0.,0.00149735352235558,0.00299470704471116),
 .UNSPECIFIED.);
#54=B_SPLINE_CURVE_WITH_KNOTS('',3,(#4796,#4797,#4798,#4799,#4800),
 .UNSPECIFIED.,.F.,.F.,(4,1,4),(0.,0.00149729966334288,0.00299459932668577),
 .UNSPECIFIED.);
#55=B_SPLINE_CURVE_WITH_KNOTS('',3,(#4805,#4806,#4807,#4808,#4809),
 .UNSPECIFIED.,.F.,.F.,(4,1,4),(0.,0.00158448513141563,0.00316897026283126),
 .UNSPECIFIED.);
#56=B_SPLINE_CURVE_WITH_KNOTS('',3,(#4882,#4883,#4884,#4885,#4886,#4887,
#4888,#4889,#4890,#4891,#4892,#4893),.UNSPECIFIED.,.F.,.F.,(4,1,1,1,1,1,
1,1,1,4),(0.,0.0123763670318133,0.01856455054772,0.0247527340636266,0.0309409175795333,
0.03712910109544,0.0402231928533933,0.0433172846113466,0.0464113763693,
0.0495054681272533),.UNSPECIFIED.);
#57=B_SPLINE_CURVE_WITH_KNOTS('',3,(#4899,#4900,#4901,#4902,#4903,#4904,
#4905,#4906,#4907,#4908,#4909,#4910),.UNSPECIFIED.,.F.,.F.,(4,1,1,1,1,1,
1,1,1,4),(0.,0.00314510381775974,0.00629020763551947,0.00943531145327921,
0.0125804152710389,0.0188706229065584,0.0251608305420779,0.0314510381775974,
0.0377412458131168,0.0503216610841558),.UNSPECIFIED.);
#58=B_SPLINE_CURVE_WITH_KNOTS('',3,(#4974,#4975,#4976,#4977,#4978),
 .UNSPECIFIED.,.F.,.F.,(4,1,4),(0.,0.000788748343364734,0.00157749668672947),
 .UNSPECIFIED.);
#59=B_SPLINE_CURVE_WITH_KNOTS('',3,(#4980,#4981,#4982,#4983,#4984,#4985,
#4986,#4987,#4988,#4989,#4990,#4991,#4992),.UNSPECIFIED.,.F.,.F.,(4,1,1,
1,1,1,1,1,1,1,4),(0.,0.0138762236141007,0.020814335421151,0.0277524472282014,
0.0346905590352517,0.0416286708423021,0.0450977267458272,0.0485667826493524,
0.0520358385528776,0.0537703665046401,0.0555048944564027),.UNSPECIFIED.);
#60=B_SPLINE_CURVE_WITH_KNOTS('',3,(#4995,#4996,#4997,#4998,#4999),
 .UNSPECIFIED.,.F.,.F.,(4,1,4),(0.,0.000788748343364734,0.00157749668672947),
 .UNSPECIFIED.);
#61=B_SPLINE_CURVE_WITH_KNOTS('',3,(#5177,#5178,#5179,#5180,#5181,#5182,
#5183),.UNSPECIFIED.,.F.,.F.,(4,1,1,1,4),(0.,0.00601327129163612,0.0120265425832722,
0.0180398138749083,0.0240530851665445),.UNSPECIFIED.);
#62=B_SPLINE_CURVE_WITH_KNOTS('',3,(#5188,#5189,#5190,#5191,#5192),
 .UNSPECIFIED.,.F.,.F.,(4,1,4),(0.,0.0120635942923264,0.0241271885846528),
 .UNSPECIFIED.);
#63=B_SPLINE_CURVE_WITH_KNOTS('',3,(#5203,#5204,#5205,#5206,#5207),
 .UNSPECIFIED.,.F.,.F.,(4,1,4),(0.,0.000651397903460284,0.00130279580692057),
 .UNSPECIFIED.);
#64=B_SPLINE_CURVE_WITH_KNOTS('',3,(#5211,#5212,#5213,#5214,#5215),
 .UNSPECIFIED.,.F.,.F.,(4,1,4),(0.,0.000652963579376933,0.00130592715875387),
 .UNSPECIFIED.);
#65=B_SPLINE_CURVE_WITH_KNOTS('',3,(#5231,#5232,#5233,#5234,#5235,#5236,
#5237),.UNSPECIFIED.,.F.,.F.,(4,1,1,1,4),(0.,0.00621144243232871,0.0124228848646574,
0.0186343272969861,0.0248457697293148),.UNSPECIFIED.);
#66=B_SPLINE_CURVE_WITH_KNOTS('',3,(#5258,#5259,#5260,#5261,#5262,#5263),
 .UNSPECIFIED.,.F.,.F.,(4,1,1,4),(0.,0.0124146745460255,0.0186220118190383,
0.024829349092051),.UNSPECIFIED.);
#67=B_SPLINE_CURVE_WITH_KNOTS('',3,(#5356,#5357,#5358,#5359,#5360),
 .UNSPECIFIED.,.F.,.F.,(4,1,4),(0.,0.000844567092968722,0.00168913418593744),
 .UNSPECIFIED.);
#68=B_SPLINE_CURVE_WITH_KNOTS('',3,(#5366,#5367,#5368,#5369,#5370),
 .UNSPECIFIED.,.F.,.F.,(4,1,4),(0.,0.000843072234066253,0.00168614446813251),
 .UNSPECIFIED.);
#69=COLOUR_RGB('',0.615686274509804,0.811764705882353,0.929411764705882);
#70=COLOUR_RGB('',0.901960784313726,0.901960784313726,0.901960784313726);
#71=CONTEXT_DEPENDENT_SHAPE_REPRESENTATION(#125,#5516);
#72=CONTEXT_DEPENDENT_SHAPE_REPRESENTATION(#126,#5518);
#73=CONTEXT_DEPENDENT_SHAPE_REPRESENTATION(#127,#5521);
#74=CONTEXT_DEPENDENT_SHAPE_REPRESENTATION(#128,#5523);
#75=CONTEXT_DEPENDENT_SHAPE_REPRESENTATION(#129,#5524);
#76=CONTEXT_DEPENDENT_SHAPE_REPRESENTATION(#130,#5526);
#77=CONTEXT_DEPENDENT_SHAPE_REPRESENTATION(#131,#5527);
#78=CONTEXT_DEPENDENT_SHAPE_REPRESENTATION(#132,#5528);
#79=CONTEXT_DEPENDENT_SHAPE_REPRESENTATION(#133,#5530);
#80=CONTEXT_DEPENDENT_SHAPE_REPRESENTATION(#134,#5532);
#81=CONTEXT_DEPENDENT_SHAPE_REPRESENTATION(#135,#5533);
#82=CONTEXT_DEPENDENT_SHAPE_REPRESENTATION(#136,#5534);
#83=CONTEXT_DEPENDENT_SHAPE_REPRESENTATION(#137,#5536);
#84=CONTEXT_DEPENDENT_SHAPE_REPRESENTATION(#138,#5537);
#85=CONTEXT_DEPENDENT_SHAPE_REPRESENTATION(#139,#5538);
#86=CONTEXT_DEPENDENT_SHAPE_REPRESENTATION(#140,#5540);
#87=CONTEXT_DEPENDENT_SHAPE_REPRESENTATION(#141,#5541);
#88=CONTEXT_DEPENDENT_SHAPE_REPRESENTATION(#142,#5542);
#89=CONTEXT_DEPENDENT_SHAPE_REPRESENTATION(#143,#5544);
#90=CONTEXT_DEPENDENT_SHAPE_REPRESENTATION(#144,#5545);
#91=CONTEXT_DEPENDENT_SHAPE_REPRESENTATION(#145,#5546);
#92=CONTEXT_DEPENDENT_SHAPE_REPRESENTATION(#146,#5547);
#93=CONTEXT_DEPENDENT_SHAPE_REPRESENTATION(#147,#5549);
#94=CONTEXT_DEPENDENT_SHAPE_REPRESENTATION(#148,#5550);
#95=CONTEXT_DEPENDENT_SHAPE_REPRESENTATION(#149,#5551);
#96=CONTEXT_DEPENDENT_SHAPE_REPRESENTATION(#150,#5553);
#97=CONTEXT_DEPENDENT_SHAPE_REPRESENTATION(#151,#5555);
#98=NEXT_ASSEMBLY_USAGE_OCCURRENCE('NAUO1','Part 2','Part 2',#5556,#5557,
'');
#99=NEXT_ASSEMBLY_USAGE_OCCURRENCE('NAUO2','Part 1','Part 1',#5556,#5558,
'');
#100=NEXT_ASSEMBLY_USAGE_OCCURRENCE('NAUO3','Part 1','Part 1',#5559,#5560,
'');
#101=NEXT_ASSEMBLY_USAGE_OCCURRENCE('NAUO4','Part 1','Part 1',#5559,#5561,
'');
#102=NEXT_ASSEMBLY_USAGE_OCCURRENCE('NAUO5','Screw and Nut 10mm <2>',
'Screw and Nut 10mm <2>',#5556,#5559,'');
#103=NEXT_ASSEMBLY_USAGE_OCCURRENCE('NAUO6','Part 1','Part 1',#5556,#5562,
'');
#104=NEXT_ASSEMBLY_USAGE_OCCURRENCE('NAUO7','Part 2','Part 2',#5556,#5557,
'');
#105=NEXT_ASSEMBLY_USAGE_OCCURRENCE('NAUO8','Part 1','Part 1',#5556,#5558,
'');
#106=NEXT_ASSEMBLY_USAGE_OCCURRENCE('NAUO9','Part 1','Part 1',#5563,#5560,
'');
#107=NEXT_ASSEMBLY_USAGE_OCCURRENCE('NAUO10','Part 1','Part 1',#5563,#5564,
'');
#108=NEXT_ASSEMBLY_USAGE_OCCURRENCE('NAUO11','Screw and Nut 8mm <3>',
'Screw and Nut 8mm <3>',#5556,#5563,'');
#109=NEXT_ASSEMBLY_USAGE_OCCURRENCE('NAUO12','Part 1','Part 1',#5556,#5562,
'');
#110=NEXT_ASSEMBLY_USAGE_OCCURRENCE('NAUO13','Part 1','Part 1',#5565,#5560,
'');
#111=NEXT_ASSEMBLY_USAGE_OCCURRENCE('NAUO14','Part 1','Part 1',#5565,#5564,
'');
#112=NEXT_ASSEMBLY_USAGE_OCCURRENCE('NAUO15','Screw and Nut 8mm <2>',
'Screw and Nut 8mm <2>',#5556,#5565,'');
#113=NEXT_ASSEMBLY_USAGE_OCCURRENCE('NAUO16','Part 1','Part 1',#5566,#5564,
'');
#114=NEXT_ASSEMBLY_USAGE_OCCURRENCE('NAUO17','Part 1','Part 1',#5566,#5560,
'');
#115=NEXT_ASSEMBLY_USAGE_OCCURRENCE('NAUO18','Screw and Nut 8mm <4>',
'Screw and Nut 8mm <4>',#5556,#5566,'');
#116=NEXT_ASSEMBLY_USAGE_OCCURRENCE('NAUO19','Part 1','Part 1',#5567,#5560,
'');
#117=NEXT_ASSEMBLY_USAGE_OCCURRENCE('NAUO20','Part 1','Part 1',#5567,#5564,
'');
#118=NEXT_ASSEMBLY_USAGE_OCCURRENCE('NAUO21','Screw and Nut 8mm <1>',
'Screw and Nut 8mm <1>',#5556,#5567,'');
#119=NEXT_ASSEMBLY_USAGE_OCCURRENCE('NAUO22','Part 1','Part 1',#5556,#5562,
'');
#120=NEXT_ASSEMBLY_USAGE_OCCURRENCE('NAUO23','Part 1','Part 1',#5568,#5560,
'');
#121=NEXT_ASSEMBLY_USAGE_OCCURRENCE('NAUO24','Part 1','Part 1',#5568,#5561,
'');
#122=NEXT_ASSEMBLY_USAGE_OCCURRENCE('NAUO25','Screw and Nut 10mm <1>',
'Screw and Nut 10mm <1>',#5556,#5568,'');
#123=NEXT_ASSEMBLY_USAGE_OCCURRENCE('NAUO26','Part 1','Part 1',#5556,#5569,
'');
#124=NEXT_ASSEMBLY_USAGE_OCCURRENCE('NAUO27','Part 1','Part 1',#5556,#5570,
'');
#125=(
REPRESENTATION_RELATIONSHIP(' ',' ',#3053,#3052)
REPRESENTATION_RELATIONSHIP_WITH_TRANSFORMATION(#152)
SHAPE_REPRESENTATION_RELATIONSHIP()
);
#126=(
REPRESENTATION_RELATIONSHIP(' ',' ',#3054,#3052)
REPRESENTATION_RELATIONSHIP_WITH_TRANSFORMATION(#153)
SHAPE_REPRESENTATION_RELATIONSHIP()
);
#127=(
REPRESENTATION_RELATIONSHIP(' ',' ',#3056,#3055)
REPRESENTATION_RELATIONSHIP_WITH_TRANSFORMATION(#154)
SHAPE_REPRESENTATION_RELATIONSHIP()
);
#128=(
REPRESENTATION_RELATIONSHIP(' ',' ',#3057,#3055)
REPRESENTATION_RELATIONSHIP_WITH_TRANSFORMATION(#155)
SHAPE_REPRESENTATION_RELATIONSHIP()
);
#129=(
REPRESENTATION_RELATIONSHIP(' ',' ',#3055,#3052)
REPRESENTATION_RELATIONSHIP_WITH_TRANSFORMATION(#156)
SHAPE_REPRESENTATION_RELATIONSHIP()
);
#130=(
REPRESENTATION_RELATIONSHIP(' ',' ',#3058,#3052)
REPRESENTATION_RELATIONSHIP_WITH_TRANSFORMATION(#157)
SHAPE_REPRESENTATION_RELATIONSHIP()
);
#131=(
REPRESENTATION_RELATIONSHIP(' ',' ',#3053,#3052)
REPRESENTATION_RELATIONSHIP_WITH_TRANSFORMATION(#158)
SHAPE_REPRESENTATION_RELATIONSHIP()
);
#132=(
REPRESENTATION_RELATIONSHIP(' ',' ',#3054,#3052)
REPRESENTATION_RELATIONSHIP_WITH_TRANSFORMATION(#159)
SHAPE_REPRESENTATION_RELATIONSHIP()
);
#133=(
REPRESENTATION_RELATIONSHIP(' ',' ',#3056,#3059)
REPRESENTATION_RELATIONSHIP_WITH_TRANSFORMATION(#160)
SHAPE_REPRESENTATION_RELATIONSHIP()
);
#134=(
REPRESENTATION_RELATIONSHIP(' ',' ',#3060,#3059)
REPRESENTATION_RELATIONSHIP_WITH_TRANSFORMATION(#161)
SHAPE_REPRESENTATION_RELATIONSHIP()
);
#135=(
REPRESENTATION_RELATIONSHIP(' ',' ',#3059,#3052)
REPRESENTATION_RELATIONSHIP_WITH_TRANSFORMATION(#162)
SHAPE_REPRESENTATION_RELATIONSHIP()
);
#136=(
REPRESENTATION_RELATIONSHIP(' ',' ',#3058,#3052)
REPRESENTATION_RELATIONSHIP_WITH_TRANSFORMATION(#163)
SHAPE_REPRESENTATION_RELATIONSHIP()
);
#137=(
REPRESENTATION_RELATIONSHIP(' ',' ',#3056,#3061)
REPRESENTATION_RELATIONSHIP_WITH_TRANSFORMATION(#164)
SHAPE_REPRESENTATION_RELATIONSHIP()
);
#138=(
REPRESENTATION_RELATIONSHIP(' ',' ',#3060,#3061)
REPRESENTATION_RELATIONSHIP_WITH_TRANSFORMATION(#165)
SHAPE_REPRESENTATION_RELATIONSHIP()
);
#139=(
REPRESENTATION_RELATIONSHIP(' ',' ',#3061,#3052)
REPRESENTATION_RELATIONSHIP_WITH_TRANSFORMATION(#166)
SHAPE_REPRESENTATION_RELATIONSHIP()
);
#140=(
REPRESENTATION_RELATIONSHIP(' ',' ',#3060,#3062)
REPRESENTATION_RELATIONSHIP_WITH_TRANSFORMATION(#167)
SHAPE_REPRESENTATION_RELATIONSHIP()
);
#141=(
REPRESENTATION_RELATIONSHIP(' ',' ',#3056,#3062)
REPRESENTATION_RELATIONSHIP_WITH_TRANSFORMATION(#168)
SHAPE_REPRESENTATION_RELATIONSHIP()
);
#142=(
REPRESENTATION_RELATIONSHIP(' ',' ',#3062,#3052)
REPRESENTATION_RELATIONSHIP_WITH_TRANSFORMATION(#169)
SHAPE_REPRESENTATION_RELATIONSHIP()
);
#143=(
REPRESENTATION_RELATIONSHIP(' ',' ',#3056,#3063)
REPRESENTATION_RELATIONSHIP_WITH_TRANSFORMATION(#170)
SHAPE_REPRESENTATION_RELATIONSHIP()
);
#144=(
REPRESENTATION_RELATIONSHIP(' ',' ',#3060,#3063)
REPRESENTATION_RELATIONSHIP_WITH_TRANSFORMATION(#171)
SHAPE_REPRESENTATION_RELATIONSHIP()
);
#145=(
REPRESENTATION_RELATIONSHIP(' ',' ',#3063,#3052)
REPRESENTATION_RELATIONSHIP_WITH_TRANSFORMATION(#172)
SHAPE_REPRESENTATION_RELATIONSHIP()
);
#146=(
REPRESENTATION_RELATIONSHIP(' ',' ',#3058,#3052)
REPRESENTATION_RELATIONSHIP_WITH_TRANSFORMATION(#173)
SHAPE_REPRESENTATION_RELATIONSHIP()
);
#147=(
REPRESENTATION_RELATIONSHIP(' ',' ',#3056,#3064)
REPRESENTATION_RELATIONSHIP_WITH_TRANSFORMATION(#174)
SHAPE_REPRESENTATION_RELATIONSHIP()
);
#148=(
REPRESENTATION_RELATIONSHIP(' ',' ',#3057,#3064)
REPRESENTATION_RELATIONSHIP_WITH_TRANSFORMATION(#175)
SHAPE_REPRESENTATION_RELATIONSHIP()
);
#149=(
REPRESENTATION_RELATIONSHIP(' ',' ',#3064,#3052)
REPRESENTATION_RELATIONSHIP_WITH_TRANSFORMATION(#176)
SHAPE_REPRESENTATION_RELATIONSHIP()
);
#150=(
REPRESENTATION_RELATIONSHIP(' ',' ',#3065,#3052)
REPRESENTATION_RELATIONSHIP_WITH_TRANSFORMATION(#177)
SHAPE_REPRESENTATION_RELATIONSHIP()
);
#151=(
REPRESENTATION_RELATIONSHIP(' ',' ',#3066,#3052)
REPRESENTATION_RELATIONSHIP_WITH_TRANSFORMATION(#178)
SHAPE_REPRESENTATION_RELATIONSHIP()
);
#152=ITEM_DEFINED_TRANSFORMATION(' ',' ',#3067,#3112);
#153=ITEM_DEFINED_TRANSFORMATION(' ',' ',#3067,#3134);
#154=ITEM_DEFINED_TRANSFORMATION(' ',' ',#3067,#3143);
#155=ITEM_DEFINED_TRANSFORMATION(' ',' ',#3067,#3157);
#156=ITEM_DEFINED_TRANSFORMATION(' ',' ',#3067,#3158);
#157=ITEM_DEFINED_TRANSFORMATION(' ',' ',#3067,#3172);
#158=ITEM_DEFINED_TRANSFORMATION(' ',' ',#3067,#3173);
#159=ITEM_DEFINED_TRANSFORMATION(' ',' ',#3067,#3174);
#160=ITEM_DEFINED_TRANSFORMATION(' ',' ',#3067,#3175);
#161=ITEM_DEFINED_TRANSFORMATION(' ',' ',#3067,#3189);
#162=ITEM_DEFINED_TRANSFORMATION(' ',' ',#3067,#3190);
#163=ITEM_DEFINED_TRANSFORMATION(' ',' ',#3067,#3191);
#164=ITEM_DEFINED_TRANSFORMATION(' ',' ',#3067,#3192);
#165=ITEM_DEFINED_TRANSFORMATION(' ',' ',#3067,#3193);
#166=ITEM_DEFINED_TRANSFORMATION(' ',' ',#3067,#3194);
#167=ITEM_DEFINED_TRANSFORMATION(' ',' ',#3067,#3195);
#168=ITEM_DEFINED_TRANSFORMATION(' ',' ',#3067,#3196);
#169=ITEM_DEFINED_TRANSFORMATION(' ',' ',#3067,#3197);
#170=ITEM_DEFINED_TRANSFORMATION(' ',' ',#3067,#3198);
#171=ITEM_DEFINED_TRANSFORMATION(' ',' ',#3067,#3199);
#172=ITEM_DEFINED_TRANSFORMATION(' ',' ',#3067,#3200);
#173=ITEM_DEFINED_TRANSFORMATION(' ',' ',#3067,#3201);
#174=ITEM_DEFINED_TRANSFORMATION(' ',' ',#3067,#3202);
#175=ITEM_DEFINED_TRANSFORMATION(' ',' ',#3067,#3203);
#176=ITEM_DEFINED_TRANSFORMATION(' ',' ',#3067,#3204);
#177=ITEM_DEFINED_TRANSFORMATION(' ',' ',#3067,#3276);
#178=ITEM_DEFINED_TRANSFORMATION(' ',' ',#3067,#3399);
#179=SHAPE_REPRESENTATION_RELATIONSHIP('','',#3053,#187);
#180=SHAPE_REPRESENTATION_RELATIONSHIP('','',#3054,#188);
#181=SHAPE_REPRESENTATION_RELATIONSHIP('','',#3056,#189);
#182=SHAPE_REPRESENTATION_RELATIONSHIP('','',#3057,#190);
#183=SHAPE_REPRESENTATION_RELATIONSHIP('','',#3058,#191);
#184=SHAPE_REPRESENTATION_RELATIONSHIP('','',#3060,#192);
#185=SHAPE_REPRESENTATION_RELATIONSHIP('','',#3065,#193);
#186=SHAPE_REPRESENTATION_RELATIONSHIP('','',#3066,#194);
#187=ADVANCED_BREP_SHAPE_REPRESENTATION('',(#3029),#5482);
#188=ADVANCED_BREP_SHAPE_REPRESENTATION('',(#3030),#5483);
#189=ADVANCED_BREP_SHAPE_REPRESENTATION('',(#3031),#5485);
#190=ADVANCED_BREP_SHAPE_REPRESENTATION('',(#3032),#5486);
#191=ADVANCED_BREP_SHAPE_REPRESENTATION('',(#3033),#5487);
#192=ADVANCED_BREP_SHAPE_REPRESENTATION('',(#3034),#5489);
#193=ADVANCED_BREP_SHAPE_REPRESENTATION('',(#3035),#5494);
#194=ADVANCED_BREP_SHAPE_REPRESENTATION('',(#3036),#5495);
#195=CIRCLE('',#3075,0.001);
#196=CIRCLE('',#3076,0.001);
#197=CIRCLE('',#3085,0.001);
#198=CIRCLE('',#3086,0.001);
#199=CIRCLE('',#3091,0.0059);
#200=CIRCLE('',#3092,0.0025);
#201=CIRCLE('',#3093,0.0059);
#202=CIRCLE('',#3095,0.0059);
#203=CIRCLE('',#3099,0.0059);
#204=CIRCLE('',#3102,0.0059);
#205=CIRCLE('',#3105,0.0025);
#206=CIRCLE('',#3108,0.0023);
#207=CIRCLE('',#3110,0.0023);
#208=CIRCLE('',#3114,0.0022);
#209=CIRCLE('',#3115,0.00375);
#210=CIRCLE('',#3116,0.0022);
#211=CIRCLE('',#3124,0.0022);
#212=CIRCLE('',#3125,0.00375);
#213=CIRCLE('',#3129,0.0022);
#214=CIRCLE('',#3136,0.001);
#215=CIRCLE('',#3137,0.001);
#216=CIRCLE('',#3139,0.002);
#217=CIRCLE('',#3140,0.002);
#218=CIRCLE('',#3145,0.001);
#219=CIRCLE('',#3146,0.001);
#220=CIRCLE('',#3148,0.002);
#221=CIRCLE('',#3149,0.002);
#222=CIRCLE('',#3151,0.001);
#223=CIRCLE('',#3154,0.001);
#224=CIRCLE('',#3160,0.0022);
#225=CIRCLE('',#3161,0.0022);
#226=CIRCLE('',#3164,0.00375);
#227=CIRCLE('',#3165,0.00375);
#228=CIRCLE('',#3168,0.0023);
#229=CIRCLE('',#3169,0.0023);
#230=CIRCLE('',#3177,0.001);
#231=CIRCLE('',#3178,0.001);
#232=CIRCLE('',#3180,0.002);
#233=CIRCLE('',#3181,0.002);
#234=CIRCLE('',#3183,0.001);
#235=CIRCLE('',#3186,0.001);
#236=CIRCLE('',#3207,0.00375);
#237=CIRCLE('',#3208,0.0022);
#238=CIRCLE('',#3210,0.001);
#239=CIRCLE('',#3211,0.00375);
#240=CIRCLE('',#3212,0.0022);
#241=CIRCLE('',#3214,0.00375);
#242=CIRCLE('',#3215,0.0022);
#243=CIRCLE('',#3217,0.00375);
#244=CIRCLE('',#3218,0.0022);
#245=CIRCLE('',#3222,0.001);
#246=CIRCLE('',#3225,0.001);
#247=CIRCLE('',#3228,0.0022);
#248=CIRCLE('',#3234,0.001);
#249=CIRCLE('',#3235,0.001);
#250=CIRCLE('',#3241,0.001);
#251=CIRCLE('',#3245,0.001);
#252=CIRCLE('',#3263,0.001);
#253=CIRCLE('',#3264,0.001);
#254=CIRCLE('',#3267,0.001);
#255=CIRCLE('',#3268,0.001);
#256=CIRCLE('',#3272,0.001);
#257=CIRCLE('',#3274,0.001);
#258=CIRCLE('',#3283,0.001);
#259=CIRCLE('',#3284,0.001);
#260=CIRCLE('',#3291,0.0565181734151394);
#261=CIRCLE('',#3292,0.0565181734151394);
#262=CIRCLE('',#3294,0.001);
#263=CIRCLE('',#3295,0.001);
#264=CIRCLE('',#3300,0.001);
#265=CIRCLE('',#3301,0.001);
#266=CIRCLE('',#3303,0.002);
#267=CIRCLE('',#3304,0.002);
#268=CIRCLE('',#3305,0.002);
#269=CIRCLE('',#3306,0.0555181734151394);
#270=CIRCLE('',#3307,0.002);
#271=CIRCLE('',#3309,0.002);
#272=CIRCLE('',#3310,0.002);
#273=CIRCLE('',#3311,0.002);
#274=CIRCLE('',#3312,0.0555181734151394);
#275=CIRCLE('',#3313,0.002);
#276=CIRCLE('',#3315,0.001);
#277=CIRCLE('',#3316,0.001);
#278=CIRCLE('',#3317,0.001);
#279=CIRCLE('',#3319,0.001);
#280=CIRCLE('',#3320,0.001);
#281=CIRCLE('',#3321,0.001);
#282=CIRCLE('',#3323,0.001);
#283=CIRCLE('',#3325,0.001);
#284=CIRCLE('',#3327,0.001);
#285=CIRCLE('',#3329,0.001);
#286=CIRCLE('',#3331,0.001);
#287=CIRCLE('',#3332,0.001);
#288=CIRCLE('',#3334,0.001);
#289=CIRCLE('',#3336,0.001);
#290=CIRCLE('',#3338,0.001);
#291=CIRCLE('',#3340,0.001);
#292=CIRCLE('',#3342,0.001);
#293=CIRCLE('',#3344,0.001);
#294=CIRCLE('',#3346,0.001);
#295=CIRCLE('',#3348,0.001);
#296=CIRCLE('',#3349,0.001);
#297=CIRCLE('',#3351,0.001);
#298=CIRCLE('',#3353,0.001);
#299=CIRCLE('',#3355,0.001);
#300=CIRCLE('',#3362,0.001);
#301=CIRCLE('',#3364,0.001);
#302=CIRCLE('',#3365,0.001);
#303=CIRCLE('',#3367,0.001);
#304=CIRCLE('',#3369,0.001);
#305=CIRCLE('',#3371,0.001);
#306=CIRCLE('',#3374,0.001);
#307=CIRCLE('',#3376,0.001);
#308=CIRCLE('',#3378,0.001);
#309=CIRCLE('',#3381,0.001);
#310=CIRCLE('',#3383,0.001);
#311=CIRCLE('',#3385,0.001);
#312=CIRCLE('',#3387,0.00025);
#313=CIRCLE('',#3388,0.00025);
#314=CIRCLE('',#3390,0.00025);
#315=CIRCLE('',#3392,0.00025);
#316=CIRCLE('',#3393,0.00025);
#317=CIRCLE('',#3394,0.00025);
#318=CIRCLE('',#3396,0.00025);
#319=CIRCLE('',#3398,0.00025);
#320=CYLINDRICAL_SURFACE('',#3074,0.001);
#321=CYLINDRICAL_SURFACE('',#3084,0.001);
#322=CYLINDRICAL_SURFACE('',#3101,0.0059);
#323=CYLINDRICAL_SURFACE('',#3104,0.0025);
#324=CYLINDRICAL_SURFACE('',#3109,0.0023);
#325=CYLINDRICAL_SURFACE('',#3130,0.0022);
#326=CYLINDRICAL_SURFACE('',#3132,0.00375);
#327=CYLINDRICAL_SURFACE('',#3135,0.001);
#328=CYLINDRICAL_SURFACE('',#3138,0.002);
#329=CYLINDRICAL_SURFACE('',#3144,0.001);
#330=CYLINDRICAL_SURFACE('',#3147,0.002);
#331=CYLINDRICAL_SURFACE('',#3155,0.001);
#332=CYLINDRICAL_SURFACE('',#3159,0.0022);
#333=CYLINDRICAL_SURFACE('',#3163,0.00375);
#334=CYLINDRICAL_SURFACE('',#3167,0.0023);
#335=CYLINDRICAL_SURFACE('',#3176,0.001);
#336=CYLINDRICAL_SURFACE('',#3179,0.002);
#337=CYLINDRICAL_SURFACE('',#3187,0.001);
#338=CYLINDRICAL_SURFACE('',#3229,0.00375);
#339=CYLINDRICAL_SURFACE('',#3231,0.0022);
#340=CYLINDRICAL_SURFACE('',#3236,0.001);
#341=CYLINDRICAL_SURFACE('',#3238,0.001);
#342=CYLINDRICAL_SURFACE('',#3240,0.001);
#343=CYLINDRICAL_SURFACE('',#3242,0.001);
#344=CYLINDRICAL_SURFACE('',#3246,0.001);
#345=CYLINDRICAL_SURFACE('',#3248,0.001);
#346=CYLINDRICAL_SURFACE('',#3251,0.001);
#347=CYLINDRICAL_SURFACE('',#3253,0.001);
#348=CYLINDRICAL_SURFACE('',#3255,0.001);
#349=CYLINDRICAL_SURFACE('',#3256,0.001);
#350=CYLINDRICAL_SURFACE('',#3262,0.001);
#351=CYLINDRICAL_SURFACE('',#3266,0.001);
#352=CYLINDRICAL_SURFACE('',#3271,0.001);
#353=CYLINDRICAL_SURFACE('',#3275,0.001);
#354=CYLINDRICAL_SURFACE('',#3290,0.0565181734151394);
#355=CYLINDRICAL_SURFACE('',#3293,0.001);
#356=CYLINDRICAL_SURFACE('',#3299,0.001);
#357=CYLINDRICAL_SURFACE('',#3318,0.001);
#358=CYLINDRICAL_SURFACE('',#3322,0.001);
#359=CYLINDRICAL_SURFACE('',#3324,0.001);
#360=CYLINDRICAL_SURFACE('',#3333,0.001);
#361=CYLINDRICAL_SURFACE('',#3335,0.001);
#362=CYLINDRICAL_SURFACE('',#3337,0.001);
#363=CYLINDRICAL_SURFACE('',#3339,0.001);
#364=CYLINDRICAL_SURFACE('',#3347,0.001);
#365=CYLINDRICAL_SURFACE('',#3356,0.001);
#366=CYLINDRICAL_SURFACE('',#3358,0.001);
#367=CYLINDRICAL_SURFACE('',#3360,0.001);
#368=CYLINDRICAL_SURFACE('',#3361,0.001);
#369=CYLINDRICAL_SURFACE('',#3363,0.001);
#370=CYLINDRICAL_SURFACE('',#3366,0.001);
#371=CYLINDRICAL_SURFACE('',#3372,0.001);
#372=CYLINDRICAL_SURFACE('',#3375,0.001);
#373=CYLINDRICAL_SURFACE('',#3377,0.001);
#374=CYLINDRICAL_SURFACE('',#3379,0.001);
#375=CYLINDRICAL_SURFACE('',#3386,0.001);
#376=CYLINDRICAL_SURFACE('',#3389,0.00025);
#377=CYLINDRICAL_SURFACE('',#3391,0.00025);
#378=CYLINDRICAL_SURFACE('',#3395,0.00025);
#379=CYLINDRICAL_SURFACE('',#3397,0.00025);
#380=ORIENTED_EDGE('',*,*,#1168,.F.);
#381=ORIENTED_EDGE('',*,*,#1169,.F.);
#382=ORIENTED_EDGE('',*,*,#1170,.T.);
#383=ORIENTED_EDGE('',*,*,#1171,.T.);
#384=ORIENTED_EDGE('',*,*,#1172,.T.);
#385=ORIENTED_EDGE('',*,*,#1173,.F.);
#386=ORIENTED_EDGE('',*,*,#1174,.F.);
#387=ORIENTED_EDGE('',*,*,#1169,.T.);
#388=ORIENTED_EDGE('',*,*,#1175,.F.);
#389=ORIENTED_EDGE('',*,*,#1176,.T.);
#390=ORIENTED_EDGE('',*,*,#1177,.T.);
#391=ORIENTED_EDGE('',*,*,#1178,.F.);
#392=ORIENTED_EDGE('',*,*,#1179,.T.);
#393=ORIENTED_EDGE('',*,*,#1180,.F.);
#394=ORIENTED_EDGE('',*,*,#1181,.F.);
#395=ORIENTED_EDGE('',*,*,#1182,.F.);
#396=ORIENTED_EDGE('',*,*,#1183,.F.);
#397=ORIENTED_EDGE('',*,*,#1184,.F.);
#398=ORIENTED_EDGE('',*,*,#1185,.T.);
#399=ORIENTED_EDGE('',*,*,#1186,.T.);
#400=ORIENTED_EDGE('',*,*,#1173,.T.);
#401=ORIENTED_EDGE('',*,*,#1187,.T.);
#402=ORIENTED_EDGE('',*,*,#1188,.F.);
#403=ORIENTED_EDGE('',*,*,#1189,.F.);
#404=ORIENTED_EDGE('',*,*,#1190,.F.);
#405=ORIENTED_EDGE('',*,*,#1191,.T.);
#406=ORIENTED_EDGE('',*,*,#1192,.T.);
#407=ORIENTED_EDGE('',*,*,#1193,.T.);
#408=ORIENTED_EDGE('',*,*,#1194,.T.);
#409=ORIENTED_EDGE('',*,*,#1195,.T.);
#410=ORIENTED_EDGE('',*,*,#1196,.F.);
#411=ORIENTED_EDGE('',*,*,#1197,.T.);
#412=ORIENTED_EDGE('',*,*,#1198,.F.);
#413=ORIENTED_EDGE('',*,*,#1199,.F.);
#414=ORIENTED_EDGE('',*,*,#1200,.T.);
#415=ORIENTED_EDGE('',*,*,#1201,.F.);
#416=ORIENTED_EDGE('',*,*,#1202,.F.);
#417=ORIENTED_EDGE('',*,*,#1188,.T.);
#418=ORIENTED_EDGE('',*,*,#1203,.T.);
#419=ORIENTED_EDGE('',*,*,#1204,.F.);
#420=ORIENTED_EDGE('',*,*,#1205,.F.);
#421=ORIENTED_EDGE('',*,*,#1201,.T.);
#422=ORIENTED_EDGE('',*,*,#1206,.F.);
#423=ORIENTED_EDGE('',*,*,#1171,.F.);
#424=ORIENTED_EDGE('',*,*,#1207,.T.);
#425=ORIENTED_EDGE('',*,*,#1204,.T.);
#426=ORIENTED_EDGE('',*,*,#1170,.F.);
#427=ORIENTED_EDGE('',*,*,#1174,.T.);
#428=ORIENTED_EDGE('',*,*,#1186,.F.);
#429=ORIENTED_EDGE('',*,*,#1208,.F.);
#430=ORIENTED_EDGE('',*,*,#1189,.T.);
#431=ORIENTED_EDGE('',*,*,#1202,.T.);
#432=ORIENTED_EDGE('',*,*,#1205,.T.);
#433=ORIENTED_EDGE('',*,*,#1207,.F.);
#434=ORIENTED_EDGE('',*,*,#1168,.T.);
#435=ORIENTED_EDGE('',*,*,#1206,.T.);
#436=ORIENTED_EDGE('',*,*,#1203,.F.);
#437=ORIENTED_EDGE('',*,*,#1200,.F.);
#438=ORIENTED_EDGE('',*,*,#1187,.F.);
#439=ORIENTED_EDGE('',*,*,#1209,.T.);
#440=ORIENTED_EDGE('',*,*,#1175,.T.);
#441=ORIENTED_EDGE('',*,*,#1172,.F.);
#442=ORIENTED_EDGE('',*,*,#1190,.T.);
#443=ORIENTED_EDGE('',*,*,#1208,.T.);
#444=ORIENTED_EDGE('',*,*,#1185,.F.);
#445=ORIENTED_EDGE('',*,*,#1210,.F.);
#446=ORIENTED_EDGE('',*,*,#1211,.F.);
#447=ORIENTED_EDGE('',*,*,#1212,.F.);
#448=ORIENTED_EDGE('',*,*,#1213,.F.);
#449=ORIENTED_EDGE('',*,*,#1214,.T.);
#450=ORIENTED_EDGE('',*,*,#1215,.T.);
#451=ORIENTED_EDGE('',*,*,#1216,.T.);
#452=ORIENTED_EDGE('',*,*,#1195,.F.);
#453=ORIENTED_EDGE('',*,*,#1217,.F.);
#454=ORIENTED_EDGE('',*,*,#1213,.T.);
#455=ORIENTED_EDGE('',*,*,#1218,.T.);
#456=ORIENTED_EDGE('',*,*,#1219,.F.);
#457=ORIENTED_EDGE('',*,*,#1220,.F.);
#458=ORIENTED_EDGE('',*,*,#1180,.T.);
#459=ORIENTED_EDGE('',*,*,#1221,.T.);
#460=ORIENTED_EDGE('',*,*,#1222,.F.);
#461=ORIENTED_EDGE('',*,*,#1223,.F.);
#462=ORIENTED_EDGE('',*,*,#1219,.T.);
#463=ORIENTED_EDGE('',*,*,#1224,.F.);
#464=ORIENTED_EDGE('',*,*,#1215,.F.);
#465=ORIENTED_EDGE('',*,*,#1225,.T.);
#466=ORIENTED_EDGE('',*,*,#1222,.T.);
#467=ORIENTED_EDGE('',*,*,#1214,.F.);
#468=ORIENTED_EDGE('',*,*,#1217,.T.);
#469=ORIENTED_EDGE('',*,*,#1194,.F.);
#470=ORIENTED_EDGE('',*,*,#1226,.F.);
#471=ORIENTED_EDGE('',*,*,#1181,.T.);
#472=ORIENTED_EDGE('',*,*,#1220,.T.);
#473=ORIENTED_EDGE('',*,*,#1223,.T.);
#474=ORIENTED_EDGE('',*,*,#1225,.F.);
#475=ORIENTED_EDGE('',*,*,#1212,.T.);
#476=ORIENTED_EDGE('',*,*,#1224,.T.);
#477=ORIENTED_EDGE('',*,*,#1221,.F.);
#478=ORIENTED_EDGE('',*,*,#1218,.F.);
#479=ORIENTED_EDGE('',*,*,#1179,.F.);
#480=ORIENTED_EDGE('',*,*,#1227,.T.);
#481=ORIENTED_EDGE('',*,*,#1196,.T.);
#482=ORIENTED_EDGE('',*,*,#1216,.F.);
#483=ORIENTED_EDGE('',*,*,#1227,.F.);
#484=ORIENTED_EDGE('',*,*,#1178,.T.);
#485=ORIENTED_EDGE('',*,*,#1228,.F.);
#486=ORIENTED_EDGE('',*,*,#1197,.F.);
#487=ORIENTED_EDGE('',*,*,#1229,.F.);
#488=ORIENTED_EDGE('',*,*,#1230,.F.);
#489=ORIENTED_EDGE('',*,*,#1231,.F.);
#490=ORIENTED_EDGE('',*,*,#1232,.T.);
#491=ORIENTED_EDGE('',*,*,#1233,.F.);
#492=ORIENTED_EDGE('',*,*,#1183,.T.);
#493=ORIENTED_EDGE('',*,*,#1234,.F.);
#494=ORIENTED_EDGE('',*,*,#1192,.F.);
#495=ORIENTED_EDGE('',*,*,#1235,.F.);
#496=ORIENTED_EDGE('',*,*,#1191,.F.);
#497=ORIENTED_EDGE('',*,*,#1211,.T.);
#498=ORIENTED_EDGE('',*,*,#1209,.F.);
#499=ORIENTED_EDGE('',*,*,#1199,.T.);
#500=ORIENTED_EDGE('',*,*,#1236,.T.);
#501=ORIENTED_EDGE('',*,*,#1176,.F.);
#502=ORIENTED_EDGE('',*,*,#1182,.T.);
#503=ORIENTED_EDGE('',*,*,#1226,.T.);
#504=ORIENTED_EDGE('',*,*,#1193,.F.);
#505=ORIENTED_EDGE('',*,*,#1234,.T.);
#506=ORIENTED_EDGE('',*,*,#1237,.F.);
#507=ORIENTED_EDGE('',*,*,#1210,.T.);
#508=ORIENTED_EDGE('',*,*,#1184,.T.);
#509=ORIENTED_EDGE('',*,*,#1198,.T.);
#510=ORIENTED_EDGE('',*,*,#1228,.T.);
#511=ORIENTED_EDGE('',*,*,#1177,.F.);
#512=ORIENTED_EDGE('',*,*,#1236,.F.);
#513=ORIENTED_EDGE('',*,*,#1229,.T.);
#514=ORIENTED_EDGE('',*,*,#1235,.T.);
#515=ORIENTED_EDGE('',*,*,#1237,.T.);
#516=ORIENTED_EDGE('',*,*,#1233,.T.);
#517=ORIENTED_EDGE('',*,*,#1238,.F.);
#518=ORIENTED_EDGE('',*,*,#1239,.F.);
#519=ORIENTED_EDGE('',*,*,#1240,.T.);
#520=ORIENTED_EDGE('',*,*,#1232,.F.);
#521=ORIENTED_EDGE('',*,*,#1241,.F.);
#522=ORIENTED_EDGE('',*,*,#1242,.T.);
#523=ORIENTED_EDGE('',*,*,#1238,.T.);
#524=ORIENTED_EDGE('',*,*,#1231,.T.);
#525=ORIENTED_EDGE('',*,*,#1243,.F.);
#526=ORIENTED_EDGE('',*,*,#1244,.F.);
#527=ORIENTED_EDGE('',*,*,#1241,.T.);
#528=ORIENTED_EDGE('',*,*,#1230,.T.);
#529=ORIENTED_EDGE('',*,*,#1240,.F.);
#530=ORIENTED_EDGE('',*,*,#1245,.F.);
#531=ORIENTED_EDGE('',*,*,#1243,.T.);
#532=ORIENTED_EDGE('',*,*,#1246,.F.);
#533=ORIENTED_EDGE('',*,*,#1239,.T.);
#534=ORIENTED_EDGE('',*,*,#1242,.F.);
#535=ORIENTED_EDGE('',*,*,#1244,.T.);
#536=ORIENTED_EDGE('',*,*,#1245,.T.);
#537=ORIENTED_EDGE('',*,*,#1247,.F.);
#538=ORIENTED_EDGE('',*,*,#1246,.T.);
#539=ORIENTED_EDGE('',*,*,#1247,.T.);
#540=ORIENTED_EDGE('',*,*,#1248,.T.);
#541=ORIENTED_EDGE('',*,*,#1249,.T.);
#542=ORIENTED_EDGE('',*,*,#1250,.T.);
#543=ORIENTED_EDGE('',*,*,#1251,.T.);
#544=ORIENTED_EDGE('',*,*,#1252,.F.);
#545=ORIENTED_EDGE('',*,*,#1253,.T.);
#546=ORIENTED_EDGE('',*,*,#1254,.T.);
#547=ORIENTED_EDGE('',*,*,#1255,.F.);
#548=ORIENTED_EDGE('',*,*,#1256,.F.);
#549=ORIENTED_EDGE('',*,*,#1257,.T.);
#550=ORIENTED_EDGE('',*,*,#1258,.F.);
#551=ORIENTED_EDGE('',*,*,#1259,.F.);
#552=ORIENTED_EDGE('',*,*,#1260,.T.);
#553=ORIENTED_EDGE('',*,*,#1261,.T.);
#554=ORIENTED_EDGE('',*,*,#1262,.F.);
#555=ORIENTED_EDGE('',*,*,#1263,.F.);
#556=ORIENTED_EDGE('',*,*,#1264,.T.);
#557=ORIENTED_EDGE('',*,*,#1259,.T.);
#558=ORIENTED_EDGE('',*,*,#1265,.F.);
#559=ORIENTED_EDGE('',*,*,#1266,.F.);
#560=ORIENTED_EDGE('',*,*,#1267,.T.);
#561=ORIENTED_EDGE('',*,*,#1263,.T.);
#562=ORIENTED_EDGE('',*,*,#1268,.F.);
#563=ORIENTED_EDGE('',*,*,#1269,.F.);
#564=ORIENTED_EDGE('',*,*,#1270,.T.);
#565=ORIENTED_EDGE('',*,*,#1266,.T.);
#566=ORIENTED_EDGE('',*,*,#1271,.F.);
#567=ORIENTED_EDGE('',*,*,#1254,.F.);
#568=ORIENTED_EDGE('',*,*,#1272,.F.);
#569=ORIENTED_EDGE('',*,*,#1248,.F.);
#570=ORIENTED_EDGE('',*,*,#1273,.T.);
#571=ORIENTED_EDGE('',*,*,#1269,.T.);
#572=ORIENTED_EDGE('',*,*,#1274,.F.);
#573=ORIENTED_EDGE('',*,*,#1275,.F.);
#574=ORIENTED_EDGE('',*,*,#1276,.T.);
#575=ORIENTED_EDGE('',*,*,#1256,.T.);
#576=ORIENTED_EDGE('',*,*,#1277,.F.);
#577=ORIENTED_EDGE('',*,*,#1278,.T.);
#578=ORIENTED_EDGE('',*,*,#1279,.F.);
#579=ORIENTED_EDGE('',*,*,#1280,.F.);
#580=ORIENTED_EDGE('',*,*,#1281,.F.);
#581=ORIENTED_EDGE('',*,*,#1261,.F.);
#582=ORIENTED_EDGE('',*,*,#1282,.T.);
#583=ORIENTED_EDGE('',*,*,#1275,.T.);
#584=ORIENTED_EDGE('',*,*,#1260,.F.);
#585=ORIENTED_EDGE('',*,*,#1264,.F.);
#586=ORIENTED_EDGE('',*,*,#1267,.F.);
#587=ORIENTED_EDGE('',*,*,#1270,.F.);
#588=ORIENTED_EDGE('',*,*,#1273,.F.);
#589=ORIENTED_EDGE('',*,*,#1257,.F.);
#590=ORIENTED_EDGE('',*,*,#1276,.F.);
#591=ORIENTED_EDGE('',*,*,#1282,.F.);
#592=ORIENTED_EDGE('',*,*,#1258,.T.);
#593=ORIENTED_EDGE('',*,*,#1281,.T.);
#594=ORIENTED_EDGE('',*,*,#1274,.T.);
#595=ORIENTED_EDGE('',*,*,#1255,.T.);
#596=ORIENTED_EDGE('',*,*,#1271,.T.);
#597=ORIENTED_EDGE('',*,*,#1268,.T.);
#598=ORIENTED_EDGE('',*,*,#1265,.T.);
#599=ORIENTED_EDGE('',*,*,#1262,.T.);
#600=ORIENTED_EDGE('',*,*,#1272,.T.);
#601=ORIENTED_EDGE('',*,*,#1283,.T.);
#602=ORIENTED_EDGE('',*,*,#1277,.T.);
#603=ORIENTED_EDGE('',*,*,#1284,.F.);
#604=ORIENTED_EDGE('',*,*,#1249,.F.);
#605=ORIENTED_EDGE('',*,*,#1283,.F.);
#606=ORIENTED_EDGE('',*,*,#1253,.F.);
#607=ORIENTED_EDGE('',*,*,#1285,.T.);
#608=ORIENTED_EDGE('',*,*,#1280,.T.);
#609=ORIENTED_EDGE('',*,*,#1286,.F.);
#610=ORIENTED_EDGE('',*,*,#1250,.F.);
#611=ORIENTED_EDGE('',*,*,#1284,.T.);
#612=ORIENTED_EDGE('',*,*,#1279,.T.);
#613=ORIENTED_EDGE('',*,*,#1287,.F.);
#614=ORIENTED_EDGE('',*,*,#1251,.F.);
#615=ORIENTED_EDGE('',*,*,#1286,.T.);
#616=ORIENTED_EDGE('',*,*,#1285,.F.);
#617=ORIENTED_EDGE('',*,*,#1252,.T.);
#618=ORIENTED_EDGE('',*,*,#1287,.T.);
#619=ORIENTED_EDGE('',*,*,#1278,.F.);
#620=ORIENTED_EDGE('',*,*,#1288,.T.);
#621=ORIENTED_EDGE('',*,*,#1289,.F.);
#622=ORIENTED_EDGE('',*,*,#1290,.F.);
#623=ORIENTED_EDGE('',*,*,#1291,.T.);
#624=ORIENTED_EDGE('',*,*,#1288,.F.);
#625=ORIENTED_EDGE('',*,*,#1290,.T.);
#626=ORIENTED_EDGE('',*,*,#1289,.T.);
#627=ORIENTED_EDGE('',*,*,#1291,.F.);
#628=ORIENTED_EDGE('',*,*,#1292,.F.);
#629=ORIENTED_EDGE('',*,*,#1293,.T.);
#630=ORIENTED_EDGE('',*,*,#1294,.F.);
#631=ORIENTED_EDGE('',*,*,#1295,.T.);
#632=ORIENTED_EDGE('',*,*,#1296,.F.);
#633=ORIENTED_EDGE('',*,*,#1294,.T.);
#634=ORIENTED_EDGE('',*,*,#1292,.T.);
#635=ORIENTED_EDGE('',*,*,#1295,.F.);
#636=ORIENTED_EDGE('',*,*,#1297,.T.);
#637=ORIENTED_EDGE('',*,*,#1296,.T.);
#638=ORIENTED_EDGE('',*,*,#1297,.F.);
#639=ORIENTED_EDGE('',*,*,#1293,.F.);
#640=ORIENTED_EDGE('',*,*,#1298,.T.);
#641=ORIENTED_EDGE('',*,*,#1299,.F.);
#642=ORIENTED_EDGE('',*,*,#1300,.F.);
#643=ORIENTED_EDGE('',*,*,#1301,.T.);
#644=ORIENTED_EDGE('',*,*,#1302,.T.);
#645=ORIENTED_EDGE('',*,*,#1303,.F.);
#646=ORIENTED_EDGE('',*,*,#1304,.F.);
#647=ORIENTED_EDGE('',*,*,#1299,.T.);
#648=ORIENTED_EDGE('',*,*,#1305,.T.);
#649=ORIENTED_EDGE('',*,*,#1306,.F.);
#650=ORIENTED_EDGE('',*,*,#1307,.F.);
#651=ORIENTED_EDGE('',*,*,#1303,.T.);
#652=ORIENTED_EDGE('',*,*,#1308,.F.);
#653=ORIENTED_EDGE('',*,*,#1301,.F.);
#654=ORIENTED_EDGE('',*,*,#1309,.T.);
#655=ORIENTED_EDGE('',*,*,#1306,.T.);
#656=ORIENTED_EDGE('',*,*,#1310,.T.);
#657=ORIENTED_EDGE('',*,*,#1311,.F.);
#658=ORIENTED_EDGE('',*,*,#1300,.T.);
#659=ORIENTED_EDGE('',*,*,#1304,.T.);
#660=ORIENTED_EDGE('',*,*,#1307,.T.);
#661=ORIENTED_EDGE('',*,*,#1309,.F.);
#662=ORIENTED_EDGE('',*,*,#1310,.F.);
#663=ORIENTED_EDGE('',*,*,#1298,.F.);
#664=ORIENTED_EDGE('',*,*,#1308,.T.);
#665=ORIENTED_EDGE('',*,*,#1305,.F.);
#666=ORIENTED_EDGE('',*,*,#1302,.F.);
#667=ORIENTED_EDGE('',*,*,#1311,.T.);
#668=ORIENTED_EDGE('',*,*,#1312,.F.);
#669=ORIENTED_EDGE('',*,*,#1313,.T.);
#670=ORIENTED_EDGE('',*,*,#1314,.F.);
#671=ORIENTED_EDGE('',*,*,#1315,.T.);
#672=ORIENTED_EDGE('',*,*,#1316,.F.);
#673=ORIENTED_EDGE('',*,*,#1314,.T.);
#674=ORIENTED_EDGE('',*,*,#1312,.T.);
#675=ORIENTED_EDGE('',*,*,#1315,.F.);
#676=ORIENTED_EDGE('',*,*,#1317,.T.);
#677=ORIENTED_EDGE('',*,*,#1316,.T.);
#678=ORIENTED_EDGE('',*,*,#1317,.F.);
#679=ORIENTED_EDGE('',*,*,#1313,.F.);
#680=ORIENTED_EDGE('',*,*,#1318,.T.);
#681=ORIENTED_EDGE('',*,*,#1319,.F.);
#682=ORIENTED_EDGE('',*,*,#1320,.T.);
#683=ORIENTED_EDGE('',*,*,#1321,.T.);
#684=ORIENTED_EDGE('',*,*,#1322,.T.);
#685=ORIENTED_EDGE('',*,*,#1323,.T.);
#686=ORIENTED_EDGE('',*,*,#1324,.T.);
#687=ORIENTED_EDGE('',*,*,#1325,.T.);
#688=ORIENTED_EDGE('',*,*,#1326,.T.);
#689=ORIENTED_EDGE('',*,*,#1327,.T.);
#690=ORIENTED_EDGE('',*,*,#1328,.T.);
#691=ORIENTED_EDGE('',*,*,#1329,.T.);
#692=ORIENTED_EDGE('',*,*,#1330,.T.);
#693=ORIENTED_EDGE('',*,*,#1331,.F.);
#694=ORIENTED_EDGE('',*,*,#1332,.T.);
#695=ORIENTED_EDGE('',*,*,#1333,.T.);
#696=ORIENTED_EDGE('',*,*,#1334,.T.);
#697=ORIENTED_EDGE('',*,*,#1335,.T.);
#698=ORIENTED_EDGE('',*,*,#1336,.T.);
#699=ORIENTED_EDGE('',*,*,#1337,.T.);
#700=ORIENTED_EDGE('',*,*,#1338,.T.);
#701=ORIENTED_EDGE('',*,*,#1339,.T.);
#702=ORIENTED_EDGE('',*,*,#1340,.T.);
#703=ORIENTED_EDGE('',*,*,#1341,.F.);
#704=ORIENTED_EDGE('',*,*,#1342,.T.);
#705=ORIENTED_EDGE('',*,*,#1343,.T.);
#706=ORIENTED_EDGE('',*,*,#1344,.T.);
#707=ORIENTED_EDGE('',*,*,#1345,.T.);
#708=ORIENTED_EDGE('',*,*,#1346,.T.);
#709=ORIENTED_EDGE('',*,*,#1347,.T.);
#710=ORIENTED_EDGE('',*,*,#1348,.T.);
#711=ORIENTED_EDGE('',*,*,#1349,.T.);
#712=ORIENTED_EDGE('',*,*,#1350,.F.);
#713=ORIENTED_EDGE('',*,*,#1351,.T.);
#714=ORIENTED_EDGE('',*,*,#1352,.T.);
#715=ORIENTED_EDGE('',*,*,#1353,.F.);
#716=ORIENTED_EDGE('',*,*,#1318,.F.);
#717=ORIENTED_EDGE('',*,*,#1354,.T.);
#718=ORIENTED_EDGE('',*,*,#1355,.T.);
#719=ORIENTED_EDGE('',*,*,#1356,.T.);
#720=ORIENTED_EDGE('',*,*,#1357,.T.);
#721=ORIENTED_EDGE('',*,*,#1319,.T.);
#722=ORIENTED_EDGE('',*,*,#1358,.F.);
#723=ORIENTED_EDGE('',*,*,#1359,.T.);
#724=ORIENTED_EDGE('',*,*,#1360,.T.);
#725=ORIENTED_EDGE('',*,*,#1323,.F.);
#726=ORIENTED_EDGE('',*,*,#1322,.F.);
#727=ORIENTED_EDGE('',*,*,#1361,.F.);
#728=ORIENTED_EDGE('',*,*,#1362,.T.);
#729=ORIENTED_EDGE('',*,*,#1328,.F.);
#730=ORIENTED_EDGE('',*,*,#1363,.T.);
#731=ORIENTED_EDGE('',*,*,#1358,.T.);
#732=ORIENTED_EDGE('',*,*,#1364,.T.);
#733=ORIENTED_EDGE('',*,*,#1343,.F.);
#734=ORIENTED_EDGE('',*,*,#1365,.F.);
#735=ORIENTED_EDGE('',*,*,#1355,.F.);
#736=ORIENTED_EDGE('',*,*,#1366,.T.);
#737=ORIENTED_EDGE('',*,*,#1367,.T.);
#738=ORIENTED_EDGE('',*,*,#1368,.T.);
#739=ORIENTED_EDGE('',*,*,#1369,.T.);
#740=ORIENTED_EDGE('',*,*,#1351,.F.);
#741=ORIENTED_EDGE('',*,*,#1370,.F.);
#742=ORIENTED_EDGE('',*,*,#1371,.T.);
#743=ORIENTED_EDGE('',*,*,#1372,.F.);
#744=ORIENTED_EDGE('',*,*,#1353,.T.);
#745=ORIENTED_EDGE('',*,*,#1373,.T.);
#746=ORIENTED_EDGE('',*,*,#1365,.T.);
#747=ORIENTED_EDGE('',*,*,#1374,.T.);
#748=ORIENTED_EDGE('',*,*,#1333,.F.);
#749=ORIENTED_EDGE('',*,*,#1375,.T.);
#750=ORIENTED_EDGE('',*,*,#1340,.F.);
#751=ORIENTED_EDGE('',*,*,#1376,.T.);
#752=ORIENTED_EDGE('',*,*,#1325,.F.);
#753=ORIENTED_EDGE('',*,*,#1377,.F.);
#754=ORIENTED_EDGE('',*,*,#1346,.F.);
#755=ORIENTED_EDGE('',*,*,#1378,.T.);
#756=ORIENTED_EDGE('',*,*,#1341,.T.);
#757=ORIENTED_EDGE('',*,*,#1379,.T.);
#758=ORIENTED_EDGE('',*,*,#1331,.T.);
#759=ORIENTED_EDGE('',*,*,#1380,.T.);
#760=ORIENTED_EDGE('',*,*,#1337,.F.);
#761=ORIENTED_EDGE('',*,*,#1381,.T.);
#762=ORIENTED_EDGE('',*,*,#1348,.F.);
#763=ORIENTED_EDGE('',*,*,#1382,.T.);
#764=ORIENTED_EDGE('',*,*,#1329,.F.);
#765=ORIENTED_EDGE('',*,*,#1374,.F.);
#766=ORIENTED_EDGE('',*,*,#1342,.F.);
#767=ORIENTED_EDGE('',*,*,#1380,.F.);
#768=ORIENTED_EDGE('',*,*,#1377,.T.);
#769=ORIENTED_EDGE('',*,*,#1330,.F.);
#770=ORIENTED_EDGE('',*,*,#1382,.F.);
#771=ORIENTED_EDGE('',*,*,#1347,.F.);
#772=ORIENTED_EDGE('',*,*,#1383,.F.);
#773=ORIENTED_EDGE('',*,*,#1384,.F.);
#774=ORIENTED_EDGE('',*,*,#1385,.F.);
#775=ORIENTED_EDGE('',*,*,#1364,.F.);
#776=ORIENTED_EDGE('',*,*,#1362,.F.);
#777=ORIENTED_EDGE('',*,*,#1371,.F.);
#778=ORIENTED_EDGE('',*,*,#1338,.F.);
#779=ORIENTED_EDGE('',*,*,#1385,.T.);
#780=ORIENTED_EDGE('',*,*,#1373,.F.);
#781=ORIENTED_EDGE('',*,*,#1386,.F.);
#782=ORIENTED_EDGE('',*,*,#1335,.F.);
#783=ORIENTED_EDGE('',*,*,#1384,.T.);
#784=ORIENTED_EDGE('',*,*,#1378,.F.);
#785=ORIENTED_EDGE('',*,*,#1345,.F.);
#786=ORIENTED_EDGE('',*,*,#1387,.F.);
#787=ORIENTED_EDGE('',*,*,#1326,.F.);
#788=ORIENTED_EDGE('',*,*,#1376,.F.);
#789=ORIENTED_EDGE('',*,*,#1339,.F.);
#790=ORIENTED_EDGE('',*,*,#1383,.T.);
#791=ORIENTED_EDGE('',*,*,#1334,.F.);
#792=ORIENTED_EDGE('',*,*,#1386,.T.);
#793=ORIENTED_EDGE('',*,*,#1352,.F.);
#794=ORIENTED_EDGE('',*,*,#1388,.F.);
#795=ORIENTED_EDGE('',*,*,#1349,.F.);
#796=ORIENTED_EDGE('',*,*,#1381,.F.);
#797=ORIENTED_EDGE('',*,*,#1336,.F.);
#798=ORIENTED_EDGE('',*,*,#1389,.F.);
#799=ORIENTED_EDGE('',*,*,#1387,.T.);
#800=ORIENTED_EDGE('',*,*,#1388,.T.);
#801=ORIENTED_EDGE('',*,*,#1369,.F.);
#802=ORIENTED_EDGE('',*,*,#1390,.F.);
#803=ORIENTED_EDGE('',*,*,#1327,.F.);
#804=ORIENTED_EDGE('',*,*,#1389,.T.);
#805=ORIENTED_EDGE('',*,*,#1344,.F.);
#806=ORIENTED_EDGE('',*,*,#1391,.F.);
#807=ORIENTED_EDGE('',*,*,#1324,.F.);
#808=ORIENTED_EDGE('',*,*,#1392,.F.);
#809=ORIENTED_EDGE('',*,*,#1354,.F.);
#810=ORIENTED_EDGE('',*,*,#1391,.T.);
#811=ORIENTED_EDGE('',*,*,#1392,.T.);
#812=ORIENTED_EDGE('',*,*,#1360,.F.);
#813=ORIENTED_EDGE('',*,*,#1393,.F.);
#814=ORIENTED_EDGE('',*,*,#1366,.F.);
#815=ORIENTED_EDGE('',*,*,#1390,.T.);
#816=ORIENTED_EDGE('',*,*,#1368,.F.);
#817=ORIENTED_EDGE('',*,*,#1394,.F.);
#818=ORIENTED_EDGE('',*,*,#1363,.F.);
#819=ORIENTED_EDGE('',*,*,#1394,.T.);
#820=ORIENTED_EDGE('',*,*,#1367,.F.);
#821=ORIENTED_EDGE('',*,*,#1393,.T.);
#822=ORIENTED_EDGE('',*,*,#1359,.F.);
#823=ORIENTED_EDGE('',*,*,#1332,.F.);
#824=ORIENTED_EDGE('',*,*,#1379,.F.);
#825=ORIENTED_EDGE('',*,*,#1375,.F.);
#826=ORIENTED_EDGE('',*,*,#1395,.T.);
#827=ORIENTED_EDGE('',*,*,#1370,.T.);
#828=ORIENTED_EDGE('',*,*,#1396,.F.);
#829=ORIENTED_EDGE('',*,*,#1397,.T.);
#830=ORIENTED_EDGE('',*,*,#1398,.F.);
#831=ORIENTED_EDGE('',*,*,#1399,.T.);
#832=ORIENTED_EDGE('',*,*,#1400,.T.);
#833=ORIENTED_EDGE('',*,*,#1401,.F.);
#834=ORIENTED_EDGE('',*,*,#1402,.F.);
#835=ORIENTED_EDGE('',*,*,#1403,.F.);
#836=ORIENTED_EDGE('',*,*,#1404,.T.);
#837=ORIENTED_EDGE('',*,*,#1401,.T.);
#838=ORIENTED_EDGE('',*,*,#1405,.F.);
#839=ORIENTED_EDGE('',*,*,#1406,.F.);
#840=ORIENTED_EDGE('',*,*,#1407,.T.);
#841=ORIENTED_EDGE('',*,*,#1403,.T.);
#842=ORIENTED_EDGE('',*,*,#1408,.F.);
#843=ORIENTED_EDGE('',*,*,#1409,.T.);
#844=ORIENTED_EDGE('',*,*,#1410,.F.);
#845=ORIENTED_EDGE('',*,*,#1397,.F.);
#846=ORIENTED_EDGE('',*,*,#1411,.T.);
#847=ORIENTED_EDGE('',*,*,#1406,.T.);
#848=ORIENTED_EDGE('',*,*,#1412,.F.);
#849=ORIENTED_EDGE('',*,*,#1413,.T.);
#850=ORIENTED_EDGE('',*,*,#1414,.T.);
#851=ORIENTED_EDGE('',*,*,#1415,.T.);
#852=ORIENTED_EDGE('',*,*,#1398,.T.);
#853=ORIENTED_EDGE('',*,*,#1404,.F.);
#854=ORIENTED_EDGE('',*,*,#1407,.F.);
#855=ORIENTED_EDGE('',*,*,#1411,.F.);
#856=ORIENTED_EDGE('',*,*,#1396,.T.);
#857=ORIENTED_EDGE('',*,*,#1350,.T.);
#858=ORIENTED_EDGE('',*,*,#1372,.T.);
#859=ORIENTED_EDGE('',*,*,#1361,.T.);
#860=ORIENTED_EDGE('',*,*,#1416,.T.);
#861=ORIENTED_EDGE('',*,*,#1408,.T.);
#862=ORIENTED_EDGE('',*,*,#1412,.T.);
#863=ORIENTED_EDGE('',*,*,#1400,.F.);
#864=ORIENTED_EDGE('',*,*,#1417,.T.);
#865=ORIENTED_EDGE('',*,*,#1418,.T.);
#866=ORIENTED_EDGE('',*,*,#1419,.T.);
#867=ORIENTED_EDGE('',*,*,#1357,.F.);
#868=ORIENTED_EDGE('',*,*,#1356,.F.);
#869=ORIENTED_EDGE('',*,*,#1395,.F.);
#870=ORIENTED_EDGE('',*,*,#1410,.T.);
#871=ORIENTED_EDGE('',*,*,#1405,.T.);
#872=ORIENTED_EDGE('',*,*,#1402,.T.);
#873=ORIENTED_EDGE('',*,*,#1409,.F.);
#874=ORIENTED_EDGE('',*,*,#1413,.F.);
#875=ORIENTED_EDGE('',*,*,#1320,.F.);
#876=ORIENTED_EDGE('',*,*,#1419,.F.);
#877=ORIENTED_EDGE('',*,*,#1420,.F.);
#878=ORIENTED_EDGE('',*,*,#1421,.F.);
#879=ORIENTED_EDGE('',*,*,#1420,.T.);
#880=ORIENTED_EDGE('',*,*,#1418,.F.);
#881=ORIENTED_EDGE('',*,*,#1422,.F.);
#882=ORIENTED_EDGE('',*,*,#1414,.F.);
#883=ORIENTED_EDGE('',*,*,#1423,.T.);
#884=ORIENTED_EDGE('',*,*,#1321,.F.);
#885=ORIENTED_EDGE('',*,*,#1421,.T.);
#886=ORIENTED_EDGE('',*,*,#1423,.F.);
#887=ORIENTED_EDGE('',*,*,#1416,.F.);
#888=ORIENTED_EDGE('',*,*,#1424,.F.);
#889=ORIENTED_EDGE('',*,*,#1422,.T.);
#890=ORIENTED_EDGE('',*,*,#1417,.F.);
#891=ORIENTED_EDGE('',*,*,#1399,.F.);
#892=ORIENTED_EDGE('',*,*,#1415,.F.);
#893=ORIENTED_EDGE('',*,*,#1424,.T.);
#894=ORIENTED_EDGE('',*,*,#1425,.T.);
#895=ORIENTED_EDGE('',*,*,#1426,.T.);
#896=ORIENTED_EDGE('',*,*,#1427,.T.);
#897=ORIENTED_EDGE('',*,*,#1428,.T.);
#898=ORIENTED_EDGE('',*,*,#1429,.T.);
#899=ORIENTED_EDGE('',*,*,#1430,.T.);
#900=ORIENTED_EDGE('',*,*,#1431,.T.);
#901=ORIENTED_EDGE('',*,*,#1432,.T.);
#902=ORIENTED_EDGE('',*,*,#1433,.T.);
#903=ORIENTED_EDGE('',*,*,#1434,.T.);
#904=ORIENTED_EDGE('',*,*,#1435,.T.);
#905=ORIENTED_EDGE('',*,*,#1436,.T.);
#906=ORIENTED_EDGE('',*,*,#1437,.T.);
#907=ORIENTED_EDGE('',*,*,#1438,.T.);
#908=ORIENTED_EDGE('',*,*,#1439,.T.);
#909=ORIENTED_EDGE('',*,*,#1440,.T.);
#910=ORIENTED_EDGE('',*,*,#1441,.T.);
#911=ORIENTED_EDGE('',*,*,#1442,.T.);
#912=ORIENTED_EDGE('',*,*,#1443,.F.);
#913=ORIENTED_EDGE('',*,*,#1444,.T.);
#914=ORIENTED_EDGE('',*,*,#1443,.T.);
#915=ORIENTED_EDGE('',*,*,#1445,.T.);
#916=ORIENTED_EDGE('',*,*,#1446,.F.);
#917=ORIENTED_EDGE('',*,*,#1447,.F.);
#918=ORIENTED_EDGE('',*,*,#1448,.T.);
#919=ORIENTED_EDGE('',*,*,#1449,.T.);
#920=ORIENTED_EDGE('',*,*,#1450,.F.);
#921=ORIENTED_EDGE('',*,*,#1451,.F.);
#922=ORIENTED_EDGE('',*,*,#1452,.T.);
#923=ORIENTED_EDGE('',*,*,#1447,.T.);
#924=ORIENTED_EDGE('',*,*,#1453,.T.);
#925=ORIENTED_EDGE('',*,*,#1454,.F.);
#926=ORIENTED_EDGE('',*,*,#1455,.F.);
#927=ORIENTED_EDGE('',*,*,#1451,.T.);
#928=ORIENTED_EDGE('',*,*,#1456,.T.);
#929=ORIENTED_EDGE('',*,*,#1457,.F.);
#930=ORIENTED_EDGE('',*,*,#1458,.F.);
#931=ORIENTED_EDGE('',*,*,#1454,.T.);
#932=ORIENTED_EDGE('',*,*,#1459,.F.);
#933=ORIENTED_EDGE('',*,*,#1460,.T.);
#934=ORIENTED_EDGE('',*,*,#1461,.T.);
#935=ORIENTED_EDGE('',*,*,#1457,.T.);
#936=ORIENTED_EDGE('',*,*,#1462,.T.);
#937=ORIENTED_EDGE('',*,*,#1463,.T.);
#938=ORIENTED_EDGE('',*,*,#1464,.T.);
#939=ORIENTED_EDGE('',*,*,#1465,.T.);
#940=ORIENTED_EDGE('',*,*,#1466,.T.);
#941=ORIENTED_EDGE('',*,*,#1467,.T.);
#942=ORIENTED_EDGE('',*,*,#1468,.T.);
#943=ORIENTED_EDGE('',*,*,#1469,.T.);
#944=ORIENTED_EDGE('',*,*,#1470,.T.);
#945=ORIENTED_EDGE('',*,*,#1471,.F.);
#946=ORIENTED_EDGE('',*,*,#1472,.T.);
#947=ORIENTED_EDGE('',*,*,#1473,.T.);
#948=ORIENTED_EDGE('',*,*,#1474,.T.);
#949=ORIENTED_EDGE('',*,*,#1475,.T.);
#950=ORIENTED_EDGE('',*,*,#1476,.T.);
#951=ORIENTED_EDGE('',*,*,#1477,.T.);
#952=ORIENTED_EDGE('',*,*,#1478,.T.);
#953=ORIENTED_EDGE('',*,*,#1479,.T.);
#954=ORIENTED_EDGE('',*,*,#1480,.T.);
#955=ORIENTED_EDGE('',*,*,#1481,.T.);
#956=ORIENTED_EDGE('',*,*,#1482,.T.);
#957=ORIENTED_EDGE('',*,*,#1483,.T.);
#958=ORIENTED_EDGE('',*,*,#1484,.T.);
#959=ORIENTED_EDGE('',*,*,#1485,.F.);
#960=ORIENTED_EDGE('',*,*,#1486,.T.);
#961=ORIENTED_EDGE('',*,*,#1487,.T.);
#962=ORIENTED_EDGE('',*,*,#1488,.T.);
#963=ORIENTED_EDGE('',*,*,#1489,.F.);
#964=ORIENTED_EDGE('',*,*,#1490,.T.);
#965=ORIENTED_EDGE('',*,*,#1491,.F.);
#966=ORIENTED_EDGE('',*,*,#1492,.T.);
#967=ORIENTED_EDGE('',*,*,#1493,.T.);
#968=ORIENTED_EDGE('',*,*,#1494,.T.);
#969=ORIENTED_EDGE('',*,*,#1495,.F.);
#970=ORIENTED_EDGE('',*,*,#1496,.T.);
#971=ORIENTED_EDGE('',*,*,#1497,.T.);
#972=ORIENTED_EDGE('',*,*,#1448,.F.);
#973=ORIENTED_EDGE('',*,*,#1452,.F.);
#974=ORIENTED_EDGE('',*,*,#1455,.T.);
#975=ORIENTED_EDGE('',*,*,#1458,.T.);
#976=ORIENTED_EDGE('',*,*,#1461,.F.);
#977=ORIENTED_EDGE('',*,*,#1498,.T.);
#978=ORIENTED_EDGE('',*,*,#1470,.F.);
#979=ORIENTED_EDGE('',*,*,#1484,.F.);
#980=ORIENTED_EDGE('',*,*,#1499,.T.);
#981=ORIENTED_EDGE('',*,*,#1500,.T.);
#982=ORIENTED_EDGE('',*,*,#1501,.T.);
#983=ORIENTED_EDGE('',*,*,#1502,.F.);
#984=ORIENTED_EDGE('',*,*,#1503,.T.);
#985=ORIENTED_EDGE('',*,*,#1504,.F.);
#986=ORIENTED_EDGE('',*,*,#1505,.T.);
#987=ORIENTED_EDGE('',*,*,#1506,.T.);
#988=ORIENTED_EDGE('',*,*,#1507,.T.);
#989=ORIENTED_EDGE('',*,*,#1508,.T.);
#990=ORIENTED_EDGE('',*,*,#1459,.T.);
#991=ORIENTED_EDGE('',*,*,#1456,.F.);
#992=ORIENTED_EDGE('',*,*,#1453,.F.);
#993=ORIENTED_EDGE('',*,*,#1450,.T.);
#994=ORIENTED_EDGE('',*,*,#1446,.T.);
#995=ORIENTED_EDGE('',*,*,#1509,.T.);
#996=ORIENTED_EDGE('',*,*,#1510,.T.);
#997=ORIENTED_EDGE('',*,*,#1511,.F.);
#998=ORIENTED_EDGE('',*,*,#1471,.T.);
#999=ORIENTED_EDGE('',*,*,#1485,.T.);
#1000=ORIENTED_EDGE('',*,*,#1512,.F.);
#1001=ORIENTED_EDGE('',*,*,#1513,.F.);
#1002=ORIENTED_EDGE('',*,*,#1491,.T.);
#1003=ORIENTED_EDGE('',*,*,#1514,.F.);
#1004=ORIENTED_EDGE('',*,*,#1513,.T.);
#1005=ORIENTED_EDGE('',*,*,#1432,.F.);
#1006=ORIENTED_EDGE('',*,*,#1515,.F.);
#1007=ORIENTED_EDGE('',*,*,#1486,.F.);
#1008=ORIENTED_EDGE('',*,*,#1516,.F.);
#1009=ORIENTED_EDGE('',*,*,#1488,.F.);
#1010=ORIENTED_EDGE('',*,*,#1517,.F.);
#1011=ORIENTED_EDGE('',*,*,#1472,.F.);
#1012=ORIENTED_EDGE('',*,*,#1514,.T.);
#1013=ORIENTED_EDGE('',*,*,#1490,.F.);
#1014=ORIENTED_EDGE('',*,*,#1518,.F.);
#1015=ORIENTED_EDGE('',*,*,#1428,.F.);
#1016=ORIENTED_EDGE('',*,*,#1512,.T.);
#1017=ORIENTED_EDGE('',*,*,#1427,.F.);
#1018=ORIENTED_EDGE('',*,*,#1519,.F.);
#1019=ORIENTED_EDGE('',*,*,#1429,.F.);
#1020=ORIENTED_EDGE('',*,*,#1487,.F.);
#1021=ORIENTED_EDGE('',*,*,#1515,.T.);
#1022=ORIENTED_EDGE('',*,*,#1520,.F.);
#1023=ORIENTED_EDGE('',*,*,#1517,.T.);
#1024=ORIENTED_EDGE('',*,*,#1489,.T.);
#1025=ORIENTED_EDGE('',*,*,#1516,.T.);
#1026=ORIENTED_EDGE('',*,*,#1521,.F.);
#1027=ORIENTED_EDGE('',*,*,#1518,.T.);
#1028=ORIENTED_EDGE('',*,*,#1522,.F.);
#1029=ORIENTED_EDGE('',*,*,#1502,.T.);
#1030=ORIENTED_EDGE('',*,*,#1523,.F.);
#1031=ORIENTED_EDGE('',*,*,#1519,.T.);
#1032=ORIENTED_EDGE('',*,*,#1523,.T.);
#1033=ORIENTED_EDGE('',*,*,#1501,.F.);
#1034=ORIENTED_EDGE('',*,*,#1524,.F.);
#1035=ORIENTED_EDGE('',*,*,#1430,.F.);
#1036=ORIENTED_EDGE('',*,*,#1520,.T.);
#1037=ORIENTED_EDGE('',*,*,#1431,.F.);
#1038=ORIENTED_EDGE('',*,*,#1525,.F.);
#1039=ORIENTED_EDGE('',*,*,#1473,.F.);
#1040=ORIENTED_EDGE('',*,*,#1521,.T.);
#1041=ORIENTED_EDGE('',*,*,#1475,.F.);
#1042=ORIENTED_EDGE('',*,*,#1526,.F.);
#1043=ORIENTED_EDGE('',*,*,#1425,.F.);
#1044=ORIENTED_EDGE('',*,*,#1522,.T.);
#1045=ORIENTED_EDGE('',*,*,#1426,.F.);
#1046=ORIENTED_EDGE('',*,*,#1527,.F.);
#1047=ORIENTED_EDGE('',*,*,#1503,.F.);
#1048=ORIENTED_EDGE('',*,*,#1524,.T.);
#1049=ORIENTED_EDGE('',*,*,#1500,.F.);
#1050=ORIENTED_EDGE('',*,*,#1528,.F.);
#1051=ORIENTED_EDGE('',*,*,#1525,.T.);
#1052=ORIENTED_EDGE('',*,*,#1527,.T.);
#1053=ORIENTED_EDGE('',*,*,#1526,.T.);
#1054=ORIENTED_EDGE('',*,*,#1529,.F.);
#1055=ORIENTED_EDGE('',*,*,#1504,.T.);
#1056=ORIENTED_EDGE('',*,*,#1528,.T.);
#1057=ORIENTED_EDGE('',*,*,#1499,.F.);
#1058=ORIENTED_EDGE('',*,*,#1529,.T.);
#1059=ORIENTED_EDGE('',*,*,#1474,.F.);
#1060=ORIENTED_EDGE('',*,*,#1468,.F.);
#1061=ORIENTED_EDGE('',*,*,#1530,.T.);
#1062=ORIENTED_EDGE('',*,*,#1492,.F.);
#1063=ORIENTED_EDGE('',*,*,#1531,.F.);
#1064=ORIENTED_EDGE('',*,*,#1532,.F.);
#1065=ORIENTED_EDGE('',*,*,#1469,.F.);
#1066=ORIENTED_EDGE('',*,*,#1533,.F.);
#1067=ORIENTED_EDGE('',*,*,#1465,.F.);
#1068=ORIENTED_EDGE('',*,*,#1507,.F.);
#1069=ORIENTED_EDGE('',*,*,#1534,.T.);
#1070=ORIENTED_EDGE('',*,*,#1466,.F.);
#1071=ORIENTED_EDGE('',*,*,#1535,.F.);
#1072=ORIENTED_EDGE('',*,*,#1533,.T.);
#1073=ORIENTED_EDGE('',*,*,#1531,.T.);
#1074=ORIENTED_EDGE('',*,*,#1536,.F.);
#1075=ORIENTED_EDGE('',*,*,#1535,.T.);
#1076=ORIENTED_EDGE('',*,*,#1532,.T.);
#1077=ORIENTED_EDGE('',*,*,#1537,.F.);
#1078=ORIENTED_EDGE('',*,*,#1536,.T.);
#1079=ORIENTED_EDGE('',*,*,#1498,.F.);
#1080=ORIENTED_EDGE('',*,*,#1538,.F.);
#1081=ORIENTED_EDGE('',*,*,#1462,.F.);
#1082=ORIENTED_EDGE('',*,*,#1537,.T.);
#1083=ORIENTED_EDGE('',*,*,#1464,.F.);
#1084=ORIENTED_EDGE('',*,*,#1539,.F.);
#1085=ORIENTED_EDGE('',*,*,#1508,.F.);
#1086=ORIENTED_EDGE('',*,*,#1538,.T.);
#1087=ORIENTED_EDGE('',*,*,#1460,.F.);
#1088=ORIENTED_EDGE('',*,*,#1539,.T.);
#1089=ORIENTED_EDGE('',*,*,#1463,.F.);
#1090=ORIENTED_EDGE('',*,*,#1449,.F.);
#1091=ORIENTED_EDGE('',*,*,#1497,.F.);
#1092=ORIENTED_EDGE('',*,*,#1540,.F.);
#1093=ORIENTED_EDGE('',*,*,#1444,.F.);
#1094=ORIENTED_EDGE('',*,*,#1541,.F.);
#1095=ORIENTED_EDGE('',*,*,#1441,.F.);
#1096=ORIENTED_EDGE('',*,*,#1542,.F.);
#1097=ORIENTED_EDGE('',*,*,#1440,.F.);
#1098=ORIENTED_EDGE('',*,*,#1445,.F.);
#1099=ORIENTED_EDGE('',*,*,#1442,.F.);
#1100=ORIENTED_EDGE('',*,*,#1543,.F.);
#1101=ORIENTED_EDGE('',*,*,#1509,.F.);
#1102=ORIENTED_EDGE('',*,*,#1542,.T.);
#1103=ORIENTED_EDGE('',*,*,#1540,.T.);
#1104=ORIENTED_EDGE('',*,*,#1544,.F.);
#1105=ORIENTED_EDGE('',*,*,#1543,.T.);
#1106=ORIENTED_EDGE('',*,*,#1541,.T.);
#1107=ORIENTED_EDGE('',*,*,#1545,.F.);
#1108=ORIENTED_EDGE('',*,*,#1494,.F.);
#1109=ORIENTED_EDGE('',*,*,#1546,.T.);
#1110=ORIENTED_EDGE('',*,*,#1433,.F.);
#1111=ORIENTED_EDGE('',*,*,#1547,.F.);
#1112=ORIENTED_EDGE('',*,*,#1544,.T.);
#1113=ORIENTED_EDGE('',*,*,#1496,.F.);
#1114=ORIENTED_EDGE('',*,*,#1548,.F.);
#1115=ORIENTED_EDGE('',*,*,#1437,.F.);
#1116=ORIENTED_EDGE('',*,*,#1545,.T.);
#1117=ORIENTED_EDGE('',*,*,#1439,.F.);
#1118=ORIENTED_EDGE('',*,*,#1549,.F.);
#1119=ORIENTED_EDGE('',*,*,#1510,.F.);
#1120=ORIENTED_EDGE('',*,*,#1435,.F.);
#1121=ORIENTED_EDGE('',*,*,#1550,.T.);
#1122=ORIENTED_EDGE('',*,*,#1505,.F.);
#1123=ORIENTED_EDGE('',*,*,#1551,.F.);
#1124=ORIENTED_EDGE('',*,*,#1495,.T.);
#1125=ORIENTED_EDGE('',*,*,#1547,.T.);
#1126=ORIENTED_EDGE('',*,*,#1552,.F.);
#1127=ORIENTED_EDGE('',*,*,#1548,.T.);
#1128=ORIENTED_EDGE('',*,*,#1511,.T.);
#1129=ORIENTED_EDGE('',*,*,#1549,.T.);
#1130=ORIENTED_EDGE('',*,*,#1553,.F.);
#1131=ORIENTED_EDGE('',*,*,#1551,.T.);
#1132=ORIENTED_EDGE('',*,*,#1552,.T.);
#1133=ORIENTED_EDGE('',*,*,#1436,.F.);
#1134=ORIENTED_EDGE('',*,*,#1553,.T.);
#1135=ORIENTED_EDGE('',*,*,#1438,.F.);
#1136=ORIENTED_EDGE('',*,*,#1554,.F.);
#1137=ORIENTED_EDGE('',*,*,#1534,.F.);
#1138=ORIENTED_EDGE('',*,*,#1555,.F.);
#1139=ORIENTED_EDGE('',*,*,#1481,.F.);
#1140=ORIENTED_EDGE('',*,*,#1555,.T.);
#1141=ORIENTED_EDGE('',*,*,#1506,.F.);
#1142=ORIENTED_EDGE('',*,*,#1556,.F.);
#1143=ORIENTED_EDGE('',*,*,#1482,.F.);
#1144=ORIENTED_EDGE('',*,*,#1554,.T.);
#1145=ORIENTED_EDGE('',*,*,#1480,.F.);
#1146=ORIENTED_EDGE('',*,*,#1557,.F.);
#1147=ORIENTED_EDGE('',*,*,#1467,.F.);
#1148=ORIENTED_EDGE('',*,*,#1556,.T.);
#1149=ORIENTED_EDGE('',*,*,#1550,.F.);
#1150=ORIENTED_EDGE('',*,*,#1558,.F.);
#1151=ORIENTED_EDGE('',*,*,#1483,.F.);
#1152=ORIENTED_EDGE('',*,*,#1557,.T.);
#1153=ORIENTED_EDGE('',*,*,#1479,.F.);
#1154=ORIENTED_EDGE('',*,*,#1559,.F.);
#1155=ORIENTED_EDGE('',*,*,#1530,.F.);
#1156=ORIENTED_EDGE('',*,*,#1558,.T.);
#1157=ORIENTED_EDGE('',*,*,#1434,.F.);
#1158=ORIENTED_EDGE('',*,*,#1560,.F.);
#1159=ORIENTED_EDGE('',*,*,#1476,.F.);
#1160=ORIENTED_EDGE('',*,*,#1559,.T.);
#1161=ORIENTED_EDGE('',*,*,#1478,.F.);
#1162=ORIENTED_EDGE('',*,*,#1561,.F.);
#1163=ORIENTED_EDGE('',*,*,#1493,.F.);
#1164=ORIENTED_EDGE('',*,*,#1560,.T.);
#1165=ORIENTED_EDGE('',*,*,#1546,.F.);
#1166=ORIENTED_EDGE('',*,*,#1561,.T.);
#1167=ORIENTED_EDGE('',*,*,#1477,.F.);
#1168=EDGE_CURVE('',#1562,#1563,#1814,.T.);
#1169=EDGE_CURVE('',#1564,#1562,#1815,.T.);
#1170=EDGE_CURVE('',#1564,#1565,#1816,.T.);
#1171=EDGE_CURVE('',#1565,#1563,#1817,.T.);
#1172=EDGE_CURVE('',#1562,#1566,#1818,.T.);
#1173=EDGE_CURVE('',#1567,#1566,#1819,.T.);
#1174=EDGE_CURVE('',#1564,#1567,#1820,.T.);
#1175=EDGE_CURVE('',#1568,#1566,#1821,.T.);
#1176=EDGE_CURVE('',#1568,#1569,#1822,.T.);
#1177=EDGE_CURVE('',#1569,#1570,#1823,.T.);
#1178=EDGE_CURVE('',#1571,#1570,#1824,.T.);
#1179=EDGE_CURVE('',#1571,#1572,#1825,.T.);
#1180=EDGE_CURVE('',#1573,#1572,#1826,.T.);
#1181=EDGE_CURVE('',#1574,#1573,#1827,.T.);
#1182=EDGE_CURVE('',#1575,#1574,#1828,.T.);
#1183=EDGE_CURVE('',#1576,#1575,#1829,.T.);
#1184=EDGE_CURVE('',#1577,#1576,#1830,.T.);
#1185=EDGE_CURVE('',#1577,#1578,#1831,.T.);
#1186=EDGE_CURVE('',#1578,#1567,#1832,.T.);
#1187=EDGE_CURVE('',#1579,#1580,#1833,.T.);
#1188=EDGE_CURVE('',#1581,#1580,#1834,.T.);
#1189=EDGE_CURVE('',#1582,#1581,#1835,.T.);
#1190=EDGE_CURVE('',#1583,#1582,#1836,.T.);
#1191=EDGE_CURVE('',#1583,#1584,#1837,.T.);
#1192=EDGE_CURVE('',#1584,#1585,#1838,.T.);
#1193=EDGE_CURVE('',#1585,#1586,#1839,.T.);
#1194=EDGE_CURVE('',#1586,#1587,#1840,.T.);
#1195=EDGE_CURVE('',#1587,#1588,#1841,.T.);
#1196=EDGE_CURVE('',#1589,#1588,#1842,.T.);
#1197=EDGE_CURVE('',#1589,#1590,#1843,.T.);
#1198=EDGE_CURVE('',#1591,#1590,#1844,.T.);
#1199=EDGE_CURVE('',#1579,#1591,#1845,.T.);
#1200=EDGE_CURVE('',#1580,#1592,#1846,.T.);
#1201=EDGE_CURVE('',#1593,#1592,#1847,.T.);
#1202=EDGE_CURVE('',#1581,#1593,#1848,.T.);
#1203=EDGE_CURVE('',#1592,#1594,#1849,.T.);
#1204=EDGE_CURVE('',#1595,#1594,#1850,.T.);
#1205=EDGE_CURVE('',#1593,#1595,#1851,.T.);
#1206=EDGE_CURVE('',#1563,#1594,#195,.T.);
#1207=EDGE_CURVE('',#1565,#1595,#196,.T.);
#1208=EDGE_CURVE('',#1582,#1578,#1852,.T.);
#1209=EDGE_CURVE('',#1579,#1568,#1853,.T.);
#1210=EDGE_CURVE('',#1596,#1577,#1854,.T.);
#1211=EDGE_CURVE('',#1583,#1596,#1855,.T.);
#1212=EDGE_CURVE('',#1597,#1598,#1856,.T.);
#1213=EDGE_CURVE('',#1599,#1597,#1857,.T.);
#1214=EDGE_CURVE('',#1599,#1600,#1858,.T.);
#1215=EDGE_CURVE('',#1600,#1598,#1859,.T.);
#1216=EDGE_CURVE('',#1597,#1588,#1860,.T.);
#1217=EDGE_CURVE('',#1599,#1587,#1861,.T.);
#1218=EDGE_CURVE('',#1572,#1601,#1862,.T.);
#1219=EDGE_CURVE('',#1602,#1601,#1863,.T.);
#1220=EDGE_CURVE('',#1573,#1602,#1864,.T.);
#1221=EDGE_CURVE('',#1601,#1603,#1865,.T.);
#1222=EDGE_CURVE('',#1604,#1603,#1866,.T.);
#1223=EDGE_CURVE('',#1602,#1604,#1867,.T.);
#1224=EDGE_CURVE('',#1598,#1603,#197,.T.);
#1225=EDGE_CURVE('',#1600,#1604,#198,.T.);
#1226=EDGE_CURVE('',#1574,#1586,#1868,.T.);
#1227=EDGE_CURVE('',#1571,#1589,#1869,.T.);
#1228=EDGE_CURVE('',#1590,#1570,#1870,.T.);
#1229=EDGE_CURVE('',#1605,#1584,#199,.T.);
#1230=EDGE_CURVE('',#1606,#1605,#1871,.T.);
#1231=EDGE_CURVE('',#1607,#1606,#200,.T.);
#1232=EDGE_CURVE('',#1607,#1608,#1872,.T.);
#1233=EDGE_CURVE('',#1576,#1608,#201,.T.);
#1234=EDGE_CURVE('',#1585,#1575,#1873,.T.);
#1235=EDGE_CURVE('',#1584,#1596,#202,.T.);
#1236=EDGE_CURVE('',#1591,#1569,#1874,.T.);
#1237=EDGE_CURVE('',#1596,#1576,#203,.T.);
#1238=EDGE_CURVE('',#1609,#1608,#1875,.T.);
#1239=EDGE_CURVE('',#1610,#1609,#204,.T.);
#1240=EDGE_CURVE('',#1610,#1605,#1876,.T.);
#1241=EDGE_CURVE('',#1611,#1607,#1877,.T.);
#1242=EDGE_CURVE('',#1611,#1609,#1878,.T.);
#1243=EDGE_CURVE('',#1612,#1606,#1879,.T.);
#1244=EDGE_CURVE('',#1611,#1612,#205,.T.);
#1245=EDGE_CURVE('',#1612,#1610,#1880,.T.);
#1246=EDGE_CURVE('',#1613,#1613,#206,.T.);
#1247=EDGE_CURVE('',#1614,#1614,#207,.T.);
#1248=EDGE_CURVE('',#1615,#1616,#1881,.T.);
#1249=EDGE_CURVE('',#1616,#1617,#208,.T.);
#1250=EDGE_CURVE('',#1617,#1618,#1882,.T.);
#1251=EDGE_CURVE('',#1618,#1619,#209,.T.);
#1252=EDGE_CURVE('',#1620,#1619,#1883,.T.);
#1253=EDGE_CURVE('',#1620,#1621,#210,.T.);
#1254=EDGE_CURVE('',#1621,#1622,#1884,.T.);
#1255=EDGE_CURVE('',#1623,#1622,#1885,.T.);
#1256=EDGE_CURVE('',#1624,#1623,#1886,.T.);
#1257=EDGE_CURVE('',#1624,#1615,#1887,.T.);
#1258=EDGE_CURVE('',#1625,#1626,#1888,.T.);
#1259=EDGE_CURVE('',#1627,#1625,#1889,.T.);
#1260=EDGE_CURVE('',#1627,#1628,#1890,.T.);
#1261=EDGE_CURVE('',#1628,#1626,#1891,.T.);
#1262=EDGE_CURVE('',#1629,#1625,#1892,.T.);
#1263=EDGE_CURVE('',#1630,#1629,#1893,.T.);
#1264=EDGE_CURVE('',#1630,#1627,#1894,.T.);
#1265=EDGE_CURVE('',#1631,#1629,#1895,.T.);
#1266=EDGE_CURVE('',#1632,#1631,#1896,.T.);
#1267=EDGE_CURVE('',#1632,#1630,#1897,.T.);
#1268=EDGE_CURVE('',#1633,#1631,#1898,.T.);
#1269=EDGE_CURVE('',#1634,#1633,#1899,.T.);
#1270=EDGE_CURVE('',#1634,#1632,#1900,.T.);
#1271=EDGE_CURVE('',#1622,#1633,#1901,.T.);
#1272=EDGE_CURVE('',#1616,#1621,#1902,.T.);
#1273=EDGE_CURVE('',#1615,#1634,#1903,.T.);
#1274=EDGE_CURVE('',#1635,#1623,#1904,.T.);
#1275=EDGE_CURVE('',#1636,#1635,#1905,.T.);
#1276=EDGE_CURVE('',#1636,#1624,#1906,.T.);
#1277=EDGE_CURVE('',#1637,#1638,#211,.T.);
#1278=EDGE_CURVE('',#1637,#1639,#1907,.T.);
#1279=EDGE_CURVE('',#1640,#1639,#212,.T.);
#1280=EDGE_CURVE('',#1638,#1640,#1908,.T.);
#1281=EDGE_CURVE('',#1626,#1635,#1909,.T.);
#1282=EDGE_CURVE('',#1628,#1636,#1910,.T.);
#1283=EDGE_CURVE('',#1621,#1616,#213,.T.);
#1284=EDGE_CURVE('',#1617,#1638,#1911,.T.);
#1285=EDGE_CURVE('',#1620,#1637,#1912,.T.);
#1286=EDGE_CURVE('',#1618,#1640,#1913,.T.);
#1287=EDGE_CURVE('',#1619,#1639,#1914,.T.);
#1288=EDGE_CURVE('',#1641,#1641,#214,.T.);
#1289=EDGE_CURVE('',#1642,#1642,#215,.T.);
#1290=EDGE_CURVE('',#1643,#1643,#216,.T.);
#1291=EDGE_CURVE('',#1644,#1644,#217,.T.);
#1292=EDGE_CURVE('',#1645,#1645,#218,.T.);
#1293=EDGE_CURVE('',#1646,#1646,#219,.T.);
#1294=EDGE_CURVE('',#1647,#1647,#220,.T.);
#1295=EDGE_CURVE('',#1648,#1648,#221,.T.);
#1296=EDGE_CURVE('',#1649,#1649,#222,.T.);
#1297=EDGE_CURVE('',#1650,#1650,#223,.T.);
#1298=EDGE_CURVE('',#1651,#1652,#224,.T.);
#1299=EDGE_CURVE('',#1653,#1652,#1915,.T.);
#1300=EDGE_CURVE('',#1654,#1653,#225,.T.);
#1301=EDGE_CURVE('',#1654,#1651,#1916,.T.);
#1302=EDGE_CURVE('',#1652,#1655,#1917,.T.);
#1303=EDGE_CURVE('',#1656,#1655,#1918,.T.);
#1304=EDGE_CURVE('',#1653,#1656,#1919,.T.);
#1305=EDGE_CURVE('',#1655,#1657,#226,.T.);
#1306=EDGE_CURVE('',#1658,#1657,#1920,.T.);
#1307=EDGE_CURVE('',#1656,#1658,#227,.T.);
#1308=EDGE_CURVE('',#1651,#1657,#1921,.T.);
#1309=EDGE_CURVE('',#1654,#1658,#1922,.T.);
#1310=EDGE_CURVE('',#1659,#1659,#228,.T.);
#1311=EDGE_CURVE('',#1660,#1660,#229,.T.);
#1312=EDGE_CURVE('',#1661,#1661,#230,.T.);
#1313=EDGE_CURVE('',#1662,#1662,#231,.T.);
#1314=EDGE_CURVE('',#1663,#1663,#232,.T.);
#1315=EDGE_CURVE('',#1664,#1664,#233,.T.);
#1316=EDGE_CURVE('',#1665,#1665,#234,.T.);
#1317=EDGE_CURVE('',#1666,#1666,#235,.T.);
#1318=EDGE_CURVE('',#1667,#1668,#1923,.T.);
#1319=EDGE_CURVE('',#1669,#1668,#1924,.T.);
#1320=EDGE_CURVE('',#1669,#1670,#51,.T.);
#1321=EDGE_CURVE('',#1670,#1671,#52,.T.);
#1322=EDGE_CURVE('',#1671,#1672,#1925,.T.);
#1323=EDGE_CURVE('',#1672,#1673,#1926,.T.);
#1324=EDGE_CURVE('',#1673,#1667,#1927,.T.);
#1325=EDGE_CURVE('',#1674,#1675,#236,.T.);
#1326=EDGE_CURVE('',#1675,#1676,#1928,.F.);
#1327=EDGE_CURVE('',#1676,#1677,#1929,.T.);
#1328=EDGE_CURVE('',#1677,#1678,#1930,.T.);
#1329=EDGE_CURVE('',#1678,#1679,#237,.T.);
#1330=EDGE_CURVE('',#1679,#1674,#1931,.T.);
#1331=EDGE_CURVE('',#1680,#1681,#1932,.T.);
#1332=EDGE_CURVE('',#1680,#1682,#238,.T.);
#1333=EDGE_CURVE('',#1682,#1683,#239,.F.);
#1334=EDGE_CURVE('',#1683,#1684,#1933,.T.);
#1335=EDGE_CURVE('',#1684,#1685,#1934,.F.);
#1336=EDGE_CURVE('',#1685,#1686,#1935,.F.);
#1337=EDGE_CURVE('',#1686,#1681,#240,.F.);
#1338=EDGE_CURVE('',#1687,#1688,#1936,.F.);
#1339=EDGE_CURVE('',#1688,#1689,#1937,.F.);
#1340=EDGE_CURVE('',#1689,#1690,#241,.T.);
#1341=EDGE_CURVE('',#1691,#1690,#1938,.T.);
#1342=EDGE_CURVE('',#1691,#1692,#242,.T.);
#1343=EDGE_CURVE('',#1692,#1687,#1939,.T.);
#1344=EDGE_CURVE('',#1693,#1694,#1940,.T.);
#1345=EDGE_CURVE('',#1694,#1695,#1941,.T.);
#1346=EDGE_CURVE('',#1695,#1696,#243,.F.);
#1347=EDGE_CURVE('',#1696,#1697,#1942,.T.);
#1348=EDGE_CURVE('',#1697,#1698,#244,.F.);
#1349=EDGE_CURVE('',#1698,#1693,#1943,.F.);
#1350=EDGE_CURVE('',#1699,#1700,#1944,.T.);
#1351=EDGE_CURVE('',#1699,#1701,#1945,.T.);
#1352=EDGE_CURVE('',#1701,#1702,#1946,.T.);
#1353=EDGE_CURVE('',#1700,#1702,#1947,.T.);
#1354=EDGE_CURVE('',#1667,#1703,#1948,.F.);
#1355=EDGE_CURVE('',#1703,#1704,#1949,.T.);
#1356=EDGE_CURVE('',#1704,#1705,#1950,.T.);
#1357=EDGE_CURVE('',#1705,#1669,#1951,.T.);
#1358=EDGE_CURVE('',#1706,#1707,#1952,.T.);
#1359=EDGE_CURVE('',#1706,#1708,#1953,.T.);
#1360=EDGE_CURVE('',#1708,#1673,#1954,.T.);
#1361=EDGE_CURVE('',#1709,#1671,#1955,.T.);
#1362=EDGE_CURVE('',#1709,#1707,#245,.F.);
#1363=EDGE_CURVE('',#1677,#1706,#1956,.T.);
#1364=EDGE_CURVE('',#1707,#1687,#1957,.F.);
#1365=EDGE_CURVE('',#1678,#1692,#1958,.F.);
#1366=EDGE_CURVE('',#1703,#1710,#246,.T.);
#1367=EDGE_CURVE('',#1710,#1711,#1959,.F.);
#1368=EDGE_CURVE('',#1711,#1712,#1960,.F.);
#1369=EDGE_CURVE('',#1712,#1701,#1961,.F.);
#1370=EDGE_CURVE('',#1704,#1699,#1962,.T.);
#1371=EDGE_CURVE('',#1713,#1709,#1963,.T.);
#1372=EDGE_CURVE('',#1700,#1709,#1964,.T.);
#1373=EDGE_CURVE('',#1702,#1713,#1965,.T.);
#1374=EDGE_CURVE('',#1692,#1678,#247,.T.);
#1375=EDGE_CURVE('',#1682,#1690,#1966,.T.);
#1376=EDGE_CURVE('',#1689,#1675,#53,.T.);
#1377=EDGE_CURVE('',#1696,#1674,#1967,.T.);
#1378=EDGE_CURVE('',#1695,#1683,#54,.T.);
#1379=EDGE_CURVE('',#1690,#1680,#1968,.T.);
#1380=EDGE_CURVE('',#1681,#1691,#1969,.T.);
#1381=EDGE_CURVE('',#1686,#1698,#55,.T.);
#1382=EDGE_CURVE('',#1697,#1679,#1970,.T.);
#1383=EDGE_CURVE('',#1688,#1684,#248,.F.);
#1384=EDGE_CURVE('',#1684,#1688,#249,.F.);
#1385=EDGE_CURVE('',#1687,#1713,#29,.T.);
#1386=EDGE_CURVE('',#1685,#1702,#30,.F.);
#1387=EDGE_CURVE('',#1676,#1694,#250,.T.);
#1388=EDGE_CURVE('',#1693,#1701,#31,.F.);
#1389=EDGE_CURVE('',#1676,#1694,#251,.F.);
#1390=EDGE_CURVE('',#1677,#1712,#32,.T.);
#1391=EDGE_CURVE('',#1667,#1714,#33,.F.);
#1392=EDGE_CURVE('',#1714,#1673,#34,.F.);
#1393=EDGE_CURVE('',#1710,#1708,#35,.F.);
#1394=EDGE_CURVE('',#1706,#1711,#36,.T.);
#1395=EDGE_CURVE('',#1715,#1704,#1971,.T.);
#1396=EDGE_CURVE('',#1716,#1699,#1972,.T.);
#1397=EDGE_CURVE('',#1716,#1715,#1973,.T.);
#1398=EDGE_CURVE('',#1717,#1718,#1974,.T.);
#1399=EDGE_CURVE('',#1717,#1719,#37,.F.);
#1400=EDGE_CURVE('',#1719,#1720,#1975,.T.);
#1401=EDGE_CURVE('',#1718,#1720,#1976,.T.);
#1402=EDGE_CURVE('',#1721,#1720,#1977,.T.);
#1403=EDGE_CURVE('',#1722,#1721,#1978,.T.);
#1404=EDGE_CURVE('',#1722,#1718,#1979,.T.);
#1405=EDGE_CURVE('',#1723,#1721,#1980,.T.);
#1406=EDGE_CURVE('',#1724,#1723,#1981,.T.);
#1407=EDGE_CURVE('',#1724,#1722,#1982,.T.);
#1408=EDGE_CURVE('',#1725,#1725,#252,.T.);
#1409=EDGE_CURVE('',#1726,#1726,#253,.T.);
#1410=EDGE_CURVE('',#1715,#1723,#1983,.T.);
#1411=EDGE_CURVE('',#1716,#1724,#1984,.T.);
#1412=EDGE_CURVE('',#1727,#1727,#254,.T.);
#1413=EDGE_CURVE('',#1728,#1728,#255,.T.);
#1414=EDGE_CURVE('',#1729,#1730,#1985,.F.);
#1415=EDGE_CURVE('',#1730,#1717,#1986,.F.);
#1416=EDGE_CURVE('',#1671,#1729,#56,.T.);
#1417=EDGE_CURVE('',#1719,#1731,#1987,.T.);
#1418=EDGE_CURVE('',#1731,#1732,#1988,.T.);
#1419=EDGE_CURVE('',#1732,#1669,#57,.T.);
#1420=EDGE_CURVE('',#1733,#1732,#58,.T.);
#1421=EDGE_CURVE('',#1670,#1733,#59,.T.);
#1422=EDGE_CURVE('',#1730,#1731,#256,.T.);
#1423=EDGE_CURVE('',#1729,#1733,#60,.F.);
#1424=EDGE_CURVE('',#1730,#1731,#257,.F.);
#1425=EDGE_CURVE('',#1734,#1735,#1989,.T.);
#1426=EDGE_CURVE('',#1735,#1736,#1990,.F.);
#1427=EDGE_CURVE('',#1736,#1737,#1991,.F.);
#1428=EDGE_CURVE('',#1737,#1734,#1992,.T.);
#1429=EDGE_CURVE('',#1738,#1739,#1993,.T.);
#1430=EDGE_CURVE('',#1739,#1740,#1994,.T.);
#1431=EDGE_CURVE('',#1740,#1741,#1995,.T.);
#1432=EDGE_CURVE('',#1741,#1738,#1996,.F.);
#1433=EDGE_CURVE('',#1742,#1743,#1997,.T.);
#1434=EDGE_CURVE('',#1743,#1744,#1998,.T.);
#1435=EDGE_CURVE('',#1744,#1745,#1999,.F.);
#1436=EDGE_CURVE('',#1745,#1742,#2000,.F.);
#1437=EDGE_CURVE('',#1746,#1747,#2001,.F.);
#1438=EDGE_CURVE('',#1747,#1748,#2002,.T.);
#1439=EDGE_CURVE('',#1748,#1749,#2003,.T.);
#1440=EDGE_CURVE('',#1749,#1746,#2004,.F.);
#1441=EDGE_CURVE('',#1750,#1751,#2005,.T.);
#1442=EDGE_CURVE('',#1751,#1752,#2006,.F.);
#1443=EDGE_CURVE('',#1753,#1752,#2007,.T.);
#1444=EDGE_CURVE('',#1753,#1750,#2008,.T.);
#1445=EDGE_CURVE('',#1752,#1754,#258,.T.);
#1446=EDGE_CURVE('',#1755,#1754,#2009,.T.);
#1447=EDGE_CURVE('',#1756,#1755,#2010,.T.);
#1448=EDGE_CURVE('',#1756,#1757,#2011,.T.);
#1449=EDGE_CURVE('',#1757,#1753,#259,.T.);
#1450=EDGE_CURVE('',#1758,#1755,#2012,.T.);
#1451=EDGE_CURVE('',#1759,#1758,#2013,.T.);
#1452=EDGE_CURVE('',#1759,#1756,#2014,.T.);
#1453=EDGE_CURVE('',#1758,#1760,#2015,.T.);
#1454=EDGE_CURVE('',#1761,#1760,#2016,.T.);
#1455=EDGE_CURVE('',#1759,#1761,#2017,.T.);
#1456=EDGE_CURVE('',#1760,#1762,#2018,.T.);
#1457=EDGE_CURVE('',#1763,#1762,#2019,.T.);
#1458=EDGE_CURVE('',#1761,#1763,#2020,.T.);
#1459=EDGE_CURVE('',#1764,#1762,#2021,.T.);
#1460=EDGE_CURVE('',#1764,#1765,#2022,.F.);
#1461=EDGE_CURVE('',#1765,#1763,#2023,.T.);
#1462=EDGE_CURVE('',#1766,#1767,#2024,.F.);
#1463=EDGE_CURVE('',#1767,#1768,#2025,.T.);
#1464=EDGE_CURVE('',#1768,#1769,#2026,.T.);
#1465=EDGE_CURVE('',#1769,#1766,#2027,.F.);
#1466=EDGE_CURVE('',#1770,#1771,#260,.T.);
#1467=EDGE_CURVE('',#1771,#1772,#2028,.F.);
#1468=EDGE_CURVE('',#1772,#1773,#261,.F.);
#1469=EDGE_CURVE('',#1773,#1770,#2029,.T.);
#1470=EDGE_CURVE('',#1774,#1774,#262,.T.);
#1471=EDGE_CURVE('',#1775,#1775,#263,.T.);
#1472=EDGE_CURVE('',#1776,#1777,#61,.T.);
#1473=EDGE_CURVE('',#1777,#1778,#2030,.T.);
#1474=EDGE_CURVE('',#1778,#1779,#62,.T.);
#1475=EDGE_CURVE('',#1779,#1776,#2031,.F.);
#1476=EDGE_CURVE('',#1780,#1781,#2032,.F.);
#1477=EDGE_CURVE('',#1781,#1782,#38,.T.);
#1478=EDGE_CURVE('',#1782,#1783,#2033,.T.);
#1479=EDGE_CURVE('',#1783,#1784,#63,.T.);
#1480=EDGE_CURVE('',#1784,#1785,#2034,.F.);
#1481=EDGE_CURVE('',#1785,#1786,#64,.T.);
#1482=EDGE_CURVE('',#1786,#1787,#2035,.F.);
#1483=EDGE_CURVE('',#1787,#1780,#39,.T.);
#1484=EDGE_CURVE('',#1788,#1788,#264,.T.);
#1485=EDGE_CURVE('',#1789,#1789,#265,.T.);
#1486=EDGE_CURVE('',#1790,#1791,#2036,.T.);
#1487=EDGE_CURVE('',#1791,#1792,#266,.F.);
#1488=EDGE_CURVE('',#1792,#1793,#65,.T.);
#1489=EDGE_CURVE('',#1794,#1793,#267,.T.);
#1490=EDGE_CURVE('',#1794,#1795,#2037,.F.);
#1491=EDGE_CURVE('',#1790,#1795,#268,.T.);
#1492=EDGE_CURVE('',#1796,#1797,#269,.T.);
#1493=EDGE_CURVE('',#1797,#1798,#2038,.F.);
#1494=EDGE_CURVE('',#1798,#1799,#2039,.F.);
#1495=EDGE_CURVE('',#1800,#1799,#270,.T.);
#1496=EDGE_CURVE('',#1800,#1801,#2040,.T.);
#1497=EDGE_CURVE('',#1801,#1757,#2041,.F.);
#1498=EDGE_CURVE('',#1765,#1796,#2042,.T.);
#1499=EDGE_CURVE('',#1802,#1803,#66,.T.);
#1500=EDGE_CURVE('',#1803,#1804,#271,.T.);
#1501=EDGE_CURVE('',#1804,#1805,#2043,.F.);
#1502=EDGE_CURVE('',#1806,#1805,#272,.F.);
#1503=EDGE_CURVE('',#1806,#1807,#2044,.T.);
#1504=EDGE_CURVE('',#1802,#1807,#273,.F.);
#1505=EDGE_CURVE('',#1808,#1809,#2045,.T.);
#1506=EDGE_CURVE('',#1809,#1810,#2046,.T.);
#1507=EDGE_CURVE('',#1810,#1811,#274,.F.);
#1508=EDGE_CURVE('',#1811,#1764,#2047,.F.);
#1509=EDGE_CURVE('',#1754,#1812,#2048,.T.);
#1510=EDGE_CURVE('',#1812,#1813,#2049,.F.);
#1511=EDGE_CURVE('',#1808,#1813,#275,.F.);
#1512=EDGE_CURVE('',#1738,#1737,#276,.T.);
#1513=EDGE_CURVE('',#1790,#1738,#277,.F.);
#1514=EDGE_CURVE('',#1737,#1795,#278,.F.);
#1515=EDGE_CURVE('',#1791,#1741,#279,.T.);
#1516=EDGE_CURVE('',#1793,#1776,#280,.T.);
#1517=EDGE_CURVE('',#1777,#1792,#281,.T.);
#1518=EDGE_CURVE('',#1734,#1794,#282,.T.);
#1519=EDGE_CURVE('',#1739,#1736,#283,.T.);
#1520=EDGE_CURVE('',#1777,#1741,#284,.T.);
#1521=EDGE_CURVE('',#1734,#1776,#285,.T.);
#1522=EDGE_CURVE('',#1806,#1736,#286,.F.);
#1523=EDGE_CURVE('',#1739,#1805,#287,.F.);
#1524=EDGE_CURVE('',#1740,#1804,#288,.T.);
#1525=EDGE_CURVE('',#1778,#1740,#289,.T.);
#1526=EDGE_CURVE('',#1735,#1779,#290,.T.);
#1527=EDGE_CURVE('',#1807,#1735,#291,.T.);
#1528=EDGE_CURVE('',#1778,#1803,#292,.F.);
#1529=EDGE_CURVE('',#1802,#1779,#293,.F.);
#1530=EDGE_CURVE('',#1772,#1797,#67,.T.);
#1531=EDGE_CURVE('',#1773,#1796,#294,.T.);
#1532=EDGE_CURVE('',#1770,#1769,#295,.T.);
#1533=EDGE_CURVE('',#1766,#1773,#296,.T.);
#1534=EDGE_CURVE('',#1810,#1771,#68,.T.);
#1535=EDGE_CURVE('',#1811,#1770,#297,.T.);
#1536=EDGE_CURVE('',#1766,#1796,#298,.F.);
#1537=EDGE_CURVE('',#1811,#1769,#299,.F.);
#1538=EDGE_CURVE('',#1767,#1765,#40,.T.);
#1539=EDGE_CURVE('',#1764,#1768,#41,.F.);
#1540=EDGE_CURVE('',#1750,#1801,#300,.T.);
#1541=EDGE_CURVE('',#1751,#1749,#301,.T.);
#1542=EDGE_CURVE('',#1746,#1750,#302,.T.);
#1543=EDGE_CURVE('',#1812,#1751,#303,.T.);
#1544=EDGE_CURVE('',#1746,#1801,#304,.F.);
#1545=EDGE_CURVE('',#1812,#1749,#305,.F.);
#1546=EDGE_CURVE('',#1798,#1743,#42,.T.);
#1547=EDGE_CURVE('',#1799,#1742,#306,.T.);
#1548=EDGE_CURVE('',#1747,#1800,#307,.T.);
#1549=EDGE_CURVE('',#1813,#1748,#308,.T.);
#1550=EDGE_CURVE('',#1744,#1809,#43,.T.);
#1551=EDGE_CURVE('',#1745,#1808,#309,.T.);
#1552=EDGE_CURVE('',#1747,#1742,#310,.T.);
#1553=EDGE_CURVE('',#1745,#1748,#311,.F.);
#1554=EDGE_CURVE('',#1771,#1785,#312,.T.);
#1555=EDGE_CURVE('',#1786,#1810,#313,.T.);
#1556=EDGE_CURVE('',#1787,#1809,#314,.T.);
#1557=EDGE_CURVE('',#1772,#1784,#315,.T.);
#1558=EDGE_CURVE('',#1780,#1744,#316,.T.);
#1559=EDGE_CURVE('',#1797,#1783,#317,.T.);
#1560=EDGE_CURVE('',#1781,#1743,#318,.T.);
#1561=EDGE_CURVE('',#1798,#1782,#319,.T.);
#1562=VERTEX_POINT('',#4305);
#1563=VERTEX_POINT('',#4306);
#1564=VERTEX_POINT('',#4308);
#1565=VERTEX_POINT('',#4310);
#1566=VERTEX_POINT('',#4314);
#1567=VERTEX_POINT('',#4316);
#1568=VERTEX_POINT('',#4320);
#1569=VERTEX_POINT('',#4322);
#1570=VERTEX_POINT('',#4324);
#1571=VERTEX_POINT('',#4326);
#1572=VERTEX_POINT('',#4328);
#1573=VERTEX_POINT('',#4330);
#1574=VERTEX_POINT('',#4332);
#1575=VERTEX_POINT('',#4334);
#1576=VERTEX_POINT('',#4336);
#1577=VERTEX_POINT('',#4338);
#1578=VERTEX_POINT('',#4340);
#1579=VERTEX_POINT('',#4344);
#1580=VERTEX_POINT('',#4345);
#1581=VERTEX_POINT('',#4347);
#1582=VERTEX_POINT('',#4349);
#1583=VERTEX_POINT('',#4351);
#1584=VERTEX_POINT('',#4353);
#1585=VERTEX_POINT('',#4355);
#1586=VERTEX_POINT('',#4357);
#1587=VERTEX_POINT('',#4359);
#1588=VERTEX_POINT('',#4361);
#1589=VERTEX_POINT('',#4363);
#1590=VERTEX_POINT('',#4365);
#1591=VERTEX_POINT('',#4367);
#1592=VERTEX_POINT('',#4371);
#1593=VERTEX_POINT('',#4373);
#1594=VERTEX_POINT('',#4377);
#1595=VERTEX_POINT('',#4379);
#1596=VERTEX_POINT('',#4390);
#1597=VERTEX_POINT('',#4394);
#1598=VERTEX_POINT('',#4395);
#1599=VERTEX_POINT('',#4397);
#1600=VERTEX_POINT('',#4399);
#1601=VERTEX_POINT('',#4406);
#1602=VERTEX_POINT('',#4408);
#1603=VERTEX_POINT('',#4412);
#1604=VERTEX_POINT('',#4414);
#1605=VERTEX_POINT('',#4427);
#1606=VERTEX_POINT('',#4429);
#1607=VERTEX_POINT('',#4431);
#1608=VERTEX_POINT('',#4433);
#1609=VERTEX_POINT('',#4446);
#1610=VERTEX_POINT('',#4448);
#1611=VERTEX_POINT('',#4452);
#1612=VERTEX_POINT('',#4456);
#1613=VERTEX_POINT('',#4462);
#1614=VERTEX_POINT('',#4465);
#1615=VERTEX_POINT('',#4470);
#1616=VERTEX_POINT('',#4471);
#1617=VERTEX_POINT('',#4473);
#1618=VERTEX_POINT('',#4475);
#1619=VERTEX_POINT('',#4477);
#1620=VERTEX_POINT('',#4479);
#1621=VERTEX_POINT('',#4481);
#1622=VERTEX_POINT('',#4483);
#1623=VERTEX_POINT('',#4485);
#1624=VERTEX_POINT('',#4487);
#1625=VERTEX_POINT('',#4491);
#1626=VERTEX_POINT('',#4492);
#1627=VERTEX_POINT('',#4494);
#1628=VERTEX_POINT('',#4496);
#1629=VERTEX_POINT('',#4500);
#1630=VERTEX_POINT('',#4502);
#1631=VERTEX_POINT('',#4506);
#1632=VERTEX_POINT('',#4508);
#1633=VERTEX_POINT('',#4512);
#1634=VERTEX_POINT('',#4514);
#1635=VERTEX_POINT('',#4522);
#1636=VERTEX_POINT('',#4524);
#1637=VERTEX_POINT('',#4528);
#1638=VERTEX_POINT('',#4529);
#1639=VERTEX_POINT('',#4531);
#1640=VERTEX_POINT('',#4533);
#1641=VERTEX_POINT('',#4552);
#1642=VERTEX_POINT('',#4554);
#1643=VERTEX_POINT('',#4557);
#1644=VERTEX_POINT('',#4559);
#1645=VERTEX_POINT('',#4565);
#1646=VERTEX_POINT('',#4567);
#1647=VERTEX_POINT('',#4570);
#1648=VERTEX_POINT('',#4572);
#1649=VERTEX_POINT('',#4575);
#1650=VERTEX_POINT('',#4579);
#1651=VERTEX_POINT('',#4586);
#1652=VERTEX_POINT('',#4587);
#1653=VERTEX_POINT('',#4589);
#1654=VERTEX_POINT('',#4591);
#1655=VERTEX_POINT('',#4595);
#1656=VERTEX_POINT('',#4597);
#1657=VERTEX_POINT('',#4601);
#1658=VERTEX_POINT('',#4603);
#1659=VERTEX_POINT('',#4610);
#1660=VERTEX_POINT('',#4612);
#1661=VERTEX_POINT('',#4621);
#1662=VERTEX_POINT('',#4623);
#1663=VERTEX_POINT('',#4626);
#1664=VERTEX_POINT('',#4628);
#1665=VERTEX_POINT('',#4631);
#1666=VERTEX_POINT('',#4635);
#1667=VERTEX_POINT('',#4656);
#1668=VERTEX_POINT('',#4657);
#1669=VERTEX_POINT('',#4659);
#1670=VERTEX_POINT('',#4670);
#1671=VERTEX_POINT('',#4681);
#1672=VERTEX_POINT('',#4683);
#1673=VERTEX_POINT('',#4685);
#1674=VERTEX_POINT('',#4689);
#1675=VERTEX_POINT('',#4690);
#1676=VERTEX_POINT('',#4692);
#1677=VERTEX_POINT('',#4694);
#1678=VERTEX_POINT('',#4696);
#1679=VERTEX_POINT('',#4698);
#1680=VERTEX_POINT('',#4702);
#1681=VERTEX_POINT('',#4703);
#1682=VERTEX_POINT('',#4705);
#1683=VERTEX_POINT('',#4707);
#1684=VERTEX_POINT('',#4709);
#1685=VERTEX_POINT('',#4711);
#1686=VERTEX_POINT('',#4713);
#1687=VERTEX_POINT('',#4717);
#1688=VERTEX_POINT('',#4718);
#1689=VERTEX_POINT('',#4720);
#1690=VERTEX_POINT('',#4722);
#1691=VERTEX_POINT('',#4724);
#1692=VERTEX_POINT('',#4726);
#1693=VERTEX_POINT('',#4730);
#1694=VERTEX_POINT('',#4731);
#1695=VERTEX_POINT('',#4733);
#1696=VERTEX_POINT('',#4735);
#1697=VERTEX_POINT('',#4737);
#1698=VERTEX_POINT('',#4739);
#1699=VERTEX_POINT('',#4743);
#1700=VERTEX_POINT('',#4744);
#1701=VERTEX_POINT('',#4746);
#1702=VERTEX_POINT('',#4748);
#1703=VERTEX_POINT('',#4752);
#1704=VERTEX_POINT('',#4754);
#1705=VERTEX_POINT('',#4756);
#1706=VERTEX_POINT('',#4760);
#1707=VERTEX_POINT('',#4761);
#1708=VERTEX_POINT('',#4763);
#1709=VERTEX_POINT('',#4766);
#1710=VERTEX_POINT('',#4774);
#1711=VERTEX_POINT('',#4776);
#1712=VERTEX_POINT('',#4778);
#1713=VERTEX_POINT('',#4783);
#1714=VERTEX_POINT('',#4829);
#1715=VERTEX_POINT('',#4839);
#1716=VERTEX_POINT('',#4841);
#1717=VERTEX_POINT('',#4845);
#1718=VERTEX_POINT('',#4846);
#1719=VERTEX_POINT('',#4848);
#1720=VERTEX_POINT('',#4850);
#1721=VERTEX_POINT('',#4854);
#1722=VERTEX_POINT('',#4856);
#1723=VERTEX_POINT('',#4860);
#1724=VERTEX_POINT('',#4862);
#1725=VERTEX_POINT('',#4866);
#1726=VERTEX_POINT('',#4868);
#1727=VERTEX_POINT('',#4874);
#1728=VERTEX_POINT('',#4876);
#1729=VERTEX_POINT('',#4879);
#1730=VERTEX_POINT('',#4880);
#1731=VERTEX_POINT('',#4896);
#1732=VERTEX_POINT('',#4898);
#1733=VERTEX_POINT('',#4979);
#1734=VERTEX_POINT('',#5069);
#1735=VERTEX_POINT('',#5070);
#1736=VERTEX_POINT('',#5072);
#1737=VERTEX_POINT('',#5074);
#1738=VERTEX_POINT('',#5078);
#1739=VERTEX_POINT('',#5079);
#1740=VERTEX_POINT('',#5081);
#1741=VERTEX_POINT('',#5083);
#1742=VERTEX_POINT('',#5087);
#1743=VERTEX_POINT('',#5088);
#1744=VERTEX_POINT('',#5090);
#1745=VERTEX_POINT('',#5092);
#1746=VERTEX_POINT('',#5096);
#1747=VERTEX_POINT('',#5097);
#1748=VERTEX_POINT('',#5099);
#1749=VERTEX_POINT('',#5101);
#1750=VERTEX_POINT('',#5105);
#1751=VERTEX_POINT('',#5106);
#1752=VERTEX_POINT('',#5108);
#1753=VERTEX_POINT('',#5110);
#1754=VERTEX_POINT('',#5114);
#1755=VERTEX_POINT('',#5116);
#1756=VERTEX_POINT('',#5118);
#1757=VERTEX_POINT('',#5120);
#1758=VERTEX_POINT('',#5124);
#1759=VERTEX_POINT('',#5126);
#1760=VERTEX_POINT('',#5130);
#1761=VERTEX_POINT('',#5132);
#1762=VERTEX_POINT('',#5136);
#1763=VERTEX_POINT('',#5138);
#1764=VERTEX_POINT('',#5142);
#1765=VERTEX_POINT('',#5144);
#1766=VERTEX_POINT('',#5148);
#1767=VERTEX_POINT('',#5149);
#1768=VERTEX_POINT('',#5151);
#1769=VERTEX_POINT('',#5153);
#1770=VERTEX_POINT('',#5157);
#1771=VERTEX_POINT('',#5158);
#1772=VERTEX_POINT('',#5160);
#1773=VERTEX_POINT('',#5162);
#1774=VERTEX_POINT('',#5166);
#1775=VERTEX_POINT('',#5168);
#1776=VERTEX_POINT('',#5184);
#1777=VERTEX_POINT('',#5185);
#1778=VERTEX_POINT('',#5187);
#1779=VERTEX_POINT('',#5193);
#1780=VERTEX_POINT('',#5197);
#1781=VERTEX_POINT('',#5198);
#1782=VERTEX_POINT('',#5200);
#1783=VERTEX_POINT('',#5202);
#1784=VERTEX_POINT('',#5208);
#1785=VERTEX_POINT('',#5210);
#1786=VERTEX_POINT('',#5216);
#1787=VERTEX_POINT('',#5218);
#1788=VERTEX_POINT('',#5222);
#1789=VERTEX_POINT('',#5224);
#1790=VERTEX_POINT('',#5227);
#1791=VERTEX_POINT('',#5228);
#1792=VERTEX_POINT('',#5230);
#1793=VERTEX_POINT('',#5238);
#1794=VERTEX_POINT('',#5240);
#1795=VERTEX_POINT('',#5242);
#1796=VERTEX_POINT('',#5245);
#1797=VERTEX_POINT('',#5246);
#1798=VERTEX_POINT('',#5248);
#1799=VERTEX_POINT('',#5250);
#1800=VERTEX_POINT('',#5252);
#1801=VERTEX_POINT('',#5254);
#1802=VERTEX_POINT('',#5264);
#1803=VERTEX_POINT('',#5265);
#1804=VERTEX_POINT('',#5267);
#1805=VERTEX_POINT('',#5269);
#1806=VERTEX_POINT('',#5271);
#1807=VERTEX_POINT('',#5273);
#1808=VERTEX_POINT('',#5276);
#1809=VERTEX_POINT('',#5277);
#1810=VERTEX_POINT('',#5279);
#1811=VERTEX_POINT('',#5281);
#1812=VERTEX_POINT('',#5284);
#1813=VERTEX_POINT('',#5286);
#1814=LINE('',#4304,#2050);
#1815=LINE('',#4307,#2051);
#1816=LINE('',#4309,#2052);
#1817=LINE('',#4311,#2053);
#1818=LINE('',#4313,#2054);
#1819=LINE('',#4315,#2055);
#1820=LINE('',#4317,#2056);
#1821=LINE('',#4319,#2057);
#1822=LINE('',#4321,#2058);
#1823=LINE('',#4323,#2059);
#1824=LINE('',#4325,#2060);
#1825=LINE('',#4327,#2061);
#1826=LINE('',#4329,#2062);
#1827=LINE('',#4331,#2063);
#1828=LINE('',#4333,#2064);
#1829=LINE('',#4335,#2065);
#1830=LINE('',#4337,#2066);
#1831=LINE('',#4339,#2067);
#1832=LINE('',#4341,#2068);
#1833=LINE('',#4343,#2069);
#1834=LINE('',#4346,#2070);
#1835=LINE('',#4348,#2071);
#1836=LINE('',#4350,#2072);
#1837=LINE('',#4352,#2073);
#1838=LINE('',#4354,#2074);
#1839=LINE('',#4356,#2075);
#1840=LINE('',#4358,#2076);
#1841=LINE('',#4360,#2077);
#1842=LINE('',#4362,#2078);
#1843=LINE('',#4364,#2079);
#1844=LINE('',#4366,#2080);
#1845=LINE('',#4368,#2081);
#1846=LINE('',#4370,#2082);
#1847=LINE('',#4372,#2083);
#1848=LINE('',#4374,#2084);
#1849=LINE('',#4376,#2085);
#1850=LINE('',#4378,#2086);
#1851=LINE('',#4380,#2087);
#1852=LINE('',#4385,#2088);
#1853=LINE('',#4387,#2089);
#1854=LINE('',#4389,#2090);
#1855=LINE('',#4391,#2091);
#1856=LINE('',#4393,#2092);
#1857=LINE('',#4396,#2093);
#1858=LINE('',#4398,#2094);
#1859=LINE('',#4400,#2095);
#1860=LINE('',#4402,#2096);
#1861=LINE('',#4403,#2097);
#1862=LINE('',#4405,#2098);
#1863=LINE('',#4407,#2099);
#1864=LINE('',#4409,#2100);
#1865=LINE('',#4411,#2101);
#1866=LINE('',#4413,#2102);
#1867=LINE('',#4415,#2103);
#1868=LINE('',#4420,#2104);
#1869=LINE('',#4422,#2105);
#1870=LINE('',#4424,#2106);
#1871=LINE('',#4428,#2107);
#1872=LINE('',#4432,#2108);
#1873=LINE('',#4435,#2109);
#1874=LINE('',#4439,#2110);
#1875=LINE('',#4445,#2111);
#1876=LINE('',#4449,#2112);
#1877=LINE('',#4451,#2113);
#1878=LINE('',#4453,#2114);
#1879=LINE('',#4455,#2115);
#1880=LINE('',#4459,#2116);
#1881=LINE('',#4469,#2117);
#1882=LINE('',#4474,#2118);
#1883=LINE('',#4478,#2119);
#1884=LINE('',#4482,#2120);
#1885=LINE('',#4484,#2121);
#1886=LINE('',#4486,#2122);
#1887=LINE('',#4488,#2123);
#1888=LINE('',#4490,#2124);
#1889=LINE('',#4493,#2125);
#1890=LINE('',#4495,#2126);
#1891=LINE('',#4497,#2127);
#1892=LINE('',#4499,#2128);
#1893=LINE('',#4501,#2129);
#1894=LINE('',#4503,#2130);
#1895=LINE('',#4505,#2131);
#1896=LINE('',#4507,#2132);
#1897=LINE('',#4509,#2133);
#1898=LINE('',#4511,#2134);
#1899=LINE('',#4513,#2135);
#1900=LINE('',#4515,#2136);
#1901=LINE('',#4517,#2137);
#1902=LINE('',#4518,#2138);
#1903=LINE('',#4519,#2139);
#1904=LINE('',#4521,#2140);
#1905=LINE('',#4523,#2141);
#1906=LINE('',#4525,#2142);
#1907=LINE('',#4530,#2143);
#1908=LINE('',#4534,#2144);
#1909=LINE('',#4535,#2145);
#1910=LINE('',#4536,#2146);
#1911=LINE('',#4542,#2147);
#1912=LINE('',#4543,#2148);
#1913=LINE('',#4545,#2149);
#1914=LINE('',#4547,#2150);
#1915=LINE('',#4588,#2151);
#1916=LINE('',#4592,#2152);
#1917=LINE('',#4594,#2153);
#1918=LINE('',#4596,#2154);
#1919=LINE('',#4598,#2155);
#1920=LINE('',#4602,#2156);
#1921=LINE('',#4606,#2157);
#1922=LINE('',#4607,#2158);
#1923=LINE('',#4655,#2159);
#1924=LINE('',#4658,#2160);
#1925=LINE('',#4682,#2161);
#1926=LINE('',#4684,#2162);
#1927=LINE('',#4686,#2163);
#1928=LINE('',#4691,#2164);
#1929=LINE('',#4693,#2165);
#1930=LINE('',#4695,#2166);
#1931=LINE('',#4699,#2167);
#1932=LINE('',#4701,#2168);
#1933=LINE('',#4708,#2169);
#1934=LINE('',#4710,#2170);
#1935=LINE('',#4712,#2171);
#1936=LINE('',#4716,#2172);
#1937=LINE('',#4719,#2173);
#1938=LINE('',#4723,#2174);
#1939=LINE('',#4727,#2175);
#1940=LINE('',#4729,#2176);
#1941=LINE('',#4732,#2177);
#1942=LINE('',#4736,#2178);
#1943=LINE('',#4740,#2179);
#1944=LINE('',#4742,#2180);
#1945=LINE('',#4745,#2181);
#1946=LINE('',#4747,#2182);
#1947=LINE('',#4749,#2183);
#1948=LINE('',#4751,#2184);
#1949=LINE('',#4753,#2185);
#1950=LINE('',#4755,#2186);
#1951=LINE('',#4757,#2187);
#1952=LINE('',#4759,#2188);
#1953=LINE('',#4762,#2189);
#1954=LINE('',#4764,#2190);
#1955=LINE('',#4765,#2191);
#1956=LINE('',#4769,#2192);
#1957=LINE('',#4770,#2193);
#1958=LINE('',#4771,#2194);
#1959=LINE('',#4775,#2195);
#1960=LINE('',#4777,#2196);
#1961=LINE('',#4779,#2197);
#1962=LINE('',#4780,#2198);
#1963=LINE('',#4782,#2199);
#1964=LINE('',#4784,#2200);
#1965=LINE('',#4785,#2201);
#1966=LINE('',#4789,#2202);
#1967=LINE('',#4795,#2203);
#1968=LINE('',#4802,#2204);
#1969=LINE('',#4803,#2205);
#1970=LINE('',#4810,#2206);
#1971=LINE('',#4838,#2207);
#1972=LINE('',#4840,#2208);
#1973=LINE('',#4842,#2209);
#1974=LINE('',#4844,#2210);
#1975=LINE('',#4849,#2211);
#1976=LINE('',#4851,#2212);
#1977=LINE('',#4853,#2213);
#1978=LINE('',#4855,#2214);
#1979=LINE('',#4857,#2215);
#1980=LINE('',#4859,#2216);
#1981=LINE('',#4861,#2217);
#1982=LINE('',#4863,#2218);
#1983=LINE('',#4870,#2219);
#1984=LINE('',#4871,#2220);
#1985=LINE('',#4878,#2221);
#1986=LINE('',#4881,#2222);
#1987=LINE('',#4895,#2223);
#1988=LINE('',#4897,#2224);
#1989=LINE('',#5068,#2225);
#1990=LINE('',#5071,#2226);
#1991=LINE('',#5073,#2227);
#1992=LINE('',#5075,#2228);
#1993=LINE('',#5077,#2229);
#1994=LINE('',#5080,#2230);
#1995=LINE('',#5082,#2231);
#1996=LINE('',#5084,#2232);
#1997=LINE('',#5086,#2233);
#1998=LINE('',#5089,#2234);
#1999=LINE('',#5091,#2235);
#2000=LINE('',#5093,#2236);
#2001=LINE('',#5095,#2237);
#2002=LINE('',#5098,#2238);
#2003=LINE('',#5100,#2239);
#2004=LINE('',#5102,#2240);
#2005=LINE('',#5104,#2241);
#2006=LINE('',#5107,#2242);
#2007=LINE('',#5109,#2243);
#2008=LINE('',#5111,#2244);
#2009=LINE('',#5115,#2245);
#2010=LINE('',#5117,#2246);
#2011=LINE('',#5119,#2247);
#2012=LINE('',#5123,#2248);
#2013=LINE('',#5125,#2249);
#2014=LINE('',#5127,#2250);
#2015=LINE('',#5129,#2251);
#2016=LINE('',#5131,#2252);
#2017=LINE('',#5133,#2253);
#2018=LINE('',#5135,#2254);
#2019=LINE('',#5137,#2255);
#2020=LINE('',#5139,#2256);
#2021=LINE('',#5141,#2257);
#2022=LINE('',#5143,#2258);
#2023=LINE('',#5145,#2259);
#2024=LINE('',#5147,#2260);
#2025=LINE('',#5150,#2261);
#2026=LINE('',#5152,#2262);
#2027=LINE('',#5154,#2263);
#2028=LINE('',#5159,#2264);
#2029=LINE('',#5163,#2265);
#2030=LINE('',#5186,#2266);
#2031=LINE('',#5194,#2267);
#2032=LINE('',#5196,#2268);
#2033=LINE('',#5201,#2269);
#2034=LINE('',#5209,#2270);
#2035=LINE('',#5217,#2271);
#2036=LINE('',#5226,#2272);
#2037=LINE('',#5241,#2273);
#2038=LINE('',#5247,#2274);
#2039=LINE('',#5249,#2275);
#2040=LINE('',#5253,#2276);
#2041=LINE('',#5255,#2277);
#2042=LINE('',#5256,#2278);
#2043=LINE('',#5268,#2279);
#2044=LINE('',#5272,#2280);
#2045=LINE('',#5275,#2281);
#2046=LINE('',#5278,#2282);
#2047=LINE('',#5282,#2283);
#2048=LINE('',#5283,#2284);
#2049=LINE('',#5285,#2285);
#2050=VECTOR('',#3404,1.);
#2051=VECTOR('',#3405,1.);
#2052=VECTOR('',#3406,1.);
#2053=VECTOR('',#3407,1.);
#2054=VECTOR('',#3410,1.);
#2055=VECTOR('',#3411,1.);
#2056=VECTOR('',#3412,1.);
#2057=VECTOR('',#3415,1.);
#2058=VECTOR('',#3416,1.);
#2059=VECTOR('',#3417,1.);
#2060=VECTOR('',#3418,1.);
#2061=VECTOR('',#3419,1.);
#2062=VECTOR('',#3420,1.);
#2063=VECTOR('',#3421,1.);
#2064=VECTOR('',#3422,1.);
#2065=VECTOR('',#3423,1.);
#2066=VECTOR('',#3424,1.);
#2067=VECTOR('',#3425,1.);
#2068=VECTOR('',#3426,1.);
#2069=VECTOR('',#3429,1.);
#2070=VECTOR('',#3430,1.);
#2071=VECTOR('',#3431,1.);
#2072=VECTOR('',#3432,1.);
#2073=VECTOR('',#3433,1.);
#2074=VECTOR('',#3434,1.);
#2075=VECTOR('',#3435,1.);
#2076=VECTOR('',#3436,1.);
#2077=VECTOR('',#3437,1.);
#2078=VECTOR('',#3438,1.);
#2079=VECTOR('',#3439,1.);
#2080=VECTOR('',#3440,1.);
#2081=VECTOR('',#3441,1.);
#2082=VECTOR('',#3444,1.);
#2083=VECTOR('',#3445,1.);
#2084=VECTOR('',#3446,1.);
#2085=VECTOR('',#3449,1.);
#2086=VECTOR('',#3450,1.);
#2087=VECTOR('',#3451,1.);
#2088=VECTOR('',#3460,1.);
#2089=VECTOR('',#3463,1.);
#2090=VECTOR('',#3466,1.);
#2091=VECTOR('',#3467,1.);
#2092=VECTOR('',#3470,1.);
#2093=VECTOR('',#3471,1.);
#2094=VECTOR('',#3472,1.);
#2095=VECTOR('',#3473,1.);
#2096=VECTOR('',#3476,1.);
#2097=VECTOR('',#3477,1.);
#2098=VECTOR('',#3480,1.);
#2099=VECTOR('',#3481,1.);
#2100=VECTOR('',#3482,1.);
#2101=VECTOR('',#3485,1.);
#2102=VECTOR('',#3486,1.);
#2103=VECTOR('',#3487,1.);
#2104=VECTOR('',#3496,1.);
#2105=VECTOR('',#3499,1.);
#2106=VECTOR('',#3502,1.);
#2107=VECTOR('',#3507,1.);
#2108=VECTOR('',#3510,1.);
#2109=VECTOR('',#3513,1.);
#2110=VECTOR('',#3520,1.);
#2111=VECTOR('',#3531,1.);
#2112=VECTOR('',#3534,1.);
#2113=VECTOR('',#3537,1.);
#2114=VECTOR('',#3538,1.);
#2115=VECTOR('',#3541,1.);
#2116=VECTOR('',#3546,1.);
#2117=VECTOR('',#3561,1.);
#2118=VECTOR('',#3564,1.);
#2119=VECTOR('',#3567,1.);
#2120=VECTOR('',#3570,1.);
#2121=VECTOR('',#3571,1.);
#2122=VECTOR('',#3572,1.);
#2123=VECTOR('',#3573,1.);
#2124=VECTOR('',#3576,1.);
#2125=VECTOR('',#3577,1.);
#2126=VECTOR('',#3578,1.);
#2127=VECTOR('',#3579,1.);
#2128=VECTOR('',#3582,1.);
#2129=VECTOR('',#3583,1.);
#2130=VECTOR('',#3584,1.);
#2131=VECTOR('',#3587,1.);
#2132=VECTOR('',#3588,1.);
#2133=VECTOR('',#3589,1.);
#2134=VECTOR('',#3592,1.);
#2135=VECTOR('',#3593,1.);
#2136=VECTOR('',#3594,1.);
#2137=VECTOR('',#3597,1.);
#2138=VECTOR('',#3598,1.);
#2139=VECTOR('',#3599,1.);
#2140=VECTOR('',#3602,1.);
#2141=VECTOR('',#3603,1.);
#2142=VECTOR('',#3604,1.);
#2143=VECTOR('',#3609,1.);
#2144=VECTOR('',#3612,1.);
#2145=VECTOR('',#3613,1.);
#2146=VECTOR('',#3614,1.);
#2147=VECTOR('',#3625,1.);
#2148=VECTOR('',#3626,1.);
#2149=VECTOR('',#3629,1.);
#2150=VECTOR('',#3632,1.);
#2151=VECTOR('',#3689,1.);
#2152=VECTOR('',#3692,1.);
#2153=VECTOR('',#3695,1.);
#2154=VECTOR('',#3696,1.);
#2155=VECTOR('',#3697,1.);
#2156=VECTOR('',#3702,1.);
#2157=VECTOR('',#3707,1.);
#2158=VECTOR('',#3708,1.);
#2159=VECTOR('',#3787,1.);
#2160=VECTOR('',#3788,1.);
#2161=VECTOR('',#3789,1.);
#2162=VECTOR('',#3790,1.);
#2163=VECTOR('',#3791,1.);
#2164=VECTOR('',#3796,1.);
#2165=VECTOR('',#3797,1.);
#2166=VECTOR('',#3798,1.);
#2167=VECTOR('',#3801,1.);
#2168=VECTOR('',#3804,1.);
#2169=VECTOR('',#3809,1.);
#2170=VECTOR('',#3810,1.);
#2171=VECTOR('',#3811,1.);
#2172=VECTOR('',#3816,1.);
#2173=VECTOR('',#3817,1.);
#2174=VECTOR('',#3820,1.);
#2175=VECTOR('',#3823,1.);
#2176=VECTOR('',#3826,1.);
#2177=VECTOR('',#3827,1.);
#2178=VECTOR('',#3830,1.);
#2179=VECTOR('',#3833,1.);
#2180=VECTOR('',#3836,1.);
#2181=VECTOR('',#3837,1.);
#2182=VECTOR('',#3838,1.);
#2183=VECTOR('',#3839,1.);
#2184=VECTOR('',#3842,1.);
#2185=VECTOR('',#3843,1.);
#2186=VECTOR('',#3844,1.);
#2187=VECTOR('',#3845,1.);
#2188=VECTOR('',#3848,1.);
#2189=VECTOR('',#3849,1.);
#2190=VECTOR('',#3850,1.);
#2191=VECTOR('',#3851,1.);
#2192=VECTOR('',#3856,1.);
#2193=VECTOR('',#3857,1.);
#2194=VECTOR('',#3858,1.);
#2195=VECTOR('',#3863,1.);
#2196=VECTOR('',#3864,1.);
#2197=VECTOR('',#3865,1.);
#2198=VECTOR('',#3866,1.);
#2199=VECTOR('',#3869,1.);
#2200=VECTOR('',#3870,1.);
#2201=VECTOR('',#3871,1.);
#2202=VECTOR('',#3878,1.);
#2203=VECTOR('',#3879,1.);
#2204=VECTOR('',#3882,1.);
#2205=VECTOR('',#3883,1.);
#2206=VECTOR('',#3886,1.);
#2207=VECTOR('',#3939,1.);
#2208=VECTOR('',#3940,1.);
#2209=VECTOR('',#3941,1.);
#2210=VECTOR('',#3944,1.);
#2211=VECTOR('',#3947,1.);
#2212=VECTOR('',#3948,1.);
#2213=VECTOR('',#3951,1.);
#2214=VECTOR('',#3952,1.);
#2215=VECTOR('',#3953,1.);
#2216=VECTOR('',#3956,1.);
#2217=VECTOR('',#3957,1.);
#2218=VECTOR('',#3958,1.);
#2219=VECTOR('',#3967,1.);
#2220=VECTOR('',#3968,1.);
#2221=VECTOR('',#3977,1.);
#2222=VECTOR('',#3978,1.);
#2223=VECTOR('',#3981,1.);
#2224=VECTOR('',#3982,1.);
#2225=VECTOR('',#3997,1.);
#2226=VECTOR('',#3998,1.);
#2227=VECTOR('',#3999,1.);
#2228=VECTOR('',#4000,1.);
#2229=VECTOR('',#4003,1.);
#2230=VECTOR('',#4004,1.);
#2231=VECTOR('',#4005,1.);
#2232=VECTOR('',#4006,1.);
#2233=VECTOR('',#4009,1.);
#2234=VECTOR('',#4010,1.);
#2235=VECTOR('',#4011,1.);
#2236=VECTOR('',#4012,1.);
#2237=VECTOR('',#4015,1.);
#2238=VECTOR('',#4016,1.);
#2239=VECTOR('',#4017,1.);
#2240=VECTOR('',#4018,1.);
#2241=VECTOR('',#4021,1.);
#2242=VECTOR('',#4022,1.);
#2243=VECTOR('',#4023,1.);
#2244=VECTOR('',#4024,1.);
#2245=VECTOR('',#4029,1.);
#2246=VECTOR('',#4030,1.);
#2247=VECTOR('',#4031,1.);
#2248=VECTOR('',#4036,1.);
#2249=VECTOR('',#4037,1.);
#2250=VECTOR('',#4038,1.);
#2251=VECTOR('',#4041,1.);
#2252=VECTOR('',#4042,1.);
#2253=VECTOR('',#4043,1.);
#2254=VECTOR('',#4046,1.);
#2255=VECTOR('',#4047,1.);
#2256=VECTOR('',#4048,1.);
#2257=VECTOR('',#4051,1.);
#2258=VECTOR('',#4052,1.);
#2259=VECTOR('',#4053,1.);
#2260=VECTOR('',#4056,1.);
#2261=VECTOR('',#4057,1.);
#2262=VECTOR('',#4058,1.);
#2263=VECTOR('',#4059,1.);
#2264=VECTOR('',#4064,1.);
#2265=VECTOR('',#4067,1.);
#2266=VECTOR('',#4074,1.);
#2267=VECTOR('',#4075,1.);
#2268=VECTOR('',#4078,1.);
#2269=VECTOR('',#4081,1.);
#2270=VECTOR('',#4082,1.);
#2271=VECTOR('',#4083,1.);
#2272=VECTOR('',#4094,1.);
#2273=VECTOR('',#4099,1.);
#2274=VECTOR('',#4104,1.);
#2275=VECTOR('',#4105,1.);
#2276=VECTOR('',#4108,1.);
#2277=VECTOR('',#4109,1.);
#2278=VECTOR('',#4110,1.);
#2279=VECTOR('',#4115,1.);
#2280=VECTOR('',#4118,1.);
#2281=VECTOR('',#4121,1.);
#2282=VECTOR('',#4122,1.);
#2283=VECTOR('',#4125,1.);
#2284=VECTOR('',#4126,1.);
#2285=VECTOR('',#4127,1.);
#2286=EDGE_LOOP('',(#380,#381,#382,#383));
#2287=EDGE_LOOP('',(#384,#385,#386,#387));
#2288=EDGE_LOOP('',(#388,#389,#390,#391,#392,#393,#394,#395,#396,#397,#398,
#399,#400));
#2289=EDGE_LOOP('',(#401,#402,#403,#404,#405,#406,#407,#408,#409,#410,#411,
#412,#413));
#2290=EDGE_LOOP('',(#414,#415,#416,#417));
#2291=EDGE_LOOP('',(#418,#419,#420,#421));
#2292=EDGE_LOOP('',(#422,#423,#424,#425));
#2293=EDGE_LOOP('',(#426,#427,#428,#429,#430,#431,#432,#433));
#2294=EDGE_LOOP('',(#434,#435,#436,#437,#438,#439,#440,#441));
#2295=EDGE_LOOP('',(#442,#443,#444,#445,#446));
#2296=EDGE_LOOP('',(#447,#448,#449,#450));
#2297=EDGE_LOOP('',(#451,#452,#453,#454));
#2298=EDGE_LOOP('',(#455,#456,#457,#458));
#2299=EDGE_LOOP('',(#459,#460,#461,#462));
#2300=EDGE_LOOP('',(#463,#464,#465,#466));
#2301=EDGE_LOOP('',(#467,#468,#469,#470,#471,#472,#473,#474));
#2302=EDGE_LOOP('',(#475,#476,#477,#478,#479,#480,#481,#482));
#2303=EDGE_LOOP('',(#483,#484,#485,#486));
#2304=EDGE_LOOP('',(#487,#488,#489,#490,#491,#492,#493,#494));
#2305=EDGE_LOOP('',(#495,#496,#497));
#2306=EDGE_LOOP('',(#498,#499,#500,#501));
#2307=EDGE_LOOP('',(#502,#503,#504,#505));
#2308=EDGE_LOOP('',(#506,#507,#508));
#2309=EDGE_LOOP('',(#509,#510,#511,#512));
#2310=EDGE_LOOP('',(#513,#514,#515,#516,#517,#518,#519));
#2311=EDGE_LOOP('',(#520,#521,#522,#523));
#2312=EDGE_LOOP('',(#524,#525,#526,#527));
#2313=EDGE_LOOP('',(#528,#529,#530,#531));
#2314=EDGE_LOOP('',(#532));
#2315=EDGE_LOOP('',(#533,#534,#535,#536));
#2316=EDGE_LOOP('',(#537));
#2317=EDGE_LOOP('',(#538));
#2318=EDGE_LOOP('',(#539));
#2319=EDGE_LOOP('',(#540,#541,#542,#543,#544,#545,#546,#547,#548,#549));
#2320=EDGE_LOOP('',(#550,#551,#552,#553));
#2321=EDGE_LOOP('',(#554,#555,#556,#557));
#2322=EDGE_LOOP('',(#558,#559,#560,#561));
#2323=EDGE_LOOP('',(#562,#563,#564,#565));
#2324=EDGE_LOOP('',(#566,#567,#568,#569,#570,#571));
#2325=EDGE_LOOP('',(#572,#573,#574,#575));
#2326=EDGE_LOOP('',(#576,#577,#578,#579));
#2327=EDGE_LOOP('',(#580,#581,#582,#583));
#2328=EDGE_LOOP('',(#584,#585,#586,#587,#588,#589,#590,#591));
#2329=EDGE_LOOP('',(#592,#593,#594,#595,#596,#597,#598,#599));
#2330=EDGE_LOOP('',(#600,#601));
#2331=EDGE_LOOP('',(#602,#603,#604,#605,#606,#607));
#2332=EDGE_LOOP('',(#608,#609,#610,#611));
#2333=EDGE_LOOP('',(#612,#613,#614,#615));
#2334=EDGE_LOOP('',(#616,#617,#618,#619));
#2335=EDGE_LOOP('',(#620));
#2336=EDGE_LOOP('',(#621));
#2337=EDGE_LOOP('',(#622));
#2338=EDGE_LOOP('',(#623));
#2339=EDGE_LOOP('',(#624));
#2340=EDGE_LOOP('',(#625));
#2341=EDGE_LOOP('',(#626));
#2342=EDGE_LOOP('',(#627));
#2343=EDGE_LOOP('',(#628));
#2344=EDGE_LOOP('',(#629));
#2345=EDGE_LOOP('',(#630));
#2346=EDGE_LOOP('',(#631));
#2347=EDGE_LOOP('',(#632));
#2348=EDGE_LOOP('',(#633));
#2349=EDGE_LOOP('',(#634));
#2350=EDGE_LOOP('',(#635));
#2351=EDGE_LOOP('',(#636));
#2352=EDGE_LOOP('',(#637));
#2353=EDGE_LOOP('',(#638));
#2354=EDGE_LOOP('',(#639));
#2355=EDGE_LOOP('',(#640,#641,#642,#643));
#2356=EDGE_LOOP('',(#644,#645,#646,#647));
#2357=EDGE_LOOP('',(#648,#649,#650,#651));
#2358=EDGE_LOOP('',(#652,#653,#654,#655));
#2359=EDGE_LOOP('',(#656));
#2360=EDGE_LOOP('',(#657));
#2361=EDGE_LOOP('',(#658,#659,#660,#661));
#2362=EDGE_LOOP('',(#662));
#2363=EDGE_LOOP('',(#663,#664,#665,#666));
#2364=EDGE_LOOP('',(#667));
#2365=EDGE_LOOP('',(#668));
#2366=EDGE_LOOP('',(#669));
#2367=EDGE_LOOP('',(#670));
#2368=EDGE_LOOP('',(#671));
#2369=EDGE_LOOP('',(#672));
#2370=EDGE_LOOP('',(#673));
#2371=EDGE_LOOP('',(#674));
#2372=EDGE_LOOP('',(#675));
#2373=EDGE_LOOP('',(#676));
#2374=EDGE_LOOP('',(#677));
#2375=EDGE_LOOP('',(#678));
#2376=EDGE_LOOP('',(#679));
#2377=EDGE_LOOP('',(#680,#681,#682,#683,#684,#685,#686));
#2378=EDGE_LOOP('',(#687,#688,#689,#690,#691,#692));
#2379=EDGE_LOOP('',(#693,#694,#695,#696,#697,#698,#699));
#2380=EDGE_LOOP('',(#700,#701,#702,#703,#704,#705));
#2381=EDGE_LOOP('',(#706,#707,#708,#709,#710,#711));
#2382=EDGE_LOOP('',(#712,#713,#714,#715));
#2383=EDGE_LOOP('',(#716,#717,#718,#719,#720,#721));
#2384=EDGE_LOOP('',(#722,#723,#724,#725,#726,#727,#728));
#2385=EDGE_LOOP('',(#729,#730,#731,#732,#733,#734));
#2386=EDGE_LOOP('',(#735,#736,#737,#738,#739,#740,#741));
#2387=EDGE_LOOP('',(#742,#743,#744,#745));
#2388=EDGE_LOOP('',(#746,#747));
#2389=EDGE_LOOP('',(#748,#749,#750,#751,#752,#753,#754,#755));
#2390=EDGE_LOOP('',(#756,#757,#758,#759));
#2391=EDGE_LOOP('',(#760,#761,#762,#763,#764,#765,#766,#767));
#2392=EDGE_LOOP('',(#768,#769,#770,#771));
#2393=EDGE_LOOP('',(#772,#773));
#2394=EDGE_LOOP('',(#774,#775,#776,#777));
#2395=EDGE_LOOP('',(#778,#779,#780,#781,#782,#783));
#2396=EDGE_LOOP('',(#784,#785,#786,#787,#788,#789,#790,#791));
#2397=EDGE_LOOP('',(#792,#793,#794,#795,#796,#797));
#2398=EDGE_LOOP('',(#798,#799));
#2399=EDGE_LOOP('',(#800,#801,#802,#803,#804,#805));
#2400=EDGE_LOOP('',(#806,#807,#808));
#2401=EDGE_LOOP('',(#809,#810,#811,#812,#813,#814));
#2402=EDGE_LOOP('',(#815,#816,#817,#818));
#2403=EDGE_LOOP('',(#819,#820,#821,#822));
#2404=EDGE_LOOP('',(#823,#824,#825));
#2405=EDGE_LOOP('',(#826,#827,#828,#829));
#2406=EDGE_LOOP('',(#830,#831,#832,#833));
#2407=EDGE_LOOP('',(#834,#835,#836,#837));
#2408=EDGE_LOOP('',(#838,#839,#840,#841));
#2409=EDGE_LOOP('',(#842));
#2410=EDGE_LOOP('',(#843));
#2411=EDGE_LOOP('',(#844,#845,#846,#847));
#2412=EDGE_LOOP('',(#848));
#2413=EDGE_LOOP('',(#849));
#2414=EDGE_LOOP('',(#850,#851,#852,#853,#854,#855,#856,#857,#858,#859,#860));
#2415=EDGE_LOOP('',(#861));
#2416=EDGE_LOOP('',(#862));
#2417=EDGE_LOOP('',(#863,#864,#865,#866,#867,#868,#869,#870,#871,#872));
#2418=EDGE_LOOP('',(#873));
#2419=EDGE_LOOP('',(#874));
#2420=EDGE_LOOP('',(#875,#876,#877,#878));
#2421=EDGE_LOOP('',(#879,#880,#881,#882,#883));
#2422=EDGE_LOOP('',(#884,#885,#886,#887));
#2423=EDGE_LOOP('',(#888,#889));
#2424=EDGE_LOOP('',(#890,#891,#892,#893));
#2425=EDGE_LOOP('',(#894,#895,#896,#897));
#2426=EDGE_LOOP('',(#898,#899,#900,#901));
#2427=EDGE_LOOP('',(#902,#903,#904,#905));
#2428=EDGE_LOOP('',(#906,#907,#908,#909));
#2429=EDGE_LOOP('',(#910,#911,#912,#913));
#2430=EDGE_LOOP('',(#914,#915,#916,#917,#918,#919));
#2431=EDGE_LOOP('',(#920,#921,#922,#923));
#2432=EDGE_LOOP('',(#924,#925,#926,#927));
#2433=EDGE_LOOP('',(#928,#929,#930,#931));
#2434=EDGE_LOOP('',(#932,#933,#934,#935));
#2435=EDGE_LOOP('',(#936,#937,#938,#939));
#2436=EDGE_LOOP('',(#940,#941,#942,#943));
#2437=EDGE_LOOP('',(#944));
#2438=EDGE_LOOP('',(#945));
#2439=EDGE_LOOP('',(#946,#947,#948,#949));
#2440=EDGE_LOOP('',(#950,#951,#952,#953,#954,#955,#956,#957));
#2441=EDGE_LOOP('',(#958));
#2442=EDGE_LOOP('',(#959));
#2443=EDGE_LOOP('',(#960,#961,#962,#963,#964,#965));
#2444=EDGE_LOOP('',(#966,#967,#968,#969,#970,#971,#972,#973,#974,#975,#976,
#977));
#2445=EDGE_LOOP('',(#978));
#2446=EDGE_LOOP('',(#979));
#2447=EDGE_LOOP('',(#980,#981,#982,#983,#984,#985));
#2448=EDGE_LOOP('',(#986,#987,#988,#989,#990,#991,#992,#993,#994,#995,#996,
#997));
#2449=EDGE_LOOP('',(#998));
#2450=EDGE_LOOP('',(#999));
#2451=EDGE_LOOP('',(#1000,#1001,#1002,#1003));
#2452=EDGE_LOOP('',(#1004,#1005,#1006,#1007));
#2453=EDGE_LOOP('',(#1008,#1009,#1010,#1011));
#2454=EDGE_LOOP('',(#1012,#1013,#1014,#1015));
#2455=EDGE_LOOP('',(#1016,#1017,#1018,#1019));
#2456=EDGE_LOOP('',(#1020,#1021,#1022,#1023));
#2457=EDGE_LOOP('',(#1024,#1025,#1026,#1027));
#2458=EDGE_LOOP('',(#1028,#1029,#1030,#1031));
#2459=EDGE_LOOP('',(#1032,#1033,#1034,#1035));
#2460=EDGE_LOOP('',(#1036,#1037,#1038,#1039));
#2461=EDGE_LOOP('',(#1040,#1041,#1042,#1043));
#2462=EDGE_LOOP('',(#1044,#1045,#1046,#1047));
#2463=EDGE_LOOP('',(#1048,#1049,#1050,#1051));
#2464=EDGE_LOOP('',(#1052,#1053,#1054,#1055));
#2465=EDGE_LOOP('',(#1056,#1057,#1058,#1059));
#2466=EDGE_LOOP('',(#1060,#1061,#1062,#1063));
#2467=EDGE_LOOP('',(#1064,#1065,#1066,#1067));
#2468=EDGE_LOOP('',(#1068,#1069,#1070,#1071));
#2469=EDGE_LOOP('',(#1072,#1073,#1074));
#2470=EDGE_LOOP('',(#1075,#1076,#1077));
#2471=EDGE_LOOP('',(#1078,#1079,#1080,#1081));
#2472=EDGE_LOOP('',(#1082,#1083,#1084,#1085));
#2473=EDGE_LOOP('',(#1086,#1087,#1088,#1089));
#2474=EDGE_LOOP('',(#1090,#1091,#1092,#1093));
#2475=EDGE_LOOP('',(#1094,#1095,#1096,#1097));
#2476=EDGE_LOOP('',(#1098,#1099,#1100,#1101));
#2477=EDGE_LOOP('',(#1102,#1103,#1104));
#2478=EDGE_LOOP('',(#1105,#1106,#1107));
#2479=EDGE_LOOP('',(#1108,#1109,#1110,#1111));
#2480=EDGE_LOOP('',(#1112,#1113,#1114,#1115));
#2481=EDGE_LOOP('',(#1116,#1117,#1118,#1119));
#2482=EDGE_LOOP('',(#1120,#1121,#1122,#1123));
#2483=EDGE_LOOP('',(#1124,#1125,#1126,#1127));
#2484=EDGE_LOOP('',(#1128,#1129,#1130,#1131));
#2485=EDGE_LOOP('',(#1132,#1133,#1134,#1135));
#2486=EDGE_LOOP('',(#1136,#1137,#1138,#1139));
#2487=EDGE_LOOP('',(#1140,#1141,#1142,#1143));
#2488=EDGE_LOOP('',(#1144,#1145,#1146,#1147));
#2489=EDGE_LOOP('',(#1148,#1149,#1150,#1151));
#2490=EDGE_LOOP('',(#1152,#1153,#1154,#1155));
#2491=EDGE_LOOP('',(#1156,#1157,#1158,#1159));
#2492=EDGE_LOOP('',(#1160,#1161,#1162,#1163));
#2493=EDGE_LOOP('',(#1164,#1165,#1166,#1167));
#2494=FACE_BOUND('',#2286,.T.);
#2495=FACE_BOUND('',#2287,.T.);
#2496=FACE_BOUND('',#2288,.T.);
#2497=FACE_BOUND('',#2289,.T.);
#2498=FACE_BOUND('',#2290,.T.);
#2499=FACE_BOUND('',#2291,.T.);
#2500=FACE_BOUND('',#2292,.T.);
#2501=FACE_BOUND('',#2293,.T.);
#2502=FACE_BOUND('',#2294,.T.);
#2503=FACE_BOUND('',#2295,.T.);
#2504=FACE_BOUND('',#2296,.T.);
#2505=FACE_BOUND('',#2297,.T.);
#2506=FACE_BOUND('',#2298,.T.);
#2507=FACE_BOUND('',#2299,.T.);
#2508=FACE_BOUND('',#2300,.T.);
#2509=FACE_BOUND('',#2301,.T.);
#2510=FACE_BOUND('',#2302,.T.);
#2511=FACE_BOUND('',#2303,.T.);
#2512=FACE_BOUND('',#2304,.T.);
#2513=FACE_BOUND('',#2305,.T.);
#2514=FACE_BOUND('',#2306,.T.);
#2515=FACE_BOUND('',#2307,.T.);
#2516=FACE_BOUND('',#2308,.T.);
#2517=FACE_BOUND('',#2309,.T.);
#2518=FACE_BOUND('',#2310,.T.);
#2519=FACE_BOUND('',#2311,.T.);
#2520=FACE_BOUND('',#2312,.T.);
#2521=FACE_BOUND('',#2313,.T.);
#2522=FACE_BOUND('',#2314,.T.);
#2523=FACE_BOUND('',#2315,.T.);
#2524=FACE_BOUND('',#2316,.T.);
#2525=FACE_BOUND('',#2317,.T.);
#2526=FACE_BOUND('',#2318,.T.);
#2527=FACE_BOUND('',#2319,.T.);
#2528=FACE_BOUND('',#2320,.T.);
#2529=FACE_BOUND('',#2321,.T.);
#2530=FACE_BOUND('',#2322,.T.);
#2531=FACE_BOUND('',#2323,.T.);
#2532=FACE_BOUND('',#2324,.T.);
#2533=FACE_BOUND('',#2325,.T.);
#2534=FACE_BOUND('',#2326,.T.);
#2535=FACE_BOUND('',#2327,.T.);
#2536=FACE_BOUND('',#2328,.T.);
#2537=FACE_BOUND('',#2329,.T.);
#2538=FACE_BOUND('',#2330,.T.);
#2539=FACE_BOUND('',#2331,.T.);
#2540=FACE_BOUND('',#2332,.T.);
#2541=FACE_BOUND('',#2333,.T.);
#2542=FACE_BOUND('',#2334,.T.);
#2543=FACE_BOUND('',#2335,.T.);
#2544=FACE_BOUND('',#2336,.T.);
#2545=FACE_BOUND('',#2337,.T.);
#2546=FACE_BOUND('',#2338,.T.);
#2547=FACE_BOUND('',#2339,.T.);
#2548=FACE_BOUND('',#2340,.T.);
#2549=FACE_BOUND('',#2341,.T.);
#2550=FACE_BOUND('',#2342,.T.);
#2551=FACE_BOUND('',#2343,.T.);
#2552=FACE_BOUND('',#2344,.T.);
#2553=FACE_BOUND('',#2345,.T.);
#2554=FACE_BOUND('',#2346,.T.);
#2555=FACE_BOUND('',#2347,.T.);
#2556=FACE_BOUND('',#2348,.T.);
#2557=FACE_BOUND('',#2349,.T.);
#2558=FACE_BOUND('',#2350,.T.);
#2559=FACE_BOUND('',#2351,.T.);
#2560=FACE_BOUND('',#2352,.T.);
#2561=FACE_BOUND('',#2353,.T.);
#2562=FACE_BOUND('',#2354,.T.);
#2563=FACE_BOUND('',#2355,.T.);
#2564=FACE_BOUND('',#2356,.T.);
#2565=FACE_BOUND('',#2357,.T.);
#2566=FACE_BOUND('',#2358,.T.);
#2567=FACE_BOUND('',#2359,.T.);
#2568=FACE_BOUND('',#2360,.T.);
#2569=FACE_BOUND('',#2361,.T.);
#2570=FACE_BOUND('',#2362,.T.);
#2571=FACE_BOUND('',#2363,.T.);
#2572=FACE_BOUND('',#2364,.T.);
#2573=FACE_BOUND('',#2365,.T.);
#2574=FACE_BOUND('',#2366,.T.);
#2575=FACE_BOUND('',#2367,.T.);
#2576=FACE_BOUND('',#2368,.T.);
#2577=FACE_BOUND('',#2369,.T.);
#2578=FACE_BOUND('',#2370,.T.);
#2579=FACE_BOUND('',#2371,.T.);
#2580=FACE_BOUND('',#2372,.T.);
#2581=FACE_BOUND('',#2373,.T.);
#2582=FACE_BOUND('',#2374,.T.);
#2583=FACE_BOUND('',#2375,.T.);
#2584=FACE_BOUND('',#2376,.T.);
#2585=FACE_BOUND('',#2377,.T.);
#2586=FACE_BOUND('',#2378,.T.);
#2587=FACE_BOUND('',#2379,.T.);
#2588=FACE_BOUND('',#2380,.T.);
#2589=FACE_BOUND('',#2381,.T.);
#2590=FACE_BOUND('',#2382,.T.);
#2591=FACE_BOUND('',#2383,.T.);
#2592=FACE_BOUND('',#2384,.T.);
#2593=FACE_BOUND('',#2385,.T.);
#2594=FACE_BOUND('',#2386,.T.);
#2595=FACE_BOUND('',#2387,.T.);
#2596=FACE_BOUND('',#2388,.T.);
#2597=FACE_BOUND('',#2389,.T.);
#2598=FACE_BOUND('',#2390,.T.);
#2599=FACE_BOUND('',#2391,.T.);
#2600=FACE_BOUND('',#2392,.T.);
#2601=FACE_BOUND('',#2393,.T.);
#2602=FACE_BOUND('',#2394,.T.);
#2603=FACE_BOUND('',#2395,.T.);
#2604=FACE_BOUND('',#2396,.T.);
#2605=FACE_BOUND('',#2397,.T.);
#2606=FACE_BOUND('',#2398,.T.);
#2607=FACE_BOUND('',#2399,.T.);
#2608=FACE_BOUND('',#2400,.T.);
#2609=FACE_BOUND('',#2401,.T.);
#2610=FACE_BOUND('',#2402,.T.);
#2611=FACE_BOUND('',#2403,.T.);
#2612=FACE_BOUND('',#2404,.T.);
#2613=FACE_BOUND('',#2405,.T.);
#2614=FACE_BOUND('',#2406,.T.);
#2615=FACE_BOUND('',#2407,.T.);
#2616=FACE_BOUND('',#2408,.T.);
#2617=FACE_BOUND('',#2409,.T.);
#2618=FACE_BOUND('',#2410,.T.);
#2619=FACE_BOUND('',#2411,.T.);
#2620=FACE_BOUND('',#2412,.T.);
#2621=FACE_BOUND('',#2413,.T.);
#2622=FACE_BOUND('',#2414,.T.);
#2623=FACE_BOUND('',#2415,.T.);
#2624=FACE_BOUND('',#2416,.T.);
#2625=FACE_BOUND('',#2417,.T.);
#2626=FACE_BOUND('',#2418,.T.);
#2627=FACE_BOUND('',#2419,.T.);
#2628=FACE_BOUND('',#2420,.T.);
#2629=FACE_BOUND('',#2421,.T.);
#2630=FACE_BOUND('',#2422,.T.);
#2631=FACE_BOUND('',#2423,.T.);
#2632=FACE_BOUND('',#2424,.T.);
#2633=FACE_BOUND('',#2425,.T.);
#2634=FACE_BOUND('',#2426,.T.);
#2635=FACE_BOUND('',#2427,.T.);
#2636=FACE_BOUND('',#2428,.T.);
#2637=FACE_BOUND('',#2429,.T.);
#2638=FACE_BOUND('',#2430,.T.);
#2639=FACE_BOUND('',#2431,.T.);
#2640=FACE_BOUND('',#2432,.T.);
#2641=FACE_BOUND('',#2433,.T.);
#2642=FACE_BOUND('',#2434,.T.);
#2643=FACE_BOUND('',#2435,.T.);
#2644=FACE_BOUND('',#2436,.T.);
#2645=FACE_BOUND('',#2437,.T.);
#2646=FACE_BOUND('',#2438,.T.);
#2647=FACE_BOUND('',#2439,.T.);
#2648=FACE_BOUND('',#2440,.T.);
#2649=FACE_BOUND('',#2441,.T.);
#2650=FACE_BOUND('',#2442,.T.);
#2651=FACE_BOUND('',#2443,.T.);
#2652=FACE_BOUND('',#2444,.T.);
#2653=FACE_BOUND('',#2445,.T.);
#2654=FACE_BOUND('',#2446,.T.);
#2655=FACE_BOUND('',#2447,.T.);
#2656=FACE_BOUND('',#2448,.T.);
#2657=FACE_BOUND('',#2449,.T.);
#2658=FACE_BOUND('',#2450,.T.);
#2659=FACE_BOUND('',#2451,.T.);
#2660=FACE_BOUND('',#2452,.T.);
#2661=FACE_BOUND('',#2453,.T.);
#2662=FACE_BOUND('',#2454,.T.);
#2663=FACE_BOUND('',#2455,.T.);
#2664=FACE_BOUND('',#2456,.T.);
#2665=FACE_BOUND('',#2457,.T.);
#2666=FACE_BOUND('',#2458,.T.);
#2667=FACE_BOUND('',#2459,.T.);
#2668=FACE_BOUND('',#2460,.T.);
#2669=FACE_BOUND('',#2461,.T.);
#2670=FACE_BOUND('',#2462,.T.);
#2671=FACE_BOUND('',#2463,.T.);
#2672=FACE_BOUND('',#2464,.T.);
#2673=FACE_BOUND('',#2465,.T.);
#2674=FACE_BOUND('',#2466,.T.);
#2675=FACE_BOUND('',#2467,.T.);
#2676=FACE_BOUND('',#2468,.T.);
#2677=FACE_BOUND('',#2469,.T.);
#2678=FACE_BOUND('',#2470,.T.);
#2679=FACE_BOUND('',#2471,.T.);
#2680=FACE_BOUND('',#2472,.T.);
#2681=FACE_BOUND('',#2473,.T.);
#2682=FACE_BOUND('',#2474,.T.);
#2683=FACE_BOUND('',#2475,.T.);
#2684=FACE_BOUND('',#2476,.T.);
#2685=FACE_BOUND('',#2477,.T.);
#2686=FACE_BOUND('',#2478,.T.);
#2687=FACE_BOUND('',#2479,.T.);
#2688=FACE_BOUND('',#2480,.T.);
#2689=FACE_BOUND('',#2481,.T.);
#2690=FACE_BOUND('',#2482,.T.);
#2691=FACE_BOUND('',#2483,.T.);
#2692=FACE_BOUND('',#2484,.T.);
#2693=FACE_BOUND('',#2485,.T.);
#2694=FACE_BOUND('',#2486,.T.);
#2695=FACE_BOUND('',#2487,.T.);
#2696=FACE_BOUND('',#2488,.T.);
#2697=FACE_BOUND('',#2489,.T.);
#2698=FACE_BOUND('',#2490,.T.);
#2699=FACE_BOUND('',#2491,.T.);
#2700=FACE_BOUND('',#2492,.T.);
#2701=FACE_BOUND('',#2493,.T.);
#2702=PLANE('',#3068);
#2703=PLANE('',#3069);
#2704=PLANE('',#3070);
#2705=PLANE('',#3071);
#2706=PLANE('',#3072);
#2707=PLANE('',#3073);
#2708=PLANE('',#3077);
#2709=PLANE('',#3078);
#2710=PLANE('',#3079);
#2711=PLANE('',#3080);
#2712=PLANE('',#3081);
#2713=PLANE('',#3082);
#2714=PLANE('',#3083);
#2715=PLANE('',#3087);
#2716=PLANE('',#3088);
#2717=PLANE('',#3089);
#2718=PLANE('',#3090);
#2719=PLANE('',#3094);
#2720=PLANE('',#3096);
#2721=PLANE('',#3097);
#2722=PLANE('',#3098);
#2723=PLANE('',#3100);
#2724=PLANE('',#3103);
#2725=PLANE('',#3106);
#2726=PLANE('',#3107);
#2727=PLANE('',#3111);
#2728=PLANE('',#3113);
#2729=PLANE('',#3117);
#2730=PLANE('',#3118);
#2731=PLANE('',#3119);
#2732=PLANE('',#3120);
#2733=PLANE('',#3121);
#2734=PLANE('',#3122);
#2735=PLANE('',#3123);
#2736=PLANE('',#3126);
#2737=PLANE('',#3127);
#2738=PLANE('',#3128);
#2739=PLANE('',#3131);
#2740=PLANE('',#3133);
#2741=PLANE('',#3141);
#2742=PLANE('',#3142);
#2743=PLANE('',#3150);
#2744=PLANE('',#3152);
#2745=PLANE('',#3153);
#2746=PLANE('',#3156);
#2747=PLANE('',#3162);
#2748=PLANE('',#3166);
#2749=PLANE('',#3170);
#2750=PLANE('',#3171);
#2751=PLANE('',#3182);
#2752=PLANE('',#3184);
#2753=PLANE('',#3185);
#2754=PLANE('',#3188);
#2755=PLANE('',#3205);
#2756=PLANE('',#3206);
#2757=PLANE('',#3209);
#2758=PLANE('',#3213);
#2759=PLANE('',#3216);
#2760=PLANE('',#3219);
#2761=PLANE('',#3220);
#2762=PLANE('',#3221);
#2763=PLANE('',#3223);
#2764=PLANE('',#3224);
#2765=PLANE('',#3226);
#2766=PLANE('',#3227);
#2767=PLANE('',#3230);
#2768=PLANE('',#3232);
#2769=PLANE('',#3257);
#2770=PLANE('',#3258);
#2771=PLANE('',#3260);
#2772=PLANE('',#3261);
#2773=PLANE('',#3265);
#2774=PLANE('',#3269);
#2775=PLANE('',#3270);
#2776=PLANE('',#3277);
#2777=PLANE('',#3278);
#2778=PLANE('',#3279);
#2779=PLANE('',#3280);
#2780=PLANE('',#3281);
#2781=PLANE('',#3282);
#2782=PLANE('',#3285);
#2783=PLANE('',#3286);
#2784=PLANE('',#3287);
#2785=PLANE('',#3288);
#2786=PLANE('',#3289);
#2787=PLANE('',#3296);
#2788=PLANE('',#3302);
#2789=PLANE('',#3308);
#2790=ADVANCED_FACE('',(#2494),#2702,.T.);
#2791=ADVANCED_FACE('',(#2495),#2703,.F.);
#2792=ADVANCED_FACE('',(#2496),#2704,.T.);
#2793=ADVANCED_FACE('',(#2497),#2705,.F.);
#2794=ADVANCED_FACE('',(#2498),#2706,.F.);
#2795=ADVANCED_FACE('',(#2499),#2707,.F.);
#2796=ADVANCED_FACE('',(#2500),#320,.F.);
#2797=ADVANCED_FACE('',(#2501),#2708,.T.);
#2798=ADVANCED_FACE('',(#2502),#2709,.F.);
#2799=ADVANCED_FACE('',(#2503),#2710,.F.);
#2800=ADVANCED_FACE('',(#2504),#2711,.T.);
#2801=ADVANCED_FACE('',(#2505),#2712,.F.);
#2802=ADVANCED_FACE('',(#2506),#2713,.F.);
#2803=ADVANCED_FACE('',(#2507),#2714,.F.);
#2804=ADVANCED_FACE('',(#2508),#321,.F.);
#2805=ADVANCED_FACE('',(#2509),#2715,.T.);
#2806=ADVANCED_FACE('',(#2510),#2716,.F.);
#2807=ADVANCED_FACE('',(#2511),#2717,.T.);
#2808=ADVANCED_FACE('',(#2512),#2718,.T.);
#2809=ADVANCED_FACE('',(#2513),#2719,.T.);
#2810=ADVANCED_FACE('',(#2514),#2720,.F.);
#2811=ADVANCED_FACE('',(#2515),#2721,.T.);
#2812=ADVANCED_FACE('',(#2516),#2722,.T.);
#2813=ADVANCED_FACE('',(#2517),#2723,.F.);
#2814=ADVANCED_FACE('',(#2518),#322,.T.);
#2815=ADVANCED_FACE('',(#2519),#2724,.T.);
#2816=ADVANCED_FACE('',(#2520),#323,.T.);
#2817=ADVANCED_FACE('',(#2521),#2725,.F.);
#2818=ADVANCED_FACE('',(#2522,#2523),#2726,.T.);
#2819=ADVANCED_FACE('',(#2524,#2525),#324,.T.);
#2820=ADVANCED_FACE('',(#2526),#2727,.T.);
#2821=ADVANCED_FACE('',(#2527),#2728,.T.);
#2822=ADVANCED_FACE('',(#2528),#2729,.T.);
#2823=ADVANCED_FACE('',(#2529),#2730,.T.);
#2824=ADVANCED_FACE('',(#2530),#2731,.T.);
#2825=ADVANCED_FACE('',(#2531),#2732,.T.);
#2826=ADVANCED_FACE('',(#2532),#2733,.T.);
#2827=ADVANCED_FACE('',(#2533),#2734,.T.);
#2828=ADVANCED_FACE('',(#2534,#2535),#2735,.T.);
#2829=ADVANCED_FACE('',(#2536),#2736,.T.);
#2830=ADVANCED_FACE('',(#2537),#2737,.F.);
#2831=ADVANCED_FACE('',(#2538),#2738,.T.);
#2832=ADVANCED_FACE('',(#2539),#325,.F.);
#2833=ADVANCED_FACE('',(#2540),#2739,.F.);
#2834=ADVANCED_FACE('',(#2541),#326,.F.);
#2835=ADVANCED_FACE('',(#2542),#2740,.T.);
#2836=ADVANCED_FACE('',(#2543,#2544),#327,.F.);
#2837=ADVANCED_FACE('',(#2545,#2546),#328,.T.);
#2838=ADVANCED_FACE('',(#2547,#2548),#2741,.T.);
#2839=ADVANCED_FACE('',(#2549,#2550),#2742,.F.);
#2840=ADVANCED_FACE('',(#2551,#2552),#329,.F.);
#2841=ADVANCED_FACE('',(#2553,#2554),#330,.T.);
#2842=ADVANCED_FACE('',(#2555,#2556),#2743,.T.);
#2843=ADVANCED_FACE('',(#2557,#2558),#2744,.F.);
#2844=ADVANCED_FACE('',(#2559),#2745,.T.);
#2845=ADVANCED_FACE('',(#2560,#2561),#331,.T.);
#2846=ADVANCED_FACE('',(#2562),#2746,.F.);
#2847=ADVANCED_FACE('',(#2563),#332,.T.);
#2848=ADVANCED_FACE('',(#2564),#2747,.F.);
#2849=ADVANCED_FACE('',(#2565),#333,.T.);
#2850=ADVANCED_FACE('',(#2566),#2748,.T.);
#2851=ADVANCED_FACE('',(#2567,#2568),#334,.F.);
#2852=ADVANCED_FACE('',(#2569,#2570),#2749,.T.);
#2853=ADVANCED_FACE('',(#2571,#2572),#2750,.F.);
#2854=ADVANCED_FACE('',(#2573,#2574),#335,.F.);
#2855=ADVANCED_FACE('',(#2575,#2576),#336,.T.);
#2856=ADVANCED_FACE('',(#2577,#2578),#2751,.T.);
#2857=ADVANCED_FACE('',(#2579,#2580),#2752,.F.);
#2858=ADVANCED_FACE('',(#2581),#2753,.T.);
#2859=ADVANCED_FACE('',(#2582,#2583),#337,.T.);
#2860=ADVANCED_FACE('',(#2584),#2754,.F.);
#2861=ADVANCED_FACE('',(#2585),#2755,.F.);
#2862=ADVANCED_FACE('',(#2586),#2756,.T.);
#2863=ADVANCED_FACE('',(#2587),#2757,.T.);
#2864=ADVANCED_FACE('',(#2588),#2758,.T.);
#2865=ADVANCED_FACE('',(#2589),#2759,.T.);
#2866=ADVANCED_FACE('',(#2590),#2760,.T.);
#2867=ADVANCED_FACE('',(#2591),#2761,.T.);
#2868=ADVANCED_FACE('',(#2592),#2762,.T.);
#2869=ADVANCED_FACE('',(#2593),#2763,.T.);
#2870=ADVANCED_FACE('',(#2594),#2764,.T.);
#2871=ADVANCED_FACE('',(#2595),#2765,.F.);
#2872=ADVANCED_FACE('',(#2596),#2766,.T.);
#2873=ADVANCED_FACE('',(#2597),#338,.F.);
#2874=ADVANCED_FACE('',(#2598),#2767,.F.);
#2875=ADVANCED_FACE('',(#2599),#339,.F.);
#2876=ADVANCED_FACE('',(#2600),#2768,.T.);
#2877=ADVANCED_FACE('',(#2601),#44,.T.);
#2878=ADVANCED_FACE('',(#2602),#340,.T.);
#2879=ADVANCED_FACE('',(#2603),#341,.T.);
#2880=ADVANCED_FACE('',(#2604),#342,.T.);
#2881=ADVANCED_FACE('',(#2605),#343,.T.);
#2882=ADVANCED_FACE('',(#2606),#45,.T.);
#2883=ADVANCED_FACE('',(#2607),#344,.T.);
#2884=ADVANCED_FACE('',(#2608),#345,.T.);
#2885=ADVANCED_FACE('',(#2609),#346,.T.);
#2886=ADVANCED_FACE('',(#2610),#347,.T.);
#2887=ADVANCED_FACE('',(#2611),#348,.T.);
#2888=ADVANCED_FACE('',(#2612),#349,.T.);
#2889=ADVANCED_FACE('',(#2613),#2769,.F.);
#2890=ADVANCED_FACE('',(#2614),#2770,.F.);
#2891=ADVANCED_FACE('',(#2615),#2771,.T.);
#2892=ADVANCED_FACE('',(#2616),#2772,.T.);
#2893=ADVANCED_FACE('',(#2617,#2618),#350,.F.);
#2894=ADVANCED_FACE('',(#2619),#2773,.T.);
#2895=ADVANCED_FACE('',(#2620,#2621),#351,.F.);
#2896=ADVANCED_FACE('',(#2622,#2623,#2624),#2774,.T.);
#2897=ADVANCED_FACE('',(#2625,#2626,#2627),#2775,.F.);
#2898=ADVANCED_FACE('',(#2628),#21,.T.);
#2899=ADVANCED_FACE('',(#2629),#352,.T.);
#2900=ADVANCED_FACE('',(#2630),#22,.T.);
#2901=ADVANCED_FACE('',(#2631),#46,.T.);
#2902=ADVANCED_FACE('',(#2632),#353,.T.);
#2903=ADVANCED_FACE('',(#2633),#2776,.T.);
#2904=ADVANCED_FACE('',(#2634),#2777,.F.);
#2905=ADVANCED_FACE('',(#2635),#2778,.T.);
#2906=ADVANCED_FACE('',(#2636),#2779,.F.);
#2907=ADVANCED_FACE('',(#2637),#2780,.T.);
#2908=ADVANCED_FACE('',(#2638),#2781,.T.);
#2909=ADVANCED_FACE('',(#2639),#2782,.T.);
#2910=ADVANCED_FACE('',(#2640),#2783,.F.);
#2911=ADVANCED_FACE('',(#2641),#2784,.F.);
#2912=ADVANCED_FACE('',(#2642),#2785,.T.);
#2913=ADVANCED_FACE('',(#2643),#2786,.F.);
#2914=ADVANCED_FACE('',(#2644),#354,.T.);
#2915=ADVANCED_FACE('',(#2645,#2646),#355,.F.);
#2916=ADVANCED_FACE('',(#2647),#20,.F.);
#2917=ADVANCED_FACE('',(#2648),#2787,.T.);
#2918=ADVANCED_FACE('',(#2649,#2650),#356,.F.);
#2919=ADVANCED_FACE('',(#2651,#2652,#2653,#2654),#2788,.T.);
#2920=ADVANCED_FACE('',(#2655,#2656,#2657,#2658),#2789,.F.);
#2921=ADVANCED_FACE('',(#2659),#10,.T.);
#2922=ADVANCED_FACE('',(#2660),#357,.T.);
#2923=ADVANCED_FACE('',(#2661),#23,.T.);
#2924=ADVANCED_FACE('',(#2662),#358,.T.);
#2925=ADVANCED_FACE('',(#2663),#359,.F.);
#2926=ADVANCED_FACE('',(#2664),#11,.T.);
#2927=ADVANCED_FACE('',(#2665),#12,.T.);
#2928=ADVANCED_FACE('',(#2666),#13,.T.);
#2929=ADVANCED_FACE('',(#2667),#360,.T.);
#2930=ADVANCED_FACE('',(#2668),#361,.F.);
#2931=ADVANCED_FACE('',(#2669),#362,.F.);
#2932=ADVANCED_FACE('',(#2670),#363,.T.);
#2933=ADVANCED_FACE('',(#2671),#14,.T.);
#2934=ADVANCED_FACE('',(#2672),#15,.T.);
#2935=ADVANCED_FACE('',(#2673),#24,.T.);
#2936=ADVANCED_FACE('',(#2674),#16,.T.);
#2937=ADVANCED_FACE('',(#2675),#364,.T.);
#2938=ADVANCED_FACE('',(#2676),#17,.T.);
#2939=ADVANCED_FACE('',(#2677),#47,.T.);
#2940=ADVANCED_FACE('',(#2678),#48,.T.);
#2941=ADVANCED_FACE('',(#2679),#365,.T.);
#2942=ADVANCED_FACE('',(#2680),#366,.T.);
#2943=ADVANCED_FACE('',(#2681),#367,.T.);
#2944=ADVANCED_FACE('',(#2682),#368,.T.);
#2945=ADVANCED_FACE('',(#2683),#369,.T.);
#2946=ADVANCED_FACE('',(#2684),#370,.T.);
#2947=ADVANCED_FACE('',(#2685),#49,.T.);
#2948=ADVANCED_FACE('',(#2686),#50,.T.);
#2949=ADVANCED_FACE('',(#2687),#371,.T.);
#2950=ADVANCED_FACE('',(#2688),#372,.T.);
#2951=ADVANCED_FACE('',(#2689),#373,.T.);
#2952=ADVANCED_FACE('',(#2690),#374,.T.);
#2953=ADVANCED_FACE('',(#2691),#18,.T.);
#2954=ADVANCED_FACE('',(#2692),#19,.T.);
#2955=ADVANCED_FACE('',(#2693),#375,.F.);
#2956=ADVANCED_FACE('',(#2694),#25,.T.);
#2957=ADVANCED_FACE('',(#2695),#376,.T.);
#2958=ADVANCED_FACE('',(#2696),#377,.T.);
#2959=ADVANCED_FACE('',(#2697),#26,.T.);
#2960=ADVANCED_FACE('',(#2698),#27,.T.);
#2961=ADVANCED_FACE('',(#2699),#378,.T.);
#2962=ADVANCED_FACE('',(#2700),#379,.T.);
#2963=ADVANCED_FACE('',(#2701),#28,.T.);
#2964=CLOSED_SHELL('',(#2790,#2791,#2792,#2793,#2794,#2795,#2796,#2797,
#2798,#2799,#2800,#2801,#2802,#2803,#2804,#2805,#2806,#2807,#2808,#2809,
#2810,#2811,#2812,#2813,#2814,#2815,#2816,#2817,#2818,#2819,#2820));
#2965=CLOSED_SHELL('',(#2821,#2822,#2823,#2824,#2825,#2826,#2827,#2828,
#2829,#2830,#2831,#2832,#2833,#2834,#2835));
#2966=CLOSED_SHELL('',(#2836,#2837,#2838,#2839));
#2967=CLOSED_SHELL('',(#2840,#2841,#2842,#2843,#2844,#2845,#2846));
#2968=CLOSED_SHELL('',(#2847,#2848,#2849,#2850,#2851,#2852,#2853));
#2969=CLOSED_SHELL('',(#2854,#2855,#2856,#2857,#2858,#2859,#2860));
#2970=CLOSED_SHELL('',(#2861,#2862,#2863,#2864,#2865,#2866,#2867,#2868,
#2869,#2870,#2871,#2872,#2873,#2874,#2875,#2876,#2877,#2878,#2879,#2880,
#2881,#2882,#2883,#2884,#2885,#2886,#2887,#2888,#2889,#2890,#2891,#2892,
#2893,#2894,#2895,#2896,#2897,#2898,#2899,#2900,#2901,#2902));
#2971=CLOSED_SHELL('',(#2903,#2904,#2905,#2906,#2907,#2908,#2909,#2910,
#2911,#2912,#2913,#2914,#2915,#2916,#2917,#2918,#2919,#2920,#2921,#2922,
#2923,#2924,#2925,#2926,#2927,#2928,#2929,#2930,#2931,#2932,#2933,#2934,
#2935,#2936,#2937,#2938,#2939,#2940,#2941,#2942,#2943,#2944,#2945,#2946,
#2947,#2948,#2949,#2950,#2951,#2952,#2953,#2954,#2955,#2956,#2957,#2958,
#2959,#2960,#2961,#2962,#2963));
#2972=STYLED_ITEM('',(#2980),#3029);
#2973=STYLED_ITEM('',(#2981),#3030);
#2974=STYLED_ITEM('',(#2982),#3031);
#2975=STYLED_ITEM('',(#2983),#3032);
#2976=STYLED_ITEM('',(#2984),#3033);
#2977=STYLED_ITEM('',(#2985),#3034);
#2978=STYLED_ITEM('',(#2986),#3035);
#2979=STYLED_ITEM('',(#2987),#3036);
#2980=PRESENTATION_STYLE_ASSIGNMENT((#2988));
#2981=PRESENTATION_STYLE_ASSIGNMENT((#2989));
#2982=PRESENTATION_STYLE_ASSIGNMENT((#2990));
#2983=PRESENTATION_STYLE_ASSIGNMENT((#2991));
#2984=PRESENTATION_STYLE_ASSIGNMENT((#2992));
#2985=PRESENTATION_STYLE_ASSIGNMENT((#2993));
#2986=PRESENTATION_STYLE_ASSIGNMENT((#2994));
#2987=PRESENTATION_STYLE_ASSIGNMENT((#2995));
#2988=SURFACE_STYLE_USAGE(.BOTH.,#2996);
#2989=SURFACE_STYLE_USAGE(.BOTH.,#2997);
#2990=SURFACE_STYLE_USAGE(.BOTH.,#2998);
#2991=SURFACE_STYLE_USAGE(.BOTH.,#2999);
#2992=SURFACE_STYLE_USAGE(.BOTH.,#3000);
#2993=SURFACE_STYLE_USAGE(.BOTH.,#3001);
#2994=SURFACE_STYLE_USAGE(.BOTH.,#3002);
#2995=SURFACE_STYLE_USAGE(.BOTH.,#3003);
#2996=SURFACE_SIDE_STYLE('',(#3004));
#2997=SURFACE_SIDE_STYLE('',(#3005));
#2998=SURFACE_SIDE_STYLE('',(#3006));
#2999=SURFACE_SIDE_STYLE('',(#3007));
#3000=SURFACE_SIDE_STYLE('',(#3008));
#3001=SURFACE_SIDE_STYLE('',(#3009));
#3002=SURFACE_SIDE_STYLE('',(#3010));
#3003=SURFACE_SIDE_STYLE('',(#3011));
#3004=SURFACE_STYLE_FILL_AREA(#3012);
#3005=SURFACE_STYLE_FILL_AREA(#3013);
#3006=SURFACE_STYLE_FILL_AREA(#3014);
#3007=SURFACE_STYLE_FILL_AREA(#3015);
#3008=SURFACE_STYLE_FILL_AREA(#3016);
#3009=SURFACE_STYLE_FILL_AREA(#3017);
#3010=SURFACE_STYLE_FILL_AREA(#3018);
#3011=SURFACE_STYLE_FILL_AREA(#3019);
#3012=FILL_AREA_STYLE('',(#3020));
#3013=FILL_AREA_STYLE('',(#3021));
#3014=FILL_AREA_STYLE('',(#3022));
#3015=FILL_AREA_STYLE('',(#3023));
#3016=FILL_AREA_STYLE('',(#3024));
#3017=FILL_AREA_STYLE('',(#3025));
#3018=FILL_AREA_STYLE('',(#3026));
#3019=FILL_AREA_STYLE('',(#3027));
#3020=FILL_AREA_STYLE_COLOUR('',#3028);
#3021=FILL_AREA_STYLE_COLOUR('',#69);
#3022=FILL_AREA_STYLE_COLOUR('',#70);
#3023=FILL_AREA_STYLE_COLOUR('',#70);
#3024=FILL_AREA_STYLE_COLOUR('',#69);
#3025=FILL_AREA_STYLE_COLOUR('',#70);
#3026=FILL_AREA_STYLE_COLOUR('',#69);
#3027=FILL_AREA_STYLE_COLOUR('',#69);
#3028=DRAUGHTING_PRE_DEFINED_COLOUR('blue');
#3029=MANIFOLD_SOLID_BREP('Part 2',#2964);
#3030=MANIFOLD_SOLID_BREP('Part 1',#2965);
#3031=MANIFOLD_SOLID_BREP('Part 1',#2966);
#3032=MANIFOLD_SOLID_BREP('Part 1',#2967);
#3033=MANIFOLD_SOLID_BREP('Part 1',#2968);
#3034=MANIFOLD_SOLID_BREP('Part 1',#2969);
#3035=MANIFOLD_SOLID_BREP('Part 1',#2970);
#3036=MANIFOLD_SOLID_BREP('Part 1',#2971);
#3037=SHAPE_DEFINITION_REPRESENTATION(#5514,#3052);
#3038=SHAPE_DEFINITION_REPRESENTATION(#5515,#3053);
#3039=SHAPE_DEFINITION_REPRESENTATION(#5517,#3054);
#3040=SHAPE_DEFINITION_REPRESENTATION(#5519,#3055);
#3041=SHAPE_DEFINITION_REPRESENTATION(#5520,#3056);
#3042=SHAPE_DEFINITION_REPRESENTATION(#5522,#3057);
#3043=SHAPE_DEFINITION_REPRESENTATION(#5525,#3058);
#3044=SHAPE_DEFINITION_REPRESENTATION(#5529,#3059);
#3045=SHAPE_DEFINITION_REPRESENTATION(#5531,#3060);
#3046=SHAPE_DEFINITION_REPRESENTATION(#5535,#3061);
#3047=SHAPE_DEFINITION_REPRESENTATION(#5539,#3062);
#3048=SHAPE_DEFINITION_REPRESENTATION(#5543,#3063);
#3049=SHAPE_DEFINITION_REPRESENTATION(#5548,#3064);
#3050=SHAPE_DEFINITION_REPRESENTATION(#5552,#3065);
#3051=SHAPE_DEFINITION_REPRESENTATION(#5554,#3066);
#3052=SHAPE_REPRESENTATION('Leg 2',(#3067,#3112,#3134,#3158,#3172,#3173,
#3174,#3190,#3191,#3194,#3197,#3200,#3201,#3204,#3276,#3399),#5481);
#3053=SHAPE_REPRESENTATION('Part 2',(#3067),#5482);
#3054=SHAPE_REPRESENTATION('Part 1',(#3067),#5483);
#3055=SHAPE_REPRESENTATION('Screw and Nut 10mm <2>',(#3067,#3143,#3157),
#5484);
#3056=SHAPE_REPRESENTATION('Part 1',(#3067),#5485);
#3057=SHAPE_REPRESENTATION('Part 1',(#3067),#5486);
#3058=SHAPE_REPRESENTATION('Part 1',(#3067),#5487);
#3059=SHAPE_REPRESENTATION('Screw and Nut 8mm <3>',(#3067,#3175,#3189),
#5488);
#3060=SHAPE_REPRESENTATION('Part 1',(#3067),#5489);
#3061=SHAPE_REPRESENTATION('Screw and Nut 8mm <2>',(#3067,#3192,#3193),
#5490);
#3062=SHAPE_REPRESENTATION('Screw and Nut 8mm <4>',(#3067,#3195,#3196),
#5491);
#3063=SHAPE_REPRESENTATION('Screw and Nut 8mm <1>',(#3067,#3198,#3199),
#5492);
#3064=SHAPE_REPRESENTATION('Screw and Nut 10mm <1>',(#3067,#3202,#3203),
#5493);
#3065=SHAPE_REPRESENTATION('Part 1',(#3067),#5494);
#3066=SHAPE_REPRESENTATION('Part 1',(#3067),#5495);
#3067=AXIS2_PLACEMENT_3D('',#4302,#3400,#3401);
#3068=AXIS2_PLACEMENT_3D('',#4303,#3402,#3403);
#3069=AXIS2_PLACEMENT_3D('',#4312,#3408,#3409);
#3070=AXIS2_PLACEMENT_3D('',#4318,#3413,#3414);
#3071=AXIS2_PLACEMENT_3D('',#4342,#3427,#3428);
#3072=AXIS2_PLACEMENT_3D('',#4369,#3442,#3443);
#3073=AXIS2_PLACEMENT_3D('',#4375,#3447,#3448);
#3074=AXIS2_PLACEMENT_3D('',#4381,#3452,#3453);
#3075=AXIS2_PLACEMENT_3D('',#4382,#3454,#3455);
#3076=AXIS2_PLACEMENT_3D('',#4383,#3456,#3457);
#3077=AXIS2_PLACEMENT_3D('',#4384,#3458,#3459);
#3078=AXIS2_PLACEMENT_3D('',#4386,#3461,#3462);
#3079=AXIS2_PLACEMENT_3D('',#4388,#3464,#3465);
#3080=AXIS2_PLACEMENT_3D('',#4392,#3468,#3469);
#3081=AXIS2_PLACEMENT_3D('',#4401,#3474,#3475);
#3082=AXIS2_PLACEMENT_3D('',#4404,#3478,#3479);
#3083=AXIS2_PLACEMENT_3D('',#4410,#3483,#3484);
#3084=AXIS2_PLACEMENT_3D('',#4416,#3488,#3489);
#3085=AXIS2_PLACEMENT_3D('',#4417,#3490,#3491);
#3086=AXIS2_PLACEMENT_3D('',#4418,#3492,#3493);
#3087=AXIS2_PLACEMENT_3D('',#4419,#3494,#3495);
#3088=AXIS2_PLACEMENT_3D('',#4421,#3497,#3498);
#3089=AXIS2_PLACEMENT_3D('',#4423,#3500,#3501);
#3090=AXIS2_PLACEMENT_3D('',#4425,#3503,#3504);
#3091=AXIS2_PLACEMENT_3D('',#4426,#3505,#3506);
#3092=AXIS2_PLACEMENT_3D('',#4430,#3508,#3509);
#3093=AXIS2_PLACEMENT_3D('',#4434,#3511,#3512);
#3094=AXIS2_PLACEMENT_3D('',#4436,#3514,#3515);
#3095=AXIS2_PLACEMENT_3D('',#4437,#3516,#3517);
#3096=AXIS2_PLACEMENT_3D('',#4438,#3518,#3519);
#3097=AXIS2_PLACEMENT_3D('',#4440,#3521,#3522);
#3098=AXIS2_PLACEMENT_3D('',#4441,#3523,#3524);
#3099=AXIS2_PLACEMENT_3D('',#4442,#3525,#3526);
#3100=AXIS2_PLACEMENT_3D('',#4443,#3527,#3528);
#3101=AXIS2_PLACEMENT_3D('',#4444,#3529,#3530);
#3102=AXIS2_PLACEMENT_3D('',#4447,#3532,#3533);
#3103=AXIS2_PLACEMENT_3D('',#4450,#3535,#3536);
#3104=AXIS2_PLACEMENT_3D('',#4454,#3539,#3540);
#3105=AXIS2_PLACEMENT_3D('',#4457,#3542,#3543);
#3106=AXIS2_PLACEMENT_3D('',#4458,#3544,#3545);
#3107=AXIS2_PLACEMENT_3D('',#4460,#3547,#3548);
#3108=AXIS2_PLACEMENT_3D('',#4461,#3549,#3550);
#3109=AXIS2_PLACEMENT_3D('',#4463,#3551,#3552);
#3110=AXIS2_PLACEMENT_3D('',#4464,#3553,#3554);
#3111=AXIS2_PLACEMENT_3D('',#4466,#3555,#3556);
#3112=AXIS2_PLACEMENT_3D('',#4467,#3557,#3558);
#3113=AXIS2_PLACEMENT_3D('',#4468,#3559,#3560);
#3114=AXIS2_PLACEMENT_3D('',#4472,#3562,#3563);
#3115=AXIS2_PLACEMENT_3D('',#4476,#3565,#3566);
#3116=AXIS2_PLACEMENT_3D('',#4480,#3568,#3569);
#3117=AXIS2_PLACEMENT_3D('',#4489,#3574,#3575);
#3118=AXIS2_PLACEMENT_3D('',#4498,#3580,#3581);
#3119=AXIS2_PLACEMENT_3D('',#4504,#3585,#3586);
#3120=AXIS2_PLACEMENT_3D('',#4510,#3590,#3591);
#3121=AXIS2_PLACEMENT_3D('',#4516,#3595,#3596);
#3122=AXIS2_PLACEMENT_3D('',#4520,#3600,#3601);
#3123=AXIS2_PLACEMENT_3D('',#4526,#3605,#3606);
#3124=AXIS2_PLACEMENT_3D('',#4527,#3607,#3608);
#3125=AXIS2_PLACEMENT_3D('',#4532,#3610,#3611);
#3126=AXIS2_PLACEMENT_3D('',#4537,#3615,#3616);
#3127=AXIS2_PLACEMENT_3D('',#4538,#3617,#3618);
#3128=AXIS2_PLACEMENT_3D('',#4539,#3619,#3620);
#3129=AXIS2_PLACEMENT_3D('',#4540,#3621,#3622);
#3130=AXIS2_PLACEMENT_3D('',#4541,#3623,#3624);
#3131=AXIS2_PLACEMENT_3D('',#4544,#3627,#3628);
#3132=AXIS2_PLACEMENT_3D('',#4546,#3630,#3631);
#3133=AXIS2_PLACEMENT_3D('',#4548,#3633,#3634);
#3134=AXIS2_PLACEMENT_3D('',#4549,#3635,#3636);
#3135=AXIS2_PLACEMENT_3D('',#4550,#3637,#3638);
#3136=AXIS2_PLACEMENT_3D('',#4551,#3639,#3640);
#3137=AXIS2_PLACEMENT_3D('',#4553,#3641,#3642);
#3138=AXIS2_PLACEMENT_3D('',#4555,#3643,#3644);
#3139=AXIS2_PLACEMENT_3D('',#4556,#3645,#3646);
#3140=AXIS2_PLACEMENT_3D('',#4558,#3647,#3648);
#3141=AXIS2_PLACEMENT_3D('',#4560,#3649,#3650);
#3142=AXIS2_PLACEMENT_3D('',#4561,#3651,#3652);
#3143=AXIS2_PLACEMENT_3D('',#4562,#3653,#3654);
#3144=AXIS2_PLACEMENT_3D('',#4563,#3655,#3656);
#3145=AXIS2_PLACEMENT_3D('',#4564,#3657,#3658);
#3146=AXIS2_PLACEMENT_3D('',#4566,#3659,#3660);
#3147=AXIS2_PLACEMENT_3D('',#4568,#3661,#3662);
#3148=AXIS2_PLACEMENT_3D('',#4569,#3663,#3664);
#3149=AXIS2_PLACEMENT_3D('',#4571,#3665,#3666);
#3150=AXIS2_PLACEMENT_3D('',#4573,#3667,#3668);
#3151=AXIS2_PLACEMENT_3D('',#4574,#3669,#3670);
#3152=AXIS2_PLACEMENT_3D('',#4576,#3671,#3672);
#3153=AXIS2_PLACEMENT_3D('',#4577,#3673,#3674);
#3154=AXIS2_PLACEMENT_3D('',#4578,#3675,#3676);
#3155=AXIS2_PLACEMENT_3D('',#4580,#3677,#3678);
#3156=AXIS2_PLACEMENT_3D('',#4581,#3679,#3680);
#3157=AXIS2_PLACEMENT_3D('',#4582,#3681,#3682);
#3158=AXIS2_PLACEMENT_3D('',#4583,#3683,#3684);
#3159=AXIS2_PLACEMENT_3D('',#4584,#3685,#3686);
#3160=AXIS2_PLACEMENT_3D('',#4585,#3687,#3688);
#3161=AXIS2_PLACEMENT_3D('',#4590,#3690,#3691);
#3162=AXIS2_PLACEMENT_3D('',#4593,#3693,#3694);
#3163=AXIS2_PLACEMENT_3D('',#4599,#3698,#3699);
#3164=AXIS2_PLACEMENT_3D('',#4600,#3700,#3701);
#3165=AXIS2_PLACEMENT_3D('',#4604,#3703,#3704);
#3166=AXIS2_PLACEMENT_3D('',#4605,#3705,#3706);
#3167=AXIS2_PLACEMENT_3D('',#4608,#3709,#3710);
#3168=AXIS2_PLACEMENT_3D('',#4609,#3711,#3712);
#3169=AXIS2_PLACEMENT_3D('',#4611,#3713,#3714);
#3170=AXIS2_PLACEMENT_3D('',#4613,#3715,#3716);
#3171=AXIS2_PLACEMENT_3D('',#4614,#3717,#3718);
#3172=AXIS2_PLACEMENT_3D('',#4615,#3719,#3720);
#3173=AXIS2_PLACEMENT_3D('',#4616,#3721,#3722);
#3174=AXIS2_PLACEMENT_3D('',#4617,#3723,#3724);
#3175=AXIS2_PLACEMENT_3D('',#4618,#3725,#3726);
#3176=AXIS2_PLACEMENT_3D('',#4619,#3727,#3728);
#3177=AXIS2_PLACEMENT_3D('',#4620,#3729,#3730);
#3178=AXIS2_PLACEMENT_3D('',#4622,#3731,#3732);
#3179=AXIS2_PLACEMENT_3D('',#4624,#3733,#3734);
#3180=AXIS2_PLACEMENT_3D('',#4625,#3735,#3736);
#3181=AXIS2_PLACEMENT_3D('',#4627,#3737,#3738);
#3182=AXIS2_PLACEMENT_3D('',#4629,#3739,#3740);
#3183=AXIS2_PLACEMENT_3D('',#4630,#3741,#3742);
#3184=AXIS2_PLACEMENT_3D('',#4632,#3743,#3744);
#3185=AXIS2_PLACEMENT_3D('',#4633,#3745,#3746);
#3186=AXIS2_PLACEMENT_3D('',#4634,#3747,#3748);
#3187=AXIS2_PLACEMENT_3D('',#4636,#3749,#3750);
#3188=AXIS2_PLACEMENT_3D('',#4637,#3751,#3752);
#3189=AXIS2_PLACEMENT_3D('',#4638,#3753,#3754);
#3190=AXIS2_PLACEMENT_3D('',#4639,#3755,#3756);
#3191=AXIS2_PLACEMENT_3D('',#4640,#3757,#3758);
#3192=AXIS2_PLACEMENT_3D('',#4641,#3759,#3760);
#3193=AXIS2_PLACEMENT_3D('',#4642,#3761,#3762);
#3194=AXIS2_PLACEMENT_3D('',#4643,#3763,#3764);
#3195=AXIS2_PLACEMENT_3D('',#4644,#3765,#3766);
#3196=AXIS2_PLACEMENT_3D('',#4645,#3767,#3768);
#3197=AXIS2_PLACEMENT_3D('',#4646,#3769,#3770);
#3198=AXIS2_PLACEMENT_3D('',#4647,#3771,#3772);
#3199=AXIS2_PLACEMENT_3D('',#4648,#3773,#3774);
#3200=AXIS2_PLACEMENT_3D('',#4649,#3775,#3776);
#3201=AXIS2_PLACEMENT_3D('',#4650,#3777,#3778);
#3202=AXIS2_PLACEMENT_3D('',#4651,#3779,#3780);
#3203=AXIS2_PLACEMENT_3D('',#4652,#3781,#3782);
#3204=AXIS2_PLACEMENT_3D('',#4653,#3783,#3784);
#3205=AXIS2_PLACEMENT_3D('',#4654,#3785,#3786);
#3206=AXIS2_PLACEMENT_3D('',#4687,#3792,#3793);
#3207=AXIS2_PLACEMENT_3D('',#4688,#3794,#3795);
#3208=AXIS2_PLACEMENT_3D('',#4697,#3799,#3800);
#3209=AXIS2_PLACEMENT_3D('',#4700,#3802,#3803);
#3210=AXIS2_PLACEMENT_3D('',#4704,#3805,#3806);
#3211=AXIS2_PLACEMENT_3D('',#4706,#3807,#3808);
#3212=AXIS2_PLACEMENT_3D('',#4714,#3812,#3813);
#3213=AXIS2_PLACEMENT_3D('',#4715,#3814,#3815);
#3214=AXIS2_PLACEMENT_3D('',#4721,#3818,#3819);
#3215=AXIS2_PLACEMENT_3D('',#4725,#3821,#3822);
#3216=AXIS2_PLACEMENT_3D('',#4728,#3824,#3825);
#3217=AXIS2_PLACEMENT_3D('',#4734,#3828,#3829);
#3218=AXIS2_PLACEMENT_3D('',#4738,#3831,#3832);
#3219=AXIS2_PLACEMENT_3D('',#4741,#3834,#3835);
#3220=AXIS2_PLACEMENT_3D('',#4750,#3840,#3841);
#3221=AXIS2_PLACEMENT_3D('',#4758,#3846,#3847);
#3222=AXIS2_PLACEMENT_3D('',#4767,#3852,#3853);
#3223=AXIS2_PLACEMENT_3D('',#4768,#3854,#3855);
#3224=AXIS2_PLACEMENT_3D('',#4772,#3859,#3860);
#3225=AXIS2_PLACEMENT_3D('',#4773,#3861,#3862);
#3226=AXIS2_PLACEMENT_3D('',#4781,#3867,#3868);
#3227=AXIS2_PLACEMENT_3D('',#4786,#3872,#3873);
#3228=AXIS2_PLACEMENT_3D('',#4787,#3874,#3875);
#3229=AXIS2_PLACEMENT_3D('',#4788,#3876,#3877);
#3230=AXIS2_PLACEMENT_3D('',#4801,#3880,#3881);
#3231=AXIS2_PLACEMENT_3D('',#4804,#3884,#3885);
#3232=AXIS2_PLACEMENT_3D('',#4811,#3887,#3888);
#3233=AXIS2_PLACEMENT_3D('',#4812,#3889,#3890);
#3234=AXIS2_PLACEMENT_3D('',#4813,#3891,#3892);
#3235=AXIS2_PLACEMENT_3D('',#4814,#3893,#3894);
#3236=AXIS2_PLACEMENT_3D('',#4815,#3895,#3896);
#3237=AXIS2_PLACEMENT_3D('',#4816,#3897,#3898);
#3238=AXIS2_PLACEMENT_3D('',#4817,#3899,#3900);
#3239=AXIS2_PLACEMENT_3D('',#4818,#3901,#3902);
#3240=AXIS2_PLACEMENT_3D('',#4819,#3903,#3904);
#3241=AXIS2_PLACEMENT_3D('',#4820,#3905,#3906);
#3242=AXIS2_PLACEMENT_3D('',#4821,#3907,#3908);
#3243=AXIS2_PLACEMENT_3D('',#4822,#3909,#3910);
#3244=AXIS2_PLACEMENT_3D('',#4823,#3911,#3912);
#3245=AXIS2_PLACEMENT_3D('',#4824,#3913,#3914);
#3246=AXIS2_PLACEMENT_3D('',#4825,#3915,#3916);
#3247=AXIS2_PLACEMENT_3D('',#4826,#3917,#3918);
#3248=AXIS2_PLACEMENT_3D('',#4827,#3919,#3920);
#3249=AXIS2_PLACEMENT_3D('',#4828,#3921,#3922);
#3250=AXIS2_PLACEMENT_3D('',#4830,#3923,#3924);
#3251=AXIS2_PLACEMENT_3D('',#4831,#3925,#3926);
#3252=AXIS2_PLACEMENT_3D('',#4832,#3927,#3928);
#3253=AXIS2_PLACEMENT_3D('',#4833,#3929,#3930);
#3254=AXIS2_PLACEMENT_3D('',#4834,#3931,#3932);
#3255=AXIS2_PLACEMENT_3D('',#4835,#3933,#3934);
#3256=AXIS2_PLACEMENT_3D('',#4836,#3935,#3936);
#3257=AXIS2_PLACEMENT_3D('',#4837,#3937,#3938);
#3258=AXIS2_PLACEMENT_3D('',#4843,#3942,#3943);
#3259=AXIS2_PLACEMENT_3D('',#4847,#3945,#3946);
#3260=AXIS2_PLACEMENT_3D('',#4852,#3949,#3950);
#3261=AXIS2_PLACEMENT_3D('',#4858,#3954,#3955);
#3262=AXIS2_PLACEMENT_3D('',#4864,#3959,#3960);
#3263=AXIS2_PLACEMENT_3D('',#4865,#3961,#3962);
#3264=AXIS2_PLACEMENT_3D('',#4867,#3963,#3964);
#3265=AXIS2_PLACEMENT_3D('',#4869,#3965,#3966);
#3266=AXIS2_PLACEMENT_3D('',#4872,#3969,#3970);
#3267=AXIS2_PLACEMENT_3D('',#4873,#3971,#3972);
#3268=AXIS2_PLACEMENT_3D('',#4875,#3973,#3974);
#3269=AXIS2_PLACEMENT_3D('',#4877,#3975,#3976);
#3270=AXIS2_PLACEMENT_3D('',#4894,#3979,#3980);
#3271=AXIS2_PLACEMENT_3D('',#4993,#3983,#3984);
#3272=AXIS2_PLACEMENT_3D('',#4994,#3985,#3986);
#3273=AXIS2_PLACEMENT_3D('',#5063,#3987,#3988);
#3274=AXIS2_PLACEMENT_3D('',#5064,#3989,#3990);
#3275=AXIS2_PLACEMENT_3D('',#5065,#3991,#3992);
#3276=AXIS2_PLACEMENT_3D('',#5066,#3993,#3994);
#3277=AXIS2_PLACEMENT_3D('',#5067,#3995,#3996);
#3278=AXIS2_PLACEMENT_3D('',#5076,#4001,#4002);
#3279=AXIS2_PLACEMENT_3D('',#5085,#4007,#4008);
#3280=AXIS2_PLACEMENT_3D('',#5094,#4013,#4014);
#3281=AXIS2_PLACEMENT_3D('',#5103,#4019,#4020);
#3282=AXIS2_PLACEMENT_3D('',#5112,#4025,#4026);
#3283=AXIS2_PLACEMENT_3D('',#5113,#4027,#4028);
#3284=AXIS2_PLACEMENT_3D('',#5121,#4032,#4033);
#3285=AXIS2_PLACEMENT_3D('',#5122,#4034,#4035);
#3286=AXIS2_PLACEMENT_3D('',#5128,#4039,#4040);
#3287=AXIS2_PLACEMENT_3D('',#5134,#4044,#4045);
#3288=AXIS2_PLACEMENT_3D('',#5140,#4049,#4050);
#3289=AXIS2_PLACEMENT_3D('',#5146,#4054,#4055);
#3290=AXIS2_PLACEMENT_3D('',#5155,#4060,#4061);
#3291=AXIS2_PLACEMENT_3D('',#5156,#4062,#4063);
#3292=AXIS2_PLACEMENT_3D('',#5161,#4065,#4066);
#3293=AXIS2_PLACEMENT_3D('',#5164,#4068,#4069);
#3294=AXIS2_PLACEMENT_3D('',#5165,#4070,#4071);
#3295=AXIS2_PLACEMENT_3D('',#5167,#4072,#4073);
#3296=AXIS2_PLACEMENT_3D('',#5195,#4076,#4077);
#3297=AXIS2_PLACEMENT_3D('',#5199,#4079,#4080);
#3298=AXIS2_PLACEMENT_3D('',#5219,#4084,#4085);
#3299=AXIS2_PLACEMENT_3D('',#5220,#4086,#4087);
#3300=AXIS2_PLACEMENT_3D('',#5221,#4088,#4089);
#3301=AXIS2_PLACEMENT_3D('',#5223,#4090,#4091);
#3302=AXIS2_PLACEMENT_3D('',#5225,#4092,#4093);
#3303=AXIS2_PLACEMENT_3D('',#5229,#4095,#4096);
#3304=AXIS2_PLACEMENT_3D('',#5239,#4097,#4098);
#3305=AXIS2_PLACEMENT_3D('',#5243,#4100,#4101);
#3306=AXIS2_PLACEMENT_3D('',#5244,#4102,#4103);
#3307=AXIS2_PLACEMENT_3D('',#5251,#4106,#4107);
#3308=AXIS2_PLACEMENT_3D('',#5257,#4111,#4112);
#3309=AXIS2_PLACEMENT_3D('',#5266,#4113,#4114);
#3310=AXIS2_PLACEMENT_3D('',#5270,#4116,#4117);
#3311=AXIS2_PLACEMENT_3D('',#5274,#4119,#4120);
#3312=AXIS2_PLACEMENT_3D('',#5280,#4123,#4124);
#3313=AXIS2_PLACEMENT_3D('',#5287,#4128,#4129);
#3314=AXIS2_PLACEMENT_3D('',#5288,#4130,#4131);
#3315=AXIS2_PLACEMENT_3D('',#5289,#4132,#4133);
#3316=AXIS2_PLACEMENT_3D('',#5290,#4134,#4135);
#3317=AXIS2_PLACEMENT_3D('',#5291,#4136,#4137);
#3318=AXIS2_PLACEMENT_3D('',#5292,#4138,#4139);
#3319=AXIS2_PLACEMENT_3D('',#5293,#4140,#4141);
#3320=AXIS2_PLACEMENT_3D('',#5315,#4142,#4143);
#3321=AXIS2_PLACEMENT_3D('',#5316,#4144,#4145);
#3322=AXIS2_PLACEMENT_3D('',#5317,#4146,#4147);
#3323=AXIS2_PLACEMENT_3D('',#5318,#4148,#4149);
#3324=AXIS2_PLACEMENT_3D('',#5319,#4150,#4151);
#3325=AXIS2_PLACEMENT_3D('',#5320,#4152,#4153);
#3326=AXIS2_PLACEMENT_3D('',#5321,#4154,#4155);
#3327=AXIS2_PLACEMENT_3D('',#5322,#4156,#4157);
#3328=AXIS2_PLACEMENT_3D('',#5323,#4158,#4159);
#3329=AXIS2_PLACEMENT_3D('',#5324,#4160,#4161);
#3330=AXIS2_PLACEMENT_3D('',#5325,#4162,#4163);
#3331=AXIS2_PLACEMENT_3D('',#5326,#4164,#4165);
#3332=AXIS2_PLACEMENT_3D('',#5327,#4166,#4167);
#3333=AXIS2_PLACEMENT_3D('',#5328,#4168,#4169);
#3334=AXIS2_PLACEMENT_3D('',#5329,#4170,#4171);
#3335=AXIS2_PLACEMENT_3D('',#5330,#4172,#4173);
#3336=AXIS2_PLACEMENT_3D('',#5331,#4174,#4175);
#3337=AXIS2_PLACEMENT_3D('',#5332,#4176,#4177);
#3338=AXIS2_PLACEMENT_3D('',#5333,#4178,#4179);
#3339=AXIS2_PLACEMENT_3D('',#5334,#4180,#4181);
#3340=AXIS2_PLACEMENT_3D('',#5335,#4182,#4183);
#3341=AXIS2_PLACEMENT_3D('',#5336,#4184,#4185);
#3342=AXIS2_PLACEMENT_3D('',#5337,#4186,#4187);
#3343=AXIS2_PLACEMENT_3D('',#5338,#4188,#4189);
#3344=AXIS2_PLACEMENT_3D('',#5339,#4190,#4191);
#3345=AXIS2_PLACEMENT_3D('',#5355,#4192,#4193);
#3346=AXIS2_PLACEMENT_3D('',#5361,#4194,#4195);
#3347=AXIS2_PLACEMENT_3D('',#5362,#4196,#4197);
#3348=AXIS2_PLACEMENT_3D('',#5363,#4198,#4199);
#3349=AXIS2_PLACEMENT_3D('',#5364,#4200,#4201);
#3350=AXIS2_PLACEMENT_3D('',#5365,#4202,#4203);
#3351=AXIS2_PLACEMENT_3D('',#5371,#4204,#4205);
#3352=AXIS2_PLACEMENT_3D('',#5372,#4206,#4207);
#3353=AXIS2_PLACEMENT_3D('',#5373,#4208,#4209);
#3354=AXIS2_PLACEMENT_3D('',#5374,#4210,#4211);
#3355=AXIS2_PLACEMENT_3D('',#5375,#4212,#4213);
#3356=AXIS2_PLACEMENT_3D('',#5376,#4214,#4215);
#3357=AXIS2_PLACEMENT_3D('',#5377,#4216,#4217);
#3358=AXIS2_PLACEMENT_3D('',#5378,#4218,#4219);
#3359=AXIS2_PLACEMENT_3D('',#5379,#4220,#4221);
#3360=AXIS2_PLACEMENT_3D('',#5380,#4222,#4223);
#3361=AXIS2_PLACEMENT_3D('',#5381,#4224,#4225);
#3362=AXIS2_PLACEMENT_3D('',#5382,#4226,#4227);
#3363=AXIS2_PLACEMENT_3D('',#5383,#4228,#4229);
#3364=AXIS2_PLACEMENT_3D('',#5384,#4230,#4231);
#3365=AXIS2_PLACEMENT_3D('',#5385,#4232,#4233);
#3366=AXIS2_PLACEMENT_3D('',#5386,#4234,#4235);
#3367=AXIS2_PLACEMENT_3D('',#5387,#4236,#4237);
#3368=AXIS2_PLACEMENT_3D('',#5388,#4238,#4239);
#3369=AXIS2_PLACEMENT_3D('',#5389,#4240,#4241);
#3370=AXIS2_PLACEMENT_3D('',#5390,#4242,#4243);
#3371=AXIS2_PLACEMENT_3D('',#5391,#4244,#4245);
#3372=AXIS2_PLACEMENT_3D('',#5392,#4246,#4247);
#3373=AXIS2_PLACEMENT_3D('',#5393,#4248,#4249);
#3374=AXIS2_PLACEMENT_3D('',#5394,#4250,#4251);
#3375=AXIS2_PLACEMENT_3D('',#5395,#4252,#4253);
#3376=AXIS2_PLACEMENT_3D('',#5396,#4254,#4255);
#3377=AXIS2_PLACEMENT_3D('',#5397,#4256,#4257);
#3378=AXIS2_PLACEMENT_3D('',#5398,#4258,#4259);
#3379=AXIS2_PLACEMENT_3D('',#5399,#4260,#4261);
#3380=AXIS2_PLACEMENT_3D('',#5400,#4262,#4263);
#3381=AXIS2_PLACEMENT_3D('',#5401,#4264,#4265);
#3382=AXIS2_PLACEMENT_3D('',#5402,#4266,#4267);
#3383=AXIS2_PLACEMENT_3D('',#5403,#4268,#4269);
#3384=AXIS2_PLACEMENT_3D('',#5404,#4270,#4271);
#3385=AXIS2_PLACEMENT_3D('',#5405,#4272,#4273);
#3386=AXIS2_PLACEMENT_3D('',#5406,#4274,#4275);
#3387=AXIS2_PLACEMENT_3D('',#5422,#4276,#4277);
#3388=AXIS2_PLACEMENT_3D('',#5423,#4278,#4279);
#3389=AXIS2_PLACEMENT_3D('',#5424,#4280,#4281);
#3390=AXIS2_PLACEMENT_3D('',#5425,#4282,#4283);
#3391=AXIS2_PLACEMENT_3D('',#5426,#4284,#4285);
#3392=AXIS2_PLACEMENT_3D('',#5427,#4286,#4287);
#3393=AXIS2_PLACEMENT_3D('',#5443,#4288,#4289);
#3394=AXIS2_PLACEMENT_3D('',#5459,#4290,#4291);
#3395=AXIS2_PLACEMENT_3D('',#5460,#4292,#4293);
#3396=AXIS2_PLACEMENT_3D('',#5461,#4294,#4295);
#3397=AXIS2_PLACEMENT_3D('',#5462,#4296,#4297);
#3398=AXIS2_PLACEMENT_3D('',#5463,#4298,#4299);
#3399=AXIS2_PLACEMENT_3D('',#5479,#4300,#4301);
#3400=DIRECTION('',(0.,0.,1.));
#3401=DIRECTION('',(1.,0.,0.));
#3402=DIRECTION('',(0.,1.,0.));
#3403=DIRECTION('',(0.,0.,1.));
#3404=DIRECTION('',(1.,0.,0.));
#3405=DIRECTION('',(0.,0.,-1.));
#3406=DIRECTION('',(1.,0.,0.));
#3407=DIRECTION('',(0.,0.,-1.));
#3408=DIRECTION('',(1.,6.60847038467355E-16,0.));
#3409=DIRECTION('',(-6.60847038467355E-16,1.,0.));
#3410=DIRECTION('',(6.60847038467355E-16,-1.,0.));
#3411=DIRECTION('',(0.,0.,-1.));
#3412=DIRECTION('',(6.60847038467355E-16,-1.,0.));
#3413=DIRECTION('',(0.,-1.,0.));
#3414=DIRECTION('',(0.,0.,-1.));
#3415=DIRECTION('',(-1.,0.,0.));
#3416=DIRECTION('',(0.,0.,-1.));
#3417=DIRECTION('',(1.,0.,0.));
#3418=DIRECTION('',(0.,0.,-1.));
#3419=DIRECTION('',(1.,0.,0.));
#3420=DIRECTION('',(0.,0.,-1.));
#3421=DIRECTION('',(1.,0.,0.));
#3422=DIRECTION('',(0.,0.,-1.));
#3423=DIRECTION('',(1.,0.,0.));
#3424=DIRECTION('',(1.,0.,0.));
#3425=DIRECTION('',(0.,0.,-1.));
#3426=DIRECTION('',(-1.,0.,0.));
#3427=DIRECTION('',(0.,-1.,0.));
#3428=DIRECTION('',(0.,0.,-1.));
#3429=DIRECTION('',(-1.,0.,0.));
#3430=DIRECTION('',(0.,0.,-1.));
#3431=DIRECTION('',(-1.,0.,0.));
#3432=DIRECTION('',(0.,0.,-1.));
#3433=DIRECTION('',(1.,0.,0.));
#3434=DIRECTION('',(1.,0.,0.));
#3435=DIRECTION('',(0.,0.,-1.));
#3436=DIRECTION('',(1.,3.69090101271662E-16,0.));
#3437=DIRECTION('',(0.,0.,-1.));
#3438=DIRECTION('',(1.,3.69090101271662E-16,0.));
#3439=DIRECTION('',(0.,0.,-1.));
#3440=DIRECTION('',(1.,0.,0.));
#3441=DIRECTION('',(0.,0.,-1.));
#3442=DIRECTION('',(1.,6.60847038467355E-16,0.));
#3443=DIRECTION('',(-6.60847038467355E-16,1.,0.));
#3444=DIRECTION('',(6.60847038467355E-16,-1.,0.));
#3445=DIRECTION('',(0.,0.,-1.));
#3446=DIRECTION('',(6.60847038467355E-16,-1.,0.));
#3447=DIRECTION('',(0.,1.,0.));
#3448=DIRECTION('',(0.,0.,1.));
#3449=DIRECTION('',(1.,0.,0.));
#3450=DIRECTION('',(0.,0.,-1.));
#3451=DIRECTION('',(1.,0.,0.));
#3452=DIRECTION('',(0.,0.,-1.));
#3453=DIRECTION('',(-1.,0.,0.));
#3454=DIRECTION('',(0.,0.,1.));
#3455=DIRECTION('',(1.,0.,0.));
#3456=DIRECTION('',(0.,0.,1.));
#3457=DIRECTION('',(1.,0.,0.));
#3458=DIRECTION('',(0.,0.,1.));
#3459=DIRECTION('',(1.,0.,0.));
#3460=DIRECTION('',(0.,-1.,0.));
#3461=DIRECTION('',(0.,0.,1.));
#3462=DIRECTION('',(1.,0.,0.));
#3463=DIRECTION('',(0.,-1.,0.));
#3464=DIRECTION('',(1.,0.,0.));
#3465=DIRECTION('',(0.,0.,-1.));
#3466=DIRECTION('',(0.,-1.,0.));
#3467=DIRECTION('',(0.,-1.,0.));
#3468=DIRECTION('',(7.03997308356035E-17,-1.,0.));
#3469=DIRECTION('',(1.,7.03997308356035E-17,0.));
#3470=DIRECTION('',(-1.,-7.03997308356035E-17,0.));
#3471=DIRECTION('',(0.,0.,-1.));
#3472=DIRECTION('',(-1.,-7.03997308356035E-17,0.));
#3473=DIRECTION('',(0.,0.,-1.));
#3474=DIRECTION('',(-1.,-3.30423519233678E-16,0.));
#3475=DIRECTION('',(3.30423519233678E-16,-1.,0.));
#3476=DIRECTION('',(-3.30423519233678E-16,1.,0.));
#3477=DIRECTION('',(-3.30423519233678E-16,1.,0.));
#3478=DIRECTION('',(-1.,-3.30423519233678E-16,0.));
#3479=DIRECTION('',(3.30423519233678E-16,-1.,0.));
#3480=DIRECTION('',(-3.30423519233678E-16,1.,0.));
#3481=DIRECTION('',(0.,0.,-1.));
#3482=DIRECTION('',(-3.30423519233678E-16,1.,0.));
#3483=DIRECTION('',(7.03997308356035E-17,-1.,0.));
#3484=DIRECTION('',(1.,7.03997308356035E-17,0.));
#3485=DIRECTION('',(-1.,-7.03997308356035E-17,0.));
#3486=DIRECTION('',(0.,0.,-1.));
#3487=DIRECTION('',(-1.,-7.03997308356035E-17,0.));
#3488=DIRECTION('',(0.,0.,-1.));
#3489=DIRECTION('',(-1.,0.,0.));
#3490=DIRECTION('',(0.,0.,1.));
#3491=DIRECTION('',(1.,0.,0.));
#3492=DIRECTION('',(0.,0.,1.));
#3493=DIRECTION('',(1.,0.,0.));
#3494=DIRECTION('',(0.,0.,1.));
#3495=DIRECTION('',(1.,0.,0.));
#3496=DIRECTION('',(-2.94020928131662E-16,1.,0.));
#3497=DIRECTION('',(0.,0.,1.));
#3498=DIRECTION('',(1.,0.,0.));
#3499=DIRECTION('',(-2.94020928131662E-16,1.,0.));
#3500=DIRECTION('',(1.,0.,0.));
#3501=DIRECTION('',(0.,0.,-1.));
#3502=DIRECTION('',(0.,-1.,0.));
#3503=DIRECTION('',(0.,0.,1.));
#3504=DIRECTION('',(1.,0.,0.));
#3505=DIRECTION('',(0.,0.,1.));
#3506=DIRECTION('',(1.,0.,0.));
#3507=DIRECTION('',(-1.,-4.53713580578548E-16,0.));
#3508=DIRECTION('',(0.,0.,1.));
#3509=DIRECTION('',(1.,0.,0.));
#3510=DIRECTION('',(-1.,-4.53713580578548E-16,0.));
#3511=DIRECTION('',(0.,0.,1.));
#3512=DIRECTION('',(1.,0.,0.));
#3513=DIRECTION('',(0.,-1.,0.));
#3514=DIRECTION('',(0.,0.,1.));
#3515=DIRECTION('',(1.,0.,0.));
#3516=DIRECTION('',(0.,0.,1.));
#3517=DIRECTION('',(1.,0.,0.));
#3518=DIRECTION('',(1.,0.,0.));
#3519=DIRECTION('',(0.,0.,-1.));
#3520=DIRECTION('',(0.,-1.,0.));
#3521=DIRECTION('',(1.,0.,0.));
#3522=DIRECTION('',(0.,0.,-1.));
#3523=DIRECTION('',(0.,0.,1.));
#3524=DIRECTION('',(1.,0.,0.));
#3525=DIRECTION('',(0.,0.,1.));
#3526=DIRECTION('',(1.,0.,0.));
#3527=DIRECTION('',(0.,0.,1.));
#3528=DIRECTION('',(1.,0.,0.));
#3529=DIRECTION('',(0.,0.,-1.));
#3530=DIRECTION('',(-1.,0.,0.));
#3531=DIRECTION('',(0.,0.,-1.));
#3532=DIRECTION('',(0.,0.,1.));
#3533=DIRECTION('',(1.,0.,0.));
#3534=DIRECTION('',(0.,0.,-1.));
#3535=DIRECTION('',(4.53713580578548E-16,-1.,0.));
#3536=DIRECTION('',(1.,4.53713580578548E-16,0.));
#3537=DIRECTION('',(0.,0.,-1.));
#3538=DIRECTION('',(-1.,-4.53713580578548E-16,0.));
#3539=DIRECTION('',(0.,0.,-1.));
#3540=DIRECTION('',(-1.,0.,0.));
#3541=DIRECTION('',(0.,0.,-1.));
#3542=DIRECTION('',(0.,0.,1.));
#3543=DIRECTION('',(1.,0.,0.));
#3544=DIRECTION('',(4.53713580578548E-16,-1.,0.));
#3545=DIRECTION('',(1.,4.53713580578548E-16,0.));
#3546=DIRECTION('',(-1.,-4.53713580578548E-16,0.));
#3547=DIRECTION('',(0.,0.,1.));
#3548=DIRECTION('',(1.,0.,0.));
#3549=DIRECTION('',(0.,0.,1.));
#3550=DIRECTION('',(1.,0.,0.));
#3551=DIRECTION('',(0.,0.,-1.));
#3552=DIRECTION('',(-1.,0.,0.));
#3553=DIRECTION('',(0.,0.,1.));
#3554=DIRECTION('',(1.,0.,0.));
#3555=DIRECTION('',(0.,0.,1.));
#3556=DIRECTION('',(1.,0.,0.));
#3557=DIRECTION('',(0.73575731192078,-0.67724528640302,-3.19189119579733E-16));
#3558=DIRECTION('',(0.117257727236373,0.127388454265348,0.984897358674114));
#3559=DIRECTION('',(-1.,-6.76965258917779E-16,0.));
#3560=DIRECTION('',(6.76965258917779E-16,-1.,0.));
#3561=DIRECTION('',(0.,0.,-1.));
#3562=DIRECTION('',(1.,0.,0.));
#3563=DIRECTION('',(0.,0.,-1.));
#3564=DIRECTION('',(0.,-0.994856888476885,0.101290529913169));
#3565=DIRECTION('',(1.,0.,0.));
#3566=DIRECTION('',(0.,0.,-1.));
#3567=DIRECTION('',(0.,-0.994917321042313,-0.100695204900667));
#3568=DIRECTION('',(1.,0.,0.));
#3569=DIRECTION('',(0.,0.,-1.));
#3570=DIRECTION('',(0.,0.,-1.));
#3571=DIRECTION('',(-6.76965258917779E-16,1.,0.));
#3572=DIRECTION('',(0.,0.,-1.));
#3573=DIRECTION('',(-6.76965258917779E-16,1.,0.));
#3574=DIRECTION('',(-2.69366999375281E-16,1.,0.));
#3575=DIRECTION('',(-1.,-2.69366999375281E-16,0.));
#3576=DIRECTION('',(1.,2.69366999375281E-16,0.));
#3577=DIRECTION('',(0.,0.,-1.));
#3578=DIRECTION('',(1.,2.69366999375281E-16,0.));
#3579=DIRECTION('',(0.,0.,-1.));
#3580=DIRECTION('',(-1.,-4.62592926927149E-16,0.));
#3581=DIRECTION('',(4.62592926927149E-16,-1.,0.));
#3582=DIRECTION('',(-4.62592926927149E-16,1.,0.));
#3583=DIRECTION('',(0.,0.,-1.));
#3584=DIRECTION('',(-4.62592926927149E-16,1.,0.));
#3585=DIRECTION('',(0.,-1.,0.));
#3586=DIRECTION('',(0.,0.,-1.));
#3587=DIRECTION('',(-1.,0.,0.));
#3588=DIRECTION('',(0.,0.,-1.));
#3589=DIRECTION('',(-1.,0.,0.));
#3590=DIRECTION('',(1.,3.3848262945889E-16,0.));
#3591=DIRECTION('',(-3.3848262945889E-16,1.,0.));
#3592=DIRECTION('',(3.38482629458889E-16,-1.,0.));
#3593=DIRECTION('',(0.,0.,-1.));
#3594=DIRECTION('',(3.38482629458889E-16,-1.,0.));
#3595=DIRECTION('',(1.2303003375722E-16,-1.,0.));
#3596=DIRECTION('',(1.,1.2303003375722E-16,0.));
#3597=DIRECTION('',(-1.,-1.2303003375722E-16,0.));
#3598=DIRECTION('',(0.,0.,-1.));
#3599=DIRECTION('',(-1.,-1.2303003375722E-16,0.));
#3600=DIRECTION('',(0.,-1.,0.));
#3601=DIRECTION('',(0.,0.,-1.));
#3602=DIRECTION('',(-1.,0.,0.));
#3603=DIRECTION('',(0.,0.,-1.));
#3604=DIRECTION('',(-1.,0.,0.));
#3605=DIRECTION('',(1.,6.16790569236198E-16,0.));
#3606=DIRECTION('',(-6.16790569236198E-16,1.,0.));
#3607=DIRECTION('',(1.,6.16790569236198E-16,0.));
#3608=DIRECTION('',(-6.16790569236198E-16,1.,0.));
#3609=DIRECTION('',(6.13655620788642E-16,-0.994917321042313,-0.100695204900667));
#3610=DIRECTION('',(1.,6.16790569236198E-16,0.));
#3611=DIRECTION('',(-6.16790569236198E-16,1.,0.));
#3612=DIRECTION('',(6.13618346552211E-16,-0.994856888476885,0.101290529913169));
#3613=DIRECTION('',(6.16790569236198E-16,-1.,0.));
#3614=DIRECTION('',(6.16790569236198E-16,-1.,0.));
#3615=DIRECTION('',(0.,0.,1.));
#3616=DIRECTION('',(1.,0.,0.));
#3617=DIRECTION('',(0.,0.,1.));
#3618=DIRECTION('',(1.,0.,0.));
#3619=DIRECTION('',(1.,0.,0.));
#3620=DIRECTION('',(0.,1.,0.));
#3621=DIRECTION('',(1.,0.,0.));
#3622=DIRECTION('',(0.,0.,-1.));
#3623=DIRECTION('',(1.,0.,0.));
#3624=DIRECTION('',(0.,0.,-1.));
#3625=DIRECTION('',(1.,0.,0.));
#3626=DIRECTION('',(1.,0.,0.));
#3627=DIRECTION('',(0.,0.101290529913169,0.994856888476885));
#3628=DIRECTION('',(0.,-0.994856888476885,0.101290529913169));
#3629=DIRECTION('',(1.,0.,0.));
#3630=DIRECTION('',(1.,0.,0.));
#3631=DIRECTION('',(0.,0.,-1.));
#3632=DIRECTION('',(1.,0.,0.));
#3633=DIRECTION('',(0.,-0.100695204900667,0.994917321042313));
#3634=DIRECTION('',(0.,-0.994917321042313,-0.100695204900667));
#3635=DIRECTION('',(-0.00463666164976227,-0.00503725574796918,0.999976563437001));
#3636=DIRECTION('',(-0.735757311920777,0.677245286403023,3.41764863335976E-15));
#3637=DIRECTION('',(0.,0.,-1.));
#3638=DIRECTION('',(-1.,0.,0.));
#3639=DIRECTION('',(0.,0.,1.));
#3640=DIRECTION('',(1.,0.,0.));
#3641=DIRECTION('',(0.,0.,1.));
#3642=DIRECTION('',(1.,0.,0.));
#3643=DIRECTION('',(0.,0.,-1.));
#3644=DIRECTION('',(-1.,0.,0.));
#3645=DIRECTION('',(0.,0.,1.));
#3646=DIRECTION('',(1.,0.,0.));
#3647=DIRECTION('',(0.,0.,1.));
#3648=DIRECTION('',(1.,0.,0.));
#3649=DIRECTION('',(0.,0.,1.));
#3650=DIRECTION('',(1.,0.,0.));
#3651=DIRECTION('',(0.,0.,1.));
#3652=DIRECTION('',(1.,0.,0.));
#3653=DIRECTION('',(-0.00999453630333506,-0.0177837674608881,-0.999791901777054));
#3654=DIRECTION('',(0.999247937521912,-0.0376391356757091,-0.00931959354216451));
#3655=DIRECTION('',(0.,0.,-1.));
#3656=DIRECTION('',(-1.,0.,0.));
#3657=DIRECTION('',(0.,0.,1.));
#3658=DIRECTION('',(1.,0.,0.));
#3659=DIRECTION('',(0.,0.,1.));
#3660=DIRECTION('',(1.,0.,0.));
#3661=DIRECTION('',(0.,0.,-1.));
#3662=DIRECTION('',(-1.,0.,0.));
#3663=DIRECTION('',(0.,0.,1.));
#3664=DIRECTION('',(1.,0.,0.));
#3665=DIRECTION('',(0.,0.,1.));
#3666=DIRECTION('',(1.,0.,0.));
#3667=DIRECTION('',(0.,0.,1.));
#3668=DIRECTION('',(1.,0.,0.));
#3669=DIRECTION('',(0.,0.,1.));
#3670=DIRECTION('',(1.,0.,0.));
#3671=DIRECTION('',(0.,0.,1.));
#3672=DIRECTION('',(1.,0.,0.));
#3673=DIRECTION('',(0.,0.,1.));
#3674=DIRECTION('',(1.,0.,0.));
#3675=DIRECTION('',(0.,0.,1.));
#3676=DIRECTION('',(1.,0.,0.));
#3677=DIRECTION('',(0.,0.,-1.));
#3678=DIRECTION('',(-1.,0.,0.));
#3679=DIRECTION('',(0.,0.,1.));
#3680=DIRECTION('',(1.,0.,0.));
#3681=DIRECTION('',(-0.00999453630333507,-0.0177837674608882,-0.999791901777054));
#3682=DIRECTION('',(0.999247937521912,-0.0376391356757091,-0.00931959354216451));
#3683=DIRECTION('',(0.,0.,1.));
#3684=DIRECTION('',(1.,0.,0.));
#3685=DIRECTION('',(-1.,0.,0.));
#3686=DIRECTION('',(0.,0.,1.));
#3687=DIRECTION('',(1.,0.,0.));
#3688=DIRECTION('',(0.,0.,-1.));
#3689=DIRECTION('',(-1.,0.,0.));
#3690=DIRECTION('',(1.,0.,0.));
#3691=DIRECTION('',(0.,0.,-1.));
#3692=DIRECTION('',(-1.,0.,0.));
#3693=DIRECTION('',(0.,-0.101290529913169,-0.994856888476885));
#3694=DIRECTION('',(0.,0.994856888476885,-0.101290529913169));
#3695=DIRECTION('',(0.,-0.994856888476885,0.101290529913169));
#3696=DIRECTION('',(-1.,0.,0.));
#3697=DIRECTION('',(0.,-0.994856888476885,0.101290529913169));
#3698=DIRECTION('',(-1.,0.,0.));
#3699=DIRECTION('',(0.,0.,1.));
#3700=DIRECTION('',(1.,0.,0.));
#3701=DIRECTION('',(0.,0.,-1.));
#3702=DIRECTION('',(-1.,0.,0.));
#3703=DIRECTION('',(1.,0.,0.));
#3704=DIRECTION('',(0.,0.,-1.));
#3705=DIRECTION('',(0.,0.100695204900667,-0.994917321042313));
#3706=DIRECTION('',(0.,0.994917321042313,0.100695204900667));
#3707=DIRECTION('',(0.,-0.994917321042313,-0.100695204900667));
#3708=DIRECTION('',(0.,-0.994917321042313,-0.100695204900667));
#3709=DIRECTION('',(-1.,0.,0.));
#3710=DIRECTION('',(0.,0.,1.));
#3711=DIRECTION('',(1.,0.,0.));
#3712=DIRECTION('',(0.,0.,-1.));
#3713=DIRECTION('',(1.,0.,0.));
#3714=DIRECTION('',(0.,0.,-1.));
#3715=DIRECTION('',(1.,0.,0.));
#3716=DIRECTION('',(0.,1.,0.));
#3717=DIRECTION('',(1.,0.,0.));
#3718=DIRECTION('',(0.,1.,0.));
#3719=DIRECTION('',(-0.735757311920785,0.677245286403015,-1.05662006921747E-14));
#3720=DIRECTION('',(-0.00463666164977211,-0.00503725574795933,0.999976563437001));
#3721=DIRECTION('',(-0.735757311920779,0.677245286403021,1.16573417585641E-15));
#3722=DIRECTION('',(0.6506063352046,0.706816832718277,-0.277707330795829));
#3723=DIRECTION('',(-0.73575731192078,0.677245286403019,-6.78710559975926E-16));
#3724=DIRECTION('',(-0.00463666164976549,-0.00503725574796668,0.999976563437001));
#3725=DIRECTION('',(0.735757311920774,-0.677245286403026,-4.69069227904129E-15));
#3726=DIRECTION('',(0.650606335204604,0.706816832718273,-0.277707330795828));
#3727=DIRECTION('',(0.,0.,-1.));
#3728=DIRECTION('',(-1.,0.,0.));
#3729=DIRECTION('',(0.,0.,1.));
#3730=DIRECTION('',(1.,0.,0.));
#3731=DIRECTION('',(0.,0.,1.));
#3732=DIRECTION('',(1.,0.,0.));
#3733=DIRECTION('',(0.,0.,-1.));
#3734=DIRECTION('',(-1.,0.,0.));
#3735=DIRECTION('',(0.,0.,1.));
#3736=DIRECTION('',(1.,0.,0.));
#3737=DIRECTION('',(0.,0.,1.));
#3738=DIRECTION('',(1.,0.,0.));
#3739=DIRECTION('',(0.,0.,1.));
#3740=DIRECTION('',(1.,0.,0.));
#3741=DIRECTION('',(0.,0.,1.));
#3742=DIRECTION('',(1.,0.,0.));
#3743=DIRECTION('',(0.,0.,1.));
#3744=DIRECTION('',(1.,0.,0.));
#3745=DIRECTION('',(0.,0.,1.));
#3746=DIRECTION('',(1.,0.,0.));
#3747=DIRECTION('',(0.,0.,1.));
#3748=DIRECTION('',(1.,0.,0.));
#3749=DIRECTION('',(0.,0.,-1.));
#3750=DIRECTION('',(-1.,0.,0.));
#3751=DIRECTION('',(0.,0.,1.));
#3752=DIRECTION('',(1.,0.,0.));
#3753=DIRECTION('',(0.735757311920779,-0.67724528640302,-1.94289029309402E-16));
#3754=DIRECTION('',(0.650606335204599,0.706816832718277,-0.277707330795828));
#3755=DIRECTION('',(0.,0.,1.));
#3756=DIRECTION('',(1.,0.,0.));
#3757=DIRECTION('',(-0.187739738110783,-0.203959906146767,-0.960809110811662));
#3758=DIRECTION('',(0.73575731192078,-0.677245286403019,-8.73781122159663E-16));
#3759=DIRECTION('',(-0.735757311920776,0.677245286403024,1.93040028406699E-14));
#3760=DIRECTION('',(0.654259208022943,0.710785303137449,-0.25831984352929));
#3761=DIRECTION('',(-0.735757311920778,0.677245286403022,1.56957780106382E-14));
#3762=DIRECTION('',(0.654259208022942,0.710785303137449,-0.25831984352929));
#3763=DIRECTION('',(0.,0.,1.));
#3764=DIRECTION('',(1.,0.,0.));
#3765=DIRECTION('',(0.735757311920779,-0.67724528640302,-4.9960036108132E-16));
#3766=DIRECTION('',(0.650606335204599,0.706816832718277,-0.277707330795829));
#3767=DIRECTION('',(0.735757311920773,-0.677245286403028,-4.46864767411626E-15));
#3768=DIRECTION('',(0.650606335204605,0.706816832718272,-0.277707330795828));
#3769=DIRECTION('',(0.,0.,1.));
#3770=DIRECTION('',(1.,0.,0.));
#3771=DIRECTION('',(-0.735757311920777,0.677245286403023,1.94844140821715E-14));
#3772=DIRECTION('',(0.654259208022942,0.710785303137449,-0.25831984352929));
#3773=DIRECTION('',(-0.735757311920777,0.677245286403023,1.77635683940025E-14));
#3774=DIRECTION('',(0.654259208022942,0.710785303137449,-0.25831984352929));
#3775=DIRECTION('',(0.,0.,1.));
#3776=DIRECTION('',(1.,0.,0.));
#3777=DIRECTION('',(0.00504190436075262,0.00547751025205522,-0.999972287656941));
#3778=DIRECTION('',(0.735757311920777,-0.677245286403023,3.62435299932554E-16));
#3779=DIRECTION('',(-0.00999453630333516,-0.0177837674608876,-0.999791901777054));
#3780=DIRECTION('',(0.999247937521912,-0.0376391356757084,-0.00931959354216464));
#3781=DIRECTION('',(-0.00999453630333493,-0.0177837674608816,-0.999791901777054));
#3782=DIRECTION('',(0.999247937521912,-0.0376391356757084,-0.00931959354216464));
#3783=DIRECTION('',(0.,0.,1.));
#3784=DIRECTION('',(1.,0.,0.));
#3785=DIRECTION('',(0.,0.,1.));
#3786=DIRECTION('',(1.,0.,0.));
#3787=DIRECTION('',(-4.24043516349886E-16,1.,0.));
#3788=DIRECTION('',(0.,-1.,-1.66147392000635E-12));
#3789=DIRECTION('',(3.0616625658712E-16,-1.,0.));
#3790=DIRECTION('',(3.0616625658712E-16,-1.,0.));
#3791=DIRECTION('',(-1.,-4.33680868994202E-16,0.));
#3792=DIRECTION('',(-1.,-6.76965258917779E-16,0.));
#3793=DIRECTION('',(6.76965258917779E-16,-1.,0.));
#3794=DIRECTION('',(1.,0.,0.));
#3795=DIRECTION('',(0.,0.,-1.));
#3796=DIRECTION('',(0.,0.,-1.));
#3797=DIRECTION('',(-6.76965258917779E-16,1.,0.));
#3798=DIRECTION('',(0.,0.,-1.));
#3799=DIRECTION('',(1.,0.,0.));
#3800=DIRECTION('',(0.,0.,-1.));
#3801=DIRECTION('',(6.82834638821803E-16,-0.994909100121492,0.100776398504026));
#3802=DIRECTION('',(1.,6.16790569236198E-16,0.));
#3803=DIRECTION('',(-6.16790569236198E-16,1.,0.));
#3804=DIRECTION('',(-6.13655620788642E-16,0.994917321042313,0.100695204900667));
#3805=DIRECTION('',(1.,6.16790569236198E-16,0.));
#3806=DIRECTION('',(-6.16790569236198E-16,1.,0.));
#3807=DIRECTION('',(1.,6.16790569236198E-16,0.));
#3808=DIRECTION('',(-6.16790569236198E-16,1.,0.));
#3809=DIRECTION('',(0.,0.,-1.));
#3810=DIRECTION('',(6.16790569236198E-16,-1.,0.));
#3811=DIRECTION('',(0.,0.,-1.));
#3812=DIRECTION('',(1.,6.16790569236198E-16,0.));
#3813=DIRECTION('',(-6.16790569236198E-16,1.,0.));
#3814=DIRECTION('',(-1.,-6.76965258917779E-16,0.));
#3815=DIRECTION('',(6.76965258917779E-16,-1.,0.));
#3816=DIRECTION('',(-6.76965258917779E-16,1.,0.));
#3817=DIRECTION('',(0.,0.,-1.));
#3818=DIRECTION('',(1.,0.,0.));
#3819=DIRECTION('',(0.,0.,-1.));
#3820=DIRECTION('',(6.73524461841192E-16,-0.994917321042313,-0.100695204900667));
#3821=DIRECTION('',(1.,0.,0.));
#3822=DIRECTION('',(0.,0.,-1.));
#3823=DIRECTION('',(0.,0.,-1.));
#3824=DIRECTION('',(1.,6.16790569236198E-16,0.));
#3825=DIRECTION('',(-6.16790569236198E-16,1.,0.));
#3826=DIRECTION('',(6.16790569236198E-16,-1.,0.));
#3827=DIRECTION('',(0.,0.,-1.));
#3828=DIRECTION('',(1.,6.16790569236198E-16,0.));
#3829=DIRECTION('',(-6.16790569236198E-16,1.,0.));
#3830=DIRECTION('',(-6.13650550202209E-16,0.994909100121492,-0.100776398504026));
#3831=DIRECTION('',(1.,6.16790569236198E-16,0.));
#3832=DIRECTION('',(-6.16790569236198E-16,1.,0.));
#3833=DIRECTION('',(0.,0.,-1.));
#3834=DIRECTION('',(-2.15493599500224E-16,1.,0.));
#3835=DIRECTION('',(-1.,-2.15493599500224E-16,0.));
#3836=DIRECTION('',(0.,0.,-1.));
#3837=DIRECTION('',(1.,2.15493599500224E-16,0.));
#3838=DIRECTION('',(0.,0.,-1.));
#3839=DIRECTION('',(1.,2.15493599500224E-16,0.));
#3840=DIRECTION('',(-1.,-4.24043516349886E-16,0.));
#3841=DIRECTION('',(4.24043516349886E-16,-1.,0.));
#3842=DIRECTION('',(0.,0.,-1.));
#3843=DIRECTION('',(-4.24043516349886E-16,1.,0.));
#3844=DIRECTION('',(0.,0.,-1.));
#3845=DIRECTION('',(0.,-1.,-1.66147392000635E-12));
#3846=DIRECTION('',(1.,3.0616625658712E-16,0.));
#3847=DIRECTION('',(-3.0616625658712E-16,1.,0.));
#3848=DIRECTION('',(0.,0.,-1.));
#3849=DIRECTION('',(3.0616625658712E-16,-1.,0.));
#3850=DIRECTION('',(0.,0.,-1.));
#3851=DIRECTION('',(3.0616625658712E-16,-1.,0.));
#3852=DIRECTION('',(1.,3.0616625658712E-16,0.));
#3853=DIRECTION('',(-3.0616625658712E-16,1.,0.));
#3854=DIRECTION('',(1.2303003375722E-16,-1.,0.));
#3855=DIRECTION('',(1.,1.2303003375722E-16,0.));
#3856=DIRECTION('',(-1.,-1.2303003375722E-16,0.));
#3857=DIRECTION('',(-1.,-1.2303003375722E-16,0.));
#3858=DIRECTION('',(0.,0.,1.));
#3859=DIRECTION('',(0.,0.,1.));
#3860=DIRECTION('',(1.,0.,0.));
#3861=DIRECTION('',(0.,0.,1.));
#3862=DIRECTION('',(1.,0.,0.));
#3863=DIRECTION('',(3.0616625658712E-16,-1.,0.));
#3864=DIRECTION('',(-1.,-1.2303003375722E-16,0.));
#3865=DIRECTION('',(6.16790569236198E-16,-1.,0.));
#3866=DIRECTION('',(1.,2.15493599500224E-16,0.));
#3867=DIRECTION('',(0.,0.,1.));
#3868=DIRECTION('',(1.,0.,0.));
#3869=DIRECTION('',(-1.,-1.2303003375722E-16,0.));
#3870=DIRECTION('',(0.,-1.,-1.66147392000635E-12));
#3871=DIRECTION('',(6.16790569236198E-16,-1.,0.));
#3872=DIRECTION('',(1.,0.,0.));
#3873=DIRECTION('',(0.,1.,0.));
#3874=DIRECTION('',(1.,0.,0.));
#3875=DIRECTION('',(0.,0.,-1.));
#3876=DIRECTION('',(-1.,0.,0.));
#3877=DIRECTION('',(0.,0.,1.));
#3878=DIRECTION('',(-1.,0.,0.));
#3879=DIRECTION('',(-1.,0.,0.));
#3880=DIRECTION('',(0.,0.100695204900667,-0.994917321042313));
#3881=DIRECTION('',(0.,0.994917321042313,0.100695204900667));
#3882=DIRECTION('',(1.,0.,0.));
#3883=DIRECTION('',(-1.,0.,0.));
#3884=DIRECTION('',(-1.,0.,0.));
#3885=DIRECTION('',(0.,0.,1.));
#3886=DIRECTION('',(-1.,0.,0.));
#3887=DIRECTION('',(0.,-0.100776398504026,-0.994909100121492));
#3888=DIRECTION('',(0.,0.994909100121492,-0.100776398504026));
#3889=DIRECTION('',(0.,-8.67361737988404E-16,-1.));
#3890=DIRECTION('',(0.,1.,-8.67361737988404E-16));
#3891=DIRECTION('',(0.,0.,-1.));
#3892=DIRECTION('',(-1.,0.,0.));
#3893=DIRECTION('',(8.67361737988403E-16,-1.,0.));
#3894=DIRECTION('',(1.,8.67361737988403E-16,0.));
#3895=DIRECTION('',(1.,1.2303003375722E-16,0.));
#3896=DIRECTION('',(-1.2303003375722E-16,1.,0.));
#3897=DIRECTION('',(0.707106781186548,-0.707106781186547,0.));
#3898=DIRECTION('',(0.707106781186547,0.707106781186548,0.));
#3899=DIRECTION('',(6.76965258917779E-16,-1.,0.));
#3900=DIRECTION('',(1.,6.76965258917779E-16,0.));
#3901=DIRECTION('',(4.36136794078826E-16,-0.707106781186548,-0.707106781186548));
#3902=DIRECTION('',(-4.36136794078826E-16,0.707106781186548,-0.707106781186548));
#3903=DIRECTION('',(0.,0.,-1.));
#3904=DIRECTION('',(-1.,0.,0.));
#3905=DIRECTION('',(0.,0.,1.));
#3906=DIRECTION('',(1.,0.,0.));
#3907=DIRECTION('',(0.,0.,-1.));
#3908=DIRECTION('',(-1.,0.,0.));
#3909=DIRECTION('',(-4.36136794078826E-16,0.707106781186548,-0.707106781186548));
#3910=DIRECTION('',(4.36136794078826E-16,-0.707106781186548,-0.707106781186548));
#3911=DIRECTION('',(0.,-1.,0.));
#3912=DIRECTION('',(0.,0.,-1.));
#3913=DIRECTION('',(4.33680868994202E-16,-1.,4.33680868994202E-16));
#3914=DIRECTION('',(0.,-4.33680868994202E-16,-1.));
#3915=DIRECTION('',(6.16790569236198E-16,-1.,0.));
#3916=DIRECTION('',(1.,6.16790569236198E-16,0.));
#3917=DIRECTION('',(-0.707106781186548,0.707106781186547,0.));
#3918=DIRECTION('',(-0.707106781186547,-0.707106781186548,0.));
#3919=DIRECTION('',(1.,4.33680868994202E-16,0.));
#3920=DIRECTION('',(-4.33680868994202E-16,1.,0.));
#3921=DIRECTION('',(0.707106781186548,3.06658683336675E-16,-0.707106781186548));
#3922=DIRECTION('',(-0.707106781186548,-3.06658683336675E-16,-0.707106781186548));
#3923=DIRECTION('',(-0.707106781186548,-3.06658683336675E-16,-0.707106781186548));
#3924=DIRECTION('',(0.707106781186548,3.06658683336675E-16,-0.707106781186548));
#3925=DIRECTION('',(0.,0.,-1.));
#3926=DIRECTION('',(-1.,0.,0.));
#3927=DIRECTION('',(2.16492236203253E-16,-0.707106781186548,-0.707106781186548));
#3928=DIRECTION('',(-2.16492236203253E-16,0.707106781186548,-0.707106781186548));
#3929=DIRECTION('',(-1.,-1.2303003375722E-16,0.));
#3930=DIRECTION('',(1.2303003375722E-16,-1.,0.));
#3931=DIRECTION('',(-0.707106781186547,-0.707106781186548,0.));
#3932=DIRECTION('',(0.707106781186548,-0.707106781186547,0.));
#3933=DIRECTION('',(3.0616625658712E-16,-1.,0.));
#3934=DIRECTION('',(1.,3.0616625658712E-16,0.));
#3935=DIRECTION('',(-1.,0.,0.));
#3936=DIRECTION('',(0.,0.,1.));
#3937=DIRECTION('',(0.,1.,0.));
#3938=DIRECTION('',(0.,0.,1.));
#3939=DIRECTION('',(0.,0.,-1.));
#3940=DIRECTION('',(0.,0.,-1.));
#3941=DIRECTION('',(-1.,0.,0.));
#3942=DIRECTION('',(0.,1.,0.));
#3943=DIRECTION('',(0.,0.,1.));
#3944=DIRECTION('',(0.,0.,-1.));
#3945=DIRECTION('',(0.,1.,0.));
#3946=DIRECTION('',(0.,0.,-1.));
#3947=DIRECTION('',(0.,0.,-1.));
#3948=DIRECTION('',(-1.,0.,0.));
#3949=DIRECTION('',(0.,-1.83109700241996E-16,1.));
#3950=DIRECTION('',(0.,-1.,-1.83109700241996E-16));
#3951=DIRECTION('',(0.,1.,1.83109700241996E-16));
#3952=DIRECTION('',(-1.,0.,0.));
#3953=DIRECTION('',(0.,1.,1.83109700241996E-16));
#3954=DIRECTION('',(0.,1.,0.));
#3955=DIRECTION('',(0.,0.,1.));
#3956=DIRECTION('',(0.,0.,-1.));
#3957=DIRECTION('',(-1.,0.,0.));
#3958=DIRECTION('',(0.,0.,-1.));
#3959=DIRECTION('',(-1.,0.,0.));
#3960=DIRECTION('',(0.,0.,1.));
#3961=DIRECTION('',(-1.,0.,0.));
#3962=DIRECTION('',(0.,0.,-1.));
#3963=DIRECTION('',(-1.,0.,0.));
#3964=DIRECTION('',(0.,0.,-1.));
#3965=DIRECTION('',(0.,0.,1.));
#3966=DIRECTION('',(1.,0.,0.));
#3967=DIRECTION('',(0.,1.,0.));
#3968=DIRECTION('',(0.,1.,0.));
#3969=DIRECTION('',(-1.,0.,0.));
#3970=DIRECTION('',(0.,0.,1.));
#3971=DIRECTION('',(-1.,0.,0.));
#3972=DIRECTION('',(0.,0.,-1.));
#3973=DIRECTION('',(-1.,0.,0.));
#3974=DIRECTION('',(0.,0.,-1.));
#3975=DIRECTION('',(1.,0.,0.));
#3976=DIRECTION('',(0.,1.,0.));
#3977=DIRECTION('',(0.,0.,-1.));
#3978=DIRECTION('',(0.,0.99994366947381,0.0106140416078145));
#3979=DIRECTION('',(1.,0.,0.));
#3980=DIRECTION('',(0.,1.,0.));
#3981=DIRECTION('',(0.,0.99994366947381,0.0106140416078145));
#3982=DIRECTION('',(0.,0.,-1.));
#3983=DIRECTION('',(0.,0.,1.));
#3984=DIRECTION('',(1.,0.,0.));
#3985=DIRECTION('',(-3.46944695195361E-15,0.,1.));
#3986=DIRECTION('',(1.,0.,3.46944695195361E-15));
#3987=DIRECTION('',(-1.,0.,-3.46944695195361E-15));
#3988=DIRECTION('',(-3.46944695195361E-15,0.,1.));
#3989=DIRECTION('',(0.,0.99994366947381,0.0106140416078134));
#3990=DIRECTION('',(0.,-0.0106140416078134,0.99994366947381));
#3991=DIRECTION('',(0.,-0.99994366947381,-0.0106140416078145));
#3992=DIRECTION('',(0.,0.0106140416078145,-0.99994366947381));
#3993=DIRECTION('',(-0.18807598078104,-0.204325199207033,-0.960665726682417));
#3994=DIRECTION('',(0.73575731192078,-0.67724528640302,-9.3252403762589E-16));
#3995=DIRECTION('',(-0.0871557427476583,-0.996194698091746,0.));
#3996=DIRECTION('',(0.996194698091746,-0.0871557427476583,0.));
#3997=DIRECTION('',(0.,0.,-1.));
#3998=DIRECTION('',(-0.996194698091746,0.0871557427476583,0.));
#3999=DIRECTION('',(0.,0.,-1.));
#4000=DIRECTION('',(-0.996194698091746,0.0871557427476583,0.));
#4001=DIRECTION('',(0.996194698091746,-0.0871557427476583,0.));
#4002=DIRECTION('',(0.0871557427476583,0.996194698091746,0.));
#4003=DIRECTION('',(0.,0.,-1.));
#4004=DIRECTION('',(-0.0871557427476583,-0.996194698091746,0.));
#4005=DIRECTION('',(0.,0.,1.));
#4006=DIRECTION('',(-0.0871557427476583,-0.996194698091746,0.));
#4007=DIRECTION('',(0.996194698091746,-0.0871557427476583,0.));
#4008=DIRECTION('',(0.0871557427476583,0.996194698091746,0.));
#4009=DIRECTION('',(-0.0871557427476583,-0.996194698091746,0.));
#4010=DIRECTION('',(0.,0.,-1.));
#4011=DIRECTION('',(-0.0871557427476583,-0.996194698091746,0.));
#4012=DIRECTION('',(0.,0.,-1.));
#4013=DIRECTION('',(0.0871557427476581,0.996194698091746,0.));
#4014=DIRECTION('',(-0.996194698091746,0.0871557427476581,0.));
#4015=DIRECTION('',(0.996194698091746,-0.0871557427476581,0.));
#4016=DIRECTION('',(0.,0.,-1.));
#4017=DIRECTION('',(0.996194698091746,-0.0871557427476581,0.));
#4018=DIRECTION('',(0.,0.,-1.));
#4019=DIRECTION('',(0.996194698091746,-0.0871557427476584,0.));
#4020=DIRECTION('',(0.0871557427476584,0.996194698091746,0.));
#4021=DIRECTION('',(0.,0.,-1.));
#4022=DIRECTION('',(-0.0871557427476584,-0.996194698091746,0.));
#4023=DIRECTION('',(0.,0.,-1.));
#4024=DIRECTION('',(-0.0871557427476584,-0.996194698091746,0.));
#4025=DIRECTION('',(0.0871557427476584,0.996194698091746,0.));
#4026=DIRECTION('',(-0.996194698091746,0.0871557427476584,0.));
#4027=DIRECTION('',(0.0871557427476584,0.996194698091746,0.));
#4028=DIRECTION('',(-0.996194698091746,0.0871557427476584,0.));
#4029=DIRECTION('',(0.996194698091746,-0.0871557427476584,0.));
#4030=DIRECTION('',(0.,0.,-1.));
#4031=DIRECTION('',(0.996194698091746,-0.0871557427476584,0.));
#4032=DIRECTION('',(0.0871557427476584,0.996194698091746,0.));
#4033=DIRECTION('',(-0.996194698091746,0.0871557427476584,0.));
#4034=DIRECTION('',(0.996194698091746,-0.0871557427476575,0.));
#4035=DIRECTION('',(0.0871557427476575,0.996194698091746,0.));
#4036=DIRECTION('',(-0.0871557427476575,-0.996194698091746,0.));
#4037=DIRECTION('',(0.,0.,-1.));
#4038=DIRECTION('',(-0.0871557427476575,-0.996194698091746,0.));
#4039=DIRECTION('',(0.422618261740663,0.906307787036667,0.));
#4040=DIRECTION('',(-0.906307787036667,0.422618261740663,0.));
#4041=DIRECTION('',(0.906307787036667,-0.422618261740663,0.));
#4042=DIRECTION('',(0.,0.,-1.));
#4043=DIRECTION('',(0.906307787036667,-0.422618261740663,0.));
#4044=DIRECTION('',(0.0871557427476581,0.996194698091746,0.));
#4045=DIRECTION('',(-0.996194698091746,0.0871557427476581,0.));
#4046=DIRECTION('',(0.996194698091746,-0.0871557427476581,0.));
#4047=DIRECTION('',(0.,0.,-1.));
#4048=DIRECTION('',(0.996194698091746,-0.0871557427476581,0.));
#4049=DIRECTION('',(0.996194698091746,-0.0871557427476582,0.));
#4050=DIRECTION('',(0.0871557427476582,0.996194698091746,0.));
#4051=DIRECTION('',(-0.0871557427476582,-0.996194698091746,0.));
#4052=DIRECTION('',(0.,0.,-1.));
#4053=DIRECTION('',(-0.0871557427476582,-0.996194698091746,0.));
#4054=DIRECTION('',(-0.0871557427476595,-0.996194698091745,0.));
#4055=DIRECTION('',(0.996194698091745,-0.0871557427476595,0.));
#4056=DIRECTION('',(-0.996194698091745,0.0871557427476595,0.));
#4057=DIRECTION('',(0.,0.,-1.));
#4058=DIRECTION('',(-0.996194698091745,0.0871557427476595,0.));
#4059=DIRECTION('',(0.,0.,-1.));
#4060=DIRECTION('',(0.,0.,-1.));
#4061=DIRECTION('',(-1.,0.,0.));
#4062=DIRECTION('',(0.,0.,1.));
#4063=DIRECTION('',(1.,0.,0.));
#4064=DIRECTION('',(0.,0.,-1.));
#4065=DIRECTION('',(0.,0.,1.));
#4066=DIRECTION('',(1.,0.,0.));
#4067=DIRECTION('',(0.,0.,-1.));
#4068=DIRECTION('',(0.,0.,-1.));
#4069=DIRECTION('',(-1.,0.,0.));
#4070=DIRECTION('',(0.,0.,1.));
#4071=DIRECTION('',(1.,0.,0.));
#4072=DIRECTION('',(0.,0.,1.));
#4073=DIRECTION('',(1.,0.,0.));
#4074=DIRECTION('',(0.,0.,-1.));
#4075=DIRECTION('',(0.,0.,-1.));
#4076=DIRECTION('',(0.,-1.,0.));
#4077=DIRECTION('',(0.,0.,-1.));
#4078=DIRECTION('',(0.,0.,-1.));
#4079=DIRECTION('',(0.,-1.,0.));
#4080=DIRECTION('',(-1.,0.,0.));
#4081=DIRECTION('',(-1.,0.,0.));
#4082=DIRECTION('',(0.,0.,1.));
#4083=DIRECTION('',(-1.,0.,0.));
#4084=DIRECTION('',(0.,-1.,0.));
#4085=DIRECTION('',(1.,0.,0.));
#4086=DIRECTION('',(0.,0.,-1.));
#4087=DIRECTION('',(-1.,0.,0.));
#4088=DIRECTION('',(0.,0.,1.));
#4089=DIRECTION('',(1.,0.,0.));
#4090=DIRECTION('',(0.,0.,1.));
#4091=DIRECTION('',(1.,0.,0.));
#4092=DIRECTION('',(0.,0.,1.));
#4093=DIRECTION('',(1.,0.,0.));
#4094=DIRECTION('',(-0.0871557427476583,-0.996194698091746,0.));
#4095=DIRECTION('',(0.,0.,1.));
#4096=DIRECTION('',(1.,0.,0.));
#4097=DIRECTION('',(0.,0.,1.));
#4098=DIRECTION('',(1.,0.,0.));
#4099=DIRECTION('',(-0.996194698091746,0.0871557427476583,0.));
#4100=DIRECTION('',(0.,0.,1.));
#4101=DIRECTION('',(1.,0.,0.));
#4102=DIRECTION('',(0.,0.,1.));
#4103=DIRECTION('',(1.,0.,0.));
#4104=DIRECTION('',(-1.,0.,0.));
#4105=DIRECTION('',(-0.0871557427476583,-0.996194698091746,0.));
#4106=DIRECTION('',(0.,0.,1.));
#4107=DIRECTION('',(1.,0.,0.));
#4108=DIRECTION('',(0.996194698091746,-0.0871557427476581,0.));
#4109=DIRECTION('',(-0.0871557427476584,-0.996194698091746,0.));
#4110=DIRECTION('',(-0.996194698091745,0.0871557427476595,0.));
#4111=DIRECTION('',(0.,0.,1.));
#4112=DIRECTION('',(1.,0.,0.));
#4113=DIRECTION('',(0.,0.,1.));
#4114=DIRECTION('',(1.,0.,0.));
#4115=DIRECTION('',(-0.0871557427476583,-0.996194698091746,0.));
#4116=DIRECTION('',(0.,0.,1.));
#4117=DIRECTION('',(1.,0.,0.));
#4118=DIRECTION('',(-0.996194698091746,0.0871557427476583,0.));
#4119=DIRECTION('',(0.,0.,1.));
#4120=DIRECTION('',(1.,0.,0.));
#4121=DIRECTION('',(-0.0871557427476583,-0.996194698091746,0.));
#4122=DIRECTION('',(-1.,0.,0.));
#4123=DIRECTION('',(0.,0.,1.));
#4124=DIRECTION('',(1.,0.,0.));
#4125=DIRECTION('',(-0.996194698091745,0.0871557427476595,0.));
#4126=DIRECTION('',(-0.0871557427476584,-0.996194698091746,0.));
#4127=DIRECTION('',(0.996194698091746,-0.0871557427476581,0.));
#4128=DIRECTION('',(0.,0.,1.));
#4129=DIRECTION('',(1.,0.,0.));
#4130=DIRECTION('',(0.,0.,1.));
#4131=DIRECTION('',(1.,0.,0.));
#4132=DIRECTION('',(0.,0.,1.));
#4133=DIRECTION('',(1.,0.,0.));
#4134=DIRECTION('',(0.0871557427476582,0.996194698091745,-8.63669348431938E-17));
#4135=DIRECTION('',(-0.996194698091746,0.0871557427476582,0.));
#4136=DIRECTION('',(0.996194698091746,-0.087155742747657,0.));
#4137=DIRECTION('',(0.087155742747657,0.996194698091746,0.));
#4138=DIRECTION('',(0.0871557427476583,0.996194698091746,0.));
#4139=DIRECTION('',(-0.996194698091746,0.0871557427476583,0.));
#4140=DIRECTION('',(-0.0871557427476566,-0.996194698091746,0.));
#4141=DIRECTION('',(0.996194698091746,-0.0871557427476566,0.));
#4142=DIRECTION('',(-0.0320053515109521,0.99948769751041,0.));
#4143=DIRECTION('',(-0.99948769751041,-0.0320053515109521,0.));
#4144=DIRECTION('',(0.542841045654865,-0.839835459570703,-1.22166336910005E-13));
#4145=DIRECTION('',(0.839835459570703,0.542841045654865,0.));
#4146=DIRECTION('',(-0.996194698091746,0.0871557427476583,0.));
#4147=DIRECTION('',(-0.0871557427476583,-0.996194698091746,0.));
#4148=DIRECTION('',(-0.996194698091746,0.0871557427476569,0.));
#4149=DIRECTION('',(-0.087155742747657,-0.996194698091746,0.));
#4150=DIRECTION('',(0.,0.,-1.));
#4151=DIRECTION('',(-1.,0.,0.));
#4152=DIRECTION('',(0.,0.,1.));
#4153=DIRECTION('',(1.,0.,0.));
#4154=DIRECTION('',(0.,0.,1.));
#4155=DIRECTION('',(1.,0.,0.));
#4156=DIRECTION('',(0.,0.,1.));
#4157=DIRECTION('',(1.,0.,0.));
#4158=DIRECTION('',(0.,0.,1.));
#4159=DIRECTION('',(1.,0.,0.));
#4160=DIRECTION('',(0.,0.,1.));
#4161=DIRECTION('',(1.,0.,0.));
#4162=DIRECTION('',(0.,0.,1.));
#4163=DIRECTION('',(1.,0.,0.));
#4164=DIRECTION('',(0.996194698091746,-0.087155742747657,0.));
#4165=DIRECTION('',(0.087155742747657,0.996194698091746,0.));
#4166=DIRECTION('',(0.0871557427476581,0.996194698091746,0.));
#4167=DIRECTION('',(-0.996194698091746,0.0871557427476581,0.));
#4168=DIRECTION('',(-0.0871557427476583,-0.996194698091746,0.));
#4169=DIRECTION('',(0.996194698091746,-0.0871557427476583,0.));
#4170=DIRECTION('',(-0.0871557427476569,-0.996194698091746,0.));
#4171=DIRECTION('',(0.996194698091746,-0.0871557427476569,0.));
#4172=DIRECTION('',(0.,0.,-1.));
#4173=DIRECTION('',(-1.,0.,0.));
#4174=DIRECTION('',(0.,0.,1.));
#4175=DIRECTION('',(1.,0.,0.));
#4176=DIRECTION('',(0.,0.,-1.));
#4177=DIRECTION('',(-1.,0.,0.));
#4178=DIRECTION('',(0.,0.,1.));
#4179=DIRECTION('',(1.,0.,0.));
#4180=DIRECTION('',(0.996194698091746,-0.0871557427476583,0.));
#4181=DIRECTION('',(0.0871557427476583,0.996194698091746,0.));
#4182=DIRECTION('',(-0.996194698091746,0.0871557427476569,0.));
#4183=DIRECTION('',(-0.087155742747657,-0.996194698091746,0.));
#4184=DIRECTION('',(0.,0.,1.));
#4185=DIRECTION('',(1.,0.,0.));
#4186=DIRECTION('',(0.542841045654967,-0.839835459570636,0.));
#4187=DIRECTION('',(0.839835459570636,0.542841045654967,0.));
#4188=DIRECTION('',(0.,0.,1.));
#4189=DIRECTION('',(1.,0.,0.));
#4190=DIRECTION('',(-0.0320053515109028,0.999487697510411,-4.94142910254075E-14));
#4191=DIRECTION('',(-0.999487697510411,-0.0320053515109028,0.));
#4192=DIRECTION('',(0.,0.,1.));
#4193=DIRECTION('',(1.,0.,0.));
#4194=DIRECTION('',(0.490467834482825,0.871459295284483,6.04696359155279E-15));
#4195=DIRECTION('',(-0.871459295284484,0.490467834482825,0.));
#4196=DIRECTION('',(0.,0.,-1.));
#4197=DIRECTION('',(-1.,0.,0.));
#4198=DIRECTION('',(0.,0.,-1.));
#4199=DIRECTION('',(-1.,0.,0.));
#4200=DIRECTION('',(0.,0.,1.));
#4201=DIRECTION('',(1.,0.,0.));
#4202=DIRECTION('',(0.,0.,1.));
#4203=DIRECTION('',(1.,0.,0.));
#4204=DIRECTION('',(0.490467834482823,0.871459295284484,0.));
#4205=DIRECTION('',(-0.871459295284484,0.490467834482824,0.));
#4206=DIRECTION('',(0.,-6.93889390390723E-15,1.));
#4207=DIRECTION('',(0.,-1.,-6.93889390390723E-15));
#4208=DIRECTION('',(-0.996194698091745,0.0871557427476601,0.));
#4209=DIRECTION('',(-0.0871557427476601,-0.996194698091745,0.));
#4210=DIRECTION('',(-6.93889390390723E-15,6.93889390390723E-15,-1.));
#4211=DIRECTION('',(-1.,0.,6.93889390390723E-15));
#4212=DIRECTION('',(-0.996194698091745,0.0871557427476607,-3.45624465884676E-15));
#4213=DIRECTION('',(-0.0871557427476607,-0.996194698091745,0.));
#4214=DIRECTION('',(0.996194698091745,-0.0871557427476595,0.));
#4215=DIRECTION('',(0.0871557427476595,0.996194698091745,0.));
#4216=DIRECTION('',(0.704416026402759,-0.0616284167162203,-0.707106781186548));
#4217=DIRECTION('',(0.704416026402759,-0.0616284167162203,0.707106781186548));
#4218=DIRECTION('',(-0.996194698091745,0.0871557427476595,0.));
#4219=DIRECTION('',(-0.0871557427476595,-0.996194698091745,0.));
#4220=DIRECTION('',(-0.704416026402759,0.0616284167162203,-0.707106781186548));
#4221=DIRECTION('',(-0.704416026402759,0.0616284167162203,0.707106781186548));
#4222=DIRECTION('',(0.,0.,1.));
#4223=DIRECTION('',(1.,0.,0.));
#4224=DIRECTION('',(-0.0871557427476584,-0.996194698091746,0.));
#4225=DIRECTION('',(0.996194698091746,-0.0871557427476584,0.));
#4226=DIRECTION('',(-0.0871557427476584,-0.996194698091746,-3.02382226021117E-16));
#4227=DIRECTION('',(0.996194698091746,-0.0871557427476584,0.));
#4228=DIRECTION('',(0.,0.,1.));
#4229=DIRECTION('',(1.,0.,0.));
#4230=DIRECTION('',(0.,0.,-1.));
#4231=DIRECTION('',(-1.,0.,0.));
#4232=DIRECTION('',(0.,0.,1.));
#4233=DIRECTION('',(1.,0.,0.));
#4234=DIRECTION('',(0.0871557427476584,0.996194698091746,0.));
#4235=DIRECTION('',(-0.996194698091746,0.0871557427476584,0.));
#4236=DIRECTION('',(-0.0871557427476584,-0.996194698091746,0.));
#4237=DIRECTION('',(0.996194698091746,-0.0871557427476584,0.));
#4238=DIRECTION('',(0.996194698091746,-0.0871557427476582,0.));
#4239=DIRECTION('',(0.0871557427476582,0.996194698091746,0.));
#4240=DIRECTION('',(0.996194698091746,-0.087155742747657,0.));
#4241=DIRECTION('',(0.087155742747657,0.996194698091746,0.));
#4242=DIRECTION('',(0.996194698091746,-0.0871557427476582,0.));
#4243=DIRECTION('',(0.0871557427476582,0.996194698091746,0.));
#4244=DIRECTION('',(0.996194698091746,-0.0871557427476587,1.72812232942338E-15));
#4245=DIRECTION('',(0.0871557427476587,0.996194698091746,0.));
#4246=DIRECTION('',(-0.0871557427476583,-0.996194698091746,0.));
#4247=DIRECTION('',(0.996194698091746,-0.0871557427476583,0.));
#4248=DIRECTION('',(0.0217421802119212,0.999763610859903,0.));
#4249=DIRECTION('',(-0.999763610859903,0.0217421802119212,0.));
#4250=DIRECTION('',(0.0871557427476584,0.996194698091746,0.));
#4251=DIRECTION('',(-0.996194698091746,0.0871557427476584,0.));
#4252=DIRECTION('',(-0.996194698091746,0.0871557427476581,0.));
#4253=DIRECTION('',(-0.0871557427476581,-0.996194698091746,0.));
#4254=DIRECTION('',(-0.996194698091746,0.0871557427476587,0.));
#4255=DIRECTION('',(-0.0871557427476587,-0.996194698091746,0.));
#4256=DIRECTION('',(0.996194698091746,-0.0871557427476581,0.));
#4257=DIRECTION('',(0.0871557427476581,0.996194698091746,0.));
#4258=DIRECTION('',(-0.996194698091746,0.0871557427476587,0.));
#4259=DIRECTION('',(-0.0871557427476587,-0.996194698091746,0.));
#4260=DIRECTION('',(0.0871557427476583,0.996194698091746,0.));
#4261=DIRECTION('',(-0.996194698091746,0.0871557427476583,0.));
#4262=DIRECTION('',(0.0217421802119194,0.999763610859903,0.));
#4263=DIRECTION('',(0.999763610859903,-0.0217421802119194,0.));
#4264=DIRECTION('',(0.0871557427476584,0.996194698091746,-6.4824178167364E-17));
#4265=DIRECTION('',(-0.996194698091746,0.0871557427476584,0.));
#4266=DIRECTION('',(0.,0.,1.));
#4267=DIRECTION('',(1.,0.,0.));
#4268=DIRECTION('',(0.,0.,1.));
#4269=DIRECTION('',(1.,0.,0.));
#4270=DIRECTION('',(0.,0.,1.));
#4271=DIRECTION('',(1.,0.,0.));
#4272=DIRECTION('',(0.,0.,1.));
#4273=DIRECTION('',(1.,0.,0.));
#4274=DIRECTION('',(0.,0.,-1.));
#4275=DIRECTION('',(-1.,0.,0.));
#4276=DIRECTION('',(0.,0.,1.));
#4277=DIRECTION('',(1.,0.,0.));
#4278=DIRECTION('',(1.,0.,0.));
#4279=DIRECTION('',(0.,0.,-1.));
#4280=DIRECTION('',(1.,0.,0.));
#4281=DIRECTION('',(0.,0.,-1.));
#4282=DIRECTION('',(1.,0.,0.));
#4283=DIRECTION('',(0.,0.,-1.));
#4284=DIRECTION('',(0.,0.,-1.));
#4285=DIRECTION('',(-1.,0.,0.));
#4286=DIRECTION('',(0.,0.,1.));
#4287=DIRECTION('',(1.,0.,0.));
#4288=DIRECTION('',(0.,0.,1.));
#4289=DIRECTION('',(1.,0.,0.));
#4290=DIRECTION('',(1.,-1.38777878078144E-14,1.38777878078144E-14));
#4291=DIRECTION('',(1.38777878078144E-14,0.,-1.));
#4292=DIRECTION('',(0.,0.,-1.));
#4293=DIRECTION('',(-1.,0.,0.));
#4294=DIRECTION('',(0.,0.,1.));
#4295=DIRECTION('',(1.,0.,0.));
#4296=DIRECTION('',(-1.,0.,0.));
#4297=DIRECTION('',(0.,0.,1.));
#4298=DIRECTION('',(1.,0.,0.));
#4299=DIRECTION('',(0.,0.,-1.));
#4300=DIRECTION('',(-0.73575731192078,0.67724528640302,4.30211422042248E-16));
#4301=DIRECTION('',(-0.654259208022943,-0.710785303137449,0.25831984352929));
#4302=CARTESIAN_POINT('',(0.,0.,0.));
#4303=CARTESIAN_POINT('',(-0.0174768417611126,-0.000540625476837158,0.0184));
#4304=CARTESIAN_POINT('',(-0.0174768417611126,-0.000540625476837158,0.0159));
#4305=CARTESIAN_POINT('',(-0.0182468746572733,-0.000540625476837158,0.0159));
#4306=CARTESIAN_POINT('',(-0.0167068088649518,-0.000540625476837157,0.0159));
#4307=CARTESIAN_POINT('',(-0.0182468746572733,-0.000540625476837158,0.0184));
#4308=CARTESIAN_POINT('',(-0.0182468746572733,-0.000540625476837158,0.0184));
#4309=CARTESIAN_POINT('',(-0.0174768417611126,-0.000540625476837158,0.0184));
#4310=CARTESIAN_POINT('',(-0.0167068088649518,-0.000540625476837157,0.0184));
#4311=CARTESIAN_POINT('',(-0.0167068088649518,-0.000540625476837157,0.0184));
#4312=CARTESIAN_POINT('',(-0.0182468746572733,-0.00316562547683716,0.0184));
#4313=CARTESIAN_POINT('',(-0.0182468746572733,-0.00316562547683716,0.0159));
#4314=CARTESIAN_POINT('',(-0.0182468746572733,-0.00579062547683716,0.0159));
#4315=CARTESIAN_POINT('',(-0.0182468746572733,-0.00579062547683716,0.0184));
#4316=CARTESIAN_POINT('',(-0.0182468746572733,-0.00579062547683716,0.0184));
#4317=CARTESIAN_POINT('',(-0.0182468746572733,-0.00316562547683716,0.0184));
#4318=CARTESIAN_POINT('',(-0.0158968746572733,-0.00579062547683716,0.0184));
#4319=CARTESIAN_POINT('',(-0.0158968746572733,-0.00579062547683716,0.0159));
#4320=CARTESIAN_POINT('',(-0.0135468746572733,-0.00579062547683716,0.0159));
#4321=CARTESIAN_POINT('',(-0.0135468746572733,-0.00579062547683716,0.0227));
#4322=CARTESIAN_POINT('',(-0.0135468746572733,-0.00579062547683716,0.));
#4323=CARTESIAN_POINT('',(-0.00229687465727329,-0.00579062547683716,0.));
#4324=CARTESIAN_POINT('',(0.0089531253427267,-0.00579062547683716,0.));
#4325=CARTESIAN_POINT('',(0.0089531253427267,-0.00579062547683716,0.0227));
#4326=CARTESIAN_POINT('',(0.00895312534272671,-0.00579062547683716,0.0159));
#4327=CARTESIAN_POINT('',(0.0113031253427267,-0.00579062547683716,0.0159));
#4328=CARTESIAN_POINT('',(0.0136531253427267,-0.00579062547683716,0.0159));
#4329=CARTESIAN_POINT('',(0.0136531253427267,-0.00579062547683716,0.0184));
#4330=CARTESIAN_POINT('',(0.0136531253427267,-0.00579062547683716,0.0184));
#4331=CARTESIAN_POINT('',(0.0113031253427267,-0.00579062547683716,0.0184));
#4332=CARTESIAN_POINT('',(0.00895312534272671,-0.00579062547683716,0.0184));
#4333=CARTESIAN_POINT('',(0.0089531253427267,-0.00579062547683716,0.0227));
#4334=CARTESIAN_POINT('',(0.0089531253427267,-0.00579062547683716,0.0227));
#4335=CARTESIAN_POINT('',(-0.00229687465727329,-0.00579062547683716,0.0227));
#4336=CARTESIAN_POINT('',(-0.00764687757315398,-0.00579062547683716,0.0227));
#4337=CARTESIAN_POINT('',(-0.00229687465727329,-0.00579062547683716,0.0227));
#4338=CARTESIAN_POINT('',(-0.0135468746572733,-0.00579062547683716,0.0227));
#4339=CARTESIAN_POINT('',(-0.0135468746572733,-0.00579062547683716,0.0227));
#4340=CARTESIAN_POINT('',(-0.0135468746572733,-0.00579062547683716,0.0184));
#4341=CARTESIAN_POINT('',(-0.0158968746572733,-0.00579062547683716,0.0184));
#4342=CARTESIAN_POINT('',(-0.0158968746572733,0.00600937452316284,0.0184));
#4343=CARTESIAN_POINT('',(-0.0158968746572733,0.00600937452316284,0.0159));
#4344=CARTESIAN_POINT('',(-0.0135468746572733,0.00600937452316284,0.0159));
#4345=CARTESIAN_POINT('',(-0.0182468746572733,0.00600937452316284,0.0159));
#4346=CARTESIAN_POINT('',(-0.0182468746572733,0.00600937452316284,0.0184));
#4347=CARTESIAN_POINT('',(-0.0182468746572733,0.00600937452316284,0.0184));
#4348=CARTESIAN_POINT('',(-0.0158968746572733,0.00600937452316284,0.0184));
#4349=CARTESIAN_POINT('',(-0.0135468746572733,0.00600937452316284,0.0184));
#4350=CARTESIAN_POINT('',(-0.0135468746572733,0.00600937452316284,0.0227));
#4351=CARTESIAN_POINT('',(-0.0135468746572733,0.00600937452316284,0.0227));
#4352=CARTESIAN_POINT('',(-0.00229687465727329,0.00600937452316284,0.0227));
#4353=CARTESIAN_POINT('',(-0.00764687757315398,0.00600937452316284,0.0227));
#4354=CARTESIAN_POINT('',(-0.00229687465727329,0.00600937452316284,0.0227));
#4355=CARTESIAN_POINT('',(0.0089531253427267,0.00600937452316284,0.0227));
#4356=CARTESIAN_POINT('',(0.0089531253427267,0.00600937452316284,0.0227));
#4357=CARTESIAN_POINT('',(0.0089531253427267,0.00600937452316284,0.0184));
#4358=CARTESIAN_POINT('',(0.0113031253427267,0.00600937452316284,0.0184));
#4359=CARTESIAN_POINT('',(0.0136531253427267,0.00600937452316284,0.0184));
#4360=CARTESIAN_POINT('',(0.0136531253427267,0.00600937452316284,0.0184));
#4361=CARTESIAN_POINT('',(0.0136531253427267,0.00600937452316284,0.0159));
#4362=CARTESIAN_POINT('',(0.0113031253427267,0.00600937452316284,0.0159));
#4363=CARTESIAN_POINT('',(0.00895312534272671,0.00600937452316284,0.0159));
#4364=CARTESIAN_POINT('',(0.0089531253427267,0.00600937452316284,0.0227));
#4365=CARTESIAN_POINT('',(0.0089531253427267,0.00600937452316284,0.));
#4366=CARTESIAN_POINT('',(-0.00229687465727329,0.00600937452316284,0.));
#4367=CARTESIAN_POINT('',(-0.0135468746572733,0.00600937452316284,0.));
#4368=CARTESIAN_POINT('',(-0.0135468746572733,0.00600937452316284,0.0227));
#4369=CARTESIAN_POINT('',(-0.0182468746572733,0.00338437452316284,0.0184));
#4370=CARTESIAN_POINT('',(-0.0182468746572733,0.00338437452316284,0.0159));
#4371=CARTESIAN_POINT('',(-0.0182468746572733,0.000759374523162842,0.0159));
#4372=CARTESIAN_POINT('',(-0.0182468746572733,0.000759374523162842,0.0184));
#4373=CARTESIAN_POINT('',(-0.0182468746572733,0.000759374523162842,0.0184));
#4374=CARTESIAN_POINT('',(-0.0182468746572733,0.00338437452316284,0.0184));
#4375=CARTESIAN_POINT('',(-0.0174768417611126,0.000759374523162842,0.0184));
#4376=CARTESIAN_POINT('',(-0.0174768417611126,0.000759374523162842,0.0159));
#4377=CARTESIAN_POINT('',(-0.0167068088649518,0.000759374523162842,0.0159));
#4378=CARTESIAN_POINT('',(-0.0167068088649518,0.000759374523162842,0.0184));
#4379=CARTESIAN_POINT('',(-0.0167068088649518,0.000759374523162842,0.0184));
#4380=CARTESIAN_POINT('',(-0.0174768417611126,0.000759374523162842,0.0184));
#4381=CARTESIAN_POINT('',(-0.0159468746572733,0.000109374523162842,0.0184));
#4382=CARTESIAN_POINT('',(-0.0159468746572733,0.000109374523162842,0.0159));
#4383=CARTESIAN_POINT('',(-0.0159468746572733,0.000109374523162842,0.0184));
#4384=CARTESIAN_POINT('',(-0.00229687465727329,0.000109374523162842,0.0184));
#4385=CARTESIAN_POINT('',(-0.0135468746572733,0.000109374523162842,0.0184));
#4386=CARTESIAN_POINT('',(-0.00229687465727329,0.000109374523162842,0.0159));
#4387=CARTESIAN_POINT('',(-0.0135468746572733,0.000109374523162842,0.0159));
#4388=CARTESIAN_POINT('',(-0.0135468746572733,0.000109374523162842,0.0227));
#4389=CARTESIAN_POINT('',(-0.0135468746572733,0.000109374523162842,0.0227));
#4390=CARTESIAN_POINT('',(-0.013546877573154,0.00010937452316284,0.0227));
#4391=CARTESIAN_POINT('',(-0.0135468746572733,0.000109374523162842,0.0227));
#4392=CARTESIAN_POINT('',(0.012883092446566,0.000759374523162843,0.0184));
#4393=CARTESIAN_POINT('',(0.012883092446566,0.000759374523162843,0.0159));
#4394=CARTESIAN_POINT('',(0.0136531253427267,0.000759374523162843,0.0159));
#4395=CARTESIAN_POINT('',(0.0121130595504053,0.000759374523162843,0.0159));
#4396=CARTESIAN_POINT('',(0.0136531253427267,0.000759374523162843,0.0184));
#4397=CARTESIAN_POINT('',(0.0136531253427267,0.000759374523162843,0.0184));
#4398=CARTESIAN_POINT('',(0.012883092446566,0.000759374523162843,0.0184));
#4399=CARTESIAN_POINT('',(0.0121130595504053,0.000759374523162843,0.0184));
#4400=CARTESIAN_POINT('',(0.0121130595504053,0.000759374523162843,0.0184));
#4401=CARTESIAN_POINT('',(0.0136531253427267,0.00338437452316284,0.0184));
#4402=CARTESIAN_POINT('',(0.0136531253427267,0.00338437452316284,0.0159));
#4403=CARTESIAN_POINT('',(0.0136531253427267,0.00338437452316284,0.0184));
#4404=CARTESIAN_POINT('',(0.0136531253427267,-0.00316562547683716,0.0184));
#4405=CARTESIAN_POINT('',(0.0136531253427267,-0.00316562547683716,0.0159));
#4406=CARTESIAN_POINT('',(0.0136531253427267,-0.000540625476837159,0.0159));
#4407=CARTESIAN_POINT('',(0.0136531253427267,-0.000540625476837159,0.0184));
#4408=CARTESIAN_POINT('',(0.0136531253427267,-0.000540625476837159,0.0184));
#4409=CARTESIAN_POINT('',(0.0136531253427267,-0.00316562547683716,0.0184));
#4410=CARTESIAN_POINT('',(0.012883092446566,-0.000540625476837159,0.0184));
#4411=CARTESIAN_POINT('',(0.012883092446566,-0.000540625476837159,0.0159));
#4412=CARTESIAN_POINT('',(0.0121130595504053,-0.000540625476837158,0.0159));
#4413=CARTESIAN_POINT('',(0.0121130595504053,-0.000540625476837158,0.0184));
#4414=CARTESIAN_POINT('',(0.0121130595504053,-0.000540625476837158,0.0184));
#4415=CARTESIAN_POINT('',(0.012883092446566,-0.000540625476837159,0.0184));
#4416=CARTESIAN_POINT('',(0.0113531253427267,0.000109374523162842,0.0184));
#4417=CARTESIAN_POINT('',(0.0113531253427267,0.000109374523162842,0.0159));
#4418=CARTESIAN_POINT('',(0.0113531253427267,0.000109374523162842,0.0184));
#4419=CARTESIAN_POINT('',(-0.00229687465727329,0.000109374523162842,0.0184));
#4420=CARTESIAN_POINT('',(0.00895312534272671,0.000109374523162841,0.0184));
#4421=CARTESIAN_POINT('',(-0.00229687465727329,0.000109374523162842,0.0159));
#4422=CARTESIAN_POINT('',(0.00895312534272671,0.000109374523162841,0.0159));
#4423=CARTESIAN_POINT('',(0.0089531253427267,0.000109374523162843,0.0227));
#4424=CARTESIAN_POINT('',(0.0089531253427267,0.000109374523162843,0.));
#4425=CARTESIAN_POINT('',(-0.00229687465727329,0.000109374523162842,0.0227));
#4426=CARTESIAN_POINT('',(-0.00764687757315398,0.00010937452316284,0.0227));
#4427=CARTESIAN_POINT('',(-0.00230272188679902,0.00260937452316284,0.0227));
#4428=CARTESIAN_POINT('',(-0.00182479827203616,0.00260937452316284,0.0227));
#4429=CARTESIAN_POINT('',(-0.00134687465727329,0.00260937452316284,0.0227));
#4430=CARTESIAN_POINT('',(-0.00134687465727329,0.000109374523162843,0.0227));
#4431=CARTESIAN_POINT('',(-0.00134687465727329,-0.00239062547683716,0.0227));
#4432=CARTESIAN_POINT('',(-0.00182479827203616,-0.00239062547683716,0.0227));
#4433=CARTESIAN_POINT('',(-0.00230272188679902,-0.00239062547683715,0.0227));
#4434=CARTESIAN_POINT('',(-0.00764687757315398,0.00010937452316284,0.0227));
#4435=CARTESIAN_POINT('',(0.0089531253427267,0.000109374523162843,0.0227));
#4436=CARTESIAN_POINT('',(-0.00229687465727329,0.000109374523162842,0.0227));
#4437=CARTESIAN_POINT('',(-0.00764687757315398,0.00010937452316284,0.0227));
#4438=CARTESIAN_POINT('',(-0.0135468746572733,0.000109374523162842,0.0227));
#4439=CARTESIAN_POINT('',(-0.0135468746572733,0.000109374523162842,0.));
#4440=CARTESIAN_POINT('',(0.0089531253427267,0.000109374523162843,0.0227));
#4441=CARTESIAN_POINT('',(-0.00229687465727329,0.000109374523162842,0.0227));
#4442=CARTESIAN_POINT('',(-0.00764687757315398,0.00010937452316284,0.0227));
#4443=CARTESIAN_POINT('',(-0.00229687465727329,0.000109374523162842,0.));
#4444=CARTESIAN_POINT('',(-0.00764687757315398,0.00010937452316284,0.0267));
#4445=CARTESIAN_POINT('',(-0.00230272188679902,-0.00239062547683715,0.0267));
#4446=CARTESIAN_POINT('',(-0.00230272188679902,-0.00239062547683715,0.0267));
#4447=CARTESIAN_POINT('',(-0.00764687757315398,0.00010937452316284,0.0267));
#4448=CARTESIAN_POINT('',(-0.00230272188679902,0.00260937452316284,0.0267));
#4449=CARTESIAN_POINT('',(-0.00230272188679902,0.00260937452316284,0.0267));
#4450=CARTESIAN_POINT('',(-0.00182479827203616,-0.00239062547683716,0.0267));
#4451=CARTESIAN_POINT('',(-0.00134687465727329,-0.00239062547683716,0.0267));
#4452=CARTESIAN_POINT('',(-0.00134687465727329,-0.00239062547683716,0.0267));
#4453=CARTESIAN_POINT('',(-0.00182479827203616,-0.00239062547683716,0.0267));
#4454=CARTESIAN_POINT('',(-0.00134687465727329,0.000109374523162843,0.0267));
#4455=CARTESIAN_POINT('',(-0.00134687465727329,0.00260937452316284,0.0267));
#4456=CARTESIAN_POINT('',(-0.00134687465727329,0.00260937452316284,0.0267));
#4457=CARTESIAN_POINT('',(-0.00134687465727329,0.000109374523162843,0.0267));
#4458=CARTESIAN_POINT('',(-0.00182479827203616,0.00260937452316284,0.0267));
#4459=CARTESIAN_POINT('',(-0.00182479827203616,0.00260937452316284,0.0267));
#4460=CARTESIAN_POINT('',(-0.00619687611521363,0.000109374523162842,0.0267));
#4461=CARTESIAN_POINT('',(-0.00764687757315398,0.000109374523162841,0.0267));
#4462=CARTESIAN_POINT('',(-0.00534687757315398,0.000109374523162841,0.0267));
#4463=CARTESIAN_POINT('',(-0.00764687757315398,0.000109374523162841,0.0299));
#4464=CARTESIAN_POINT('',(-0.00764687757315398,0.000109374523162841,0.0299));
#4465=CARTESIAN_POINT('',(-0.00534687757315398,0.000109374523162841,0.0299));
#4466=CARTESIAN_POINT('',(-0.00764687757315398,0.00010937452316284,0.0299));
#4467=CARTESIAN_POINT('',(0.0137589270995965,0.0250646834641334,0.00480203156481846));
#4468=CARTESIAN_POINT('',(0.0141,-0.0005,0.01));
#4469=CARTESIAN_POINT('',(0.0141,0.00975,0.01));
#4470=CARTESIAN_POINT('',(0.0141,0.00975,0.01));
#4471=CARTESIAN_POINT('',(0.0141,0.00975,0.00709909123017938));
#4472=CARTESIAN_POINT('',(0.0141,0.00909591998152445,0.00499857240630967));
#4473=CARTESIAN_POINT('',(0.0141,0.00911510593636673,0.00719848874543186));
#4474=CARTESIAN_POINT('',(0.0141,0.00159854756069478,0.00796378090937387));
#4475=CARTESIAN_POINT('',(0.0141,-0.00591801081497715,0.00872907307331587));
#4476=CARTESIAN_POINT('',(0.0141,-0.00629785030215154,0.00499835974152755));
#4477=CARTESIAN_POINT('',(0.0141,-0.00588574098052508,0.00127107307331586));
#4478=CARTESIAN_POINT('',(0.0141,0.00171035402677195,0.00203987096940976));
#4479=CARTESIAN_POINT('',(0.0141,0.00930644903406891,0.00280866886550365));
#4480=CARTESIAN_POINT('',(0.0141,0.00909591998152445,0.00499857240630967));
#4481=CARTESIAN_POINT('',(0.0141,0.00975,0.00289805358243995));
#4482=CARTESIAN_POINT('',(0.0141,0.00975,0.01));
#4483=CARTESIAN_POINT('',(0.0141,0.00975,0.));
#4484=CARTESIAN_POINT('',(0.0141,-0.0005,0.));
#4485=CARTESIAN_POINT('',(0.0141,-0.01075,0.));
#4486=CARTESIAN_POINT('',(0.0141,-0.01075,0.01));
#4487=CARTESIAN_POINT('',(0.0141,-0.01075,0.01));
#4488=CARTESIAN_POINT('',(0.0141,-0.0005,0.01));
#4489=CARTESIAN_POINT('',(-3.46944695195361E-18,0.01175,0.01));
#4490=CARTESIAN_POINT('',(-3.46944695195361E-18,0.01175,0.));
#4491=CARTESIAN_POINT('',(-0.0161,0.01175,0.));
#4492=CARTESIAN_POINT('',(0.0161,0.01175,0.));
#4493=CARTESIAN_POINT('',(-0.0161,0.01175,0.01));
#4494=CARTESIAN_POINT('',(-0.0161,0.01175,0.01));
#4495=CARTESIAN_POINT('',(-3.46944695195361E-18,0.01175,0.01));
#4496=CARTESIAN_POINT('',(0.0161,0.01175,0.01));
#4497=CARTESIAN_POINT('',(0.0161,0.01175,0.01));
#4498=CARTESIAN_POINT('',(-0.0161,0.0005,0.01));
#4499=CARTESIAN_POINT('',(-0.0161,0.0005,0.));
#4500=CARTESIAN_POINT('',(-0.0161,-0.01075,0.));
#4501=CARTESIAN_POINT('',(-0.0161,-0.01075,0.01));
#4502=CARTESIAN_POINT('',(-0.0161,-0.01075,0.01));
#4503=CARTESIAN_POINT('',(-0.0161,0.0005,0.01));
#4504=CARTESIAN_POINT('',(-0.0151,-0.01075,0.01));
#4505=CARTESIAN_POINT('',(-0.0151,-0.01075,0.));
#4506=CARTESIAN_POINT('',(-0.0141,-0.01075,0.));
#4507=CARTESIAN_POINT('',(-0.0141,-0.01075,0.01));
#4508=CARTESIAN_POINT('',(-0.0141,-0.01075,0.01));
#4509=CARTESIAN_POINT('',(-0.0151,-0.01075,0.01));
#4510=CARTESIAN_POINT('',(-0.0141,-0.0005,0.01));
#4511=CARTESIAN_POINT('',(-0.0141,-0.0005,0.));
#4512=CARTESIAN_POINT('',(-0.0141,0.00975,0.));
#4513=CARTESIAN_POINT('',(-0.0141,0.00975,0.01));
#4514=CARTESIAN_POINT('',(-0.0141,0.00975,0.01));
#4515=CARTESIAN_POINT('',(-0.0141,-0.0005,0.01));
#4516=CARTESIAN_POINT('',(-1.7347234759768E-18,0.00975,0.01));
#4517=CARTESIAN_POINT('',(-1.7347234759768E-18,0.00975,0.));
#4518=CARTESIAN_POINT('',(0.0141,0.00975,0.01));
#4519=CARTESIAN_POINT('',(-1.7347234759768E-18,0.00975,0.01));
#4520=CARTESIAN_POINT('',(0.0151,-0.01075,0.01));
#4521=CARTESIAN_POINT('',(0.0151,-0.01075,0.));
#4522=CARTESIAN_POINT('',(0.0161,-0.01075,0.));
#4523=CARTESIAN_POINT('',(0.0161,-0.01075,0.01));
#4524=CARTESIAN_POINT('',(0.0161,-0.01075,0.01));
#4525=CARTESIAN_POINT('',(0.0151,-0.01075,0.01));
#4526=CARTESIAN_POINT('',(0.0161,0.000500000000000006,0.01));
#4527=CARTESIAN_POINT('',(0.0161,0.00909591998152445,0.00499857240630967));
#4528=CARTESIAN_POINT('',(0.0161,0.00930644903406891,0.00280866886550365));
#4529=CARTESIAN_POINT('',(0.0161,0.00911510593636673,0.00719848874543186));
#4530=CARTESIAN_POINT('',(0.0161,0.00130974523265019,0.00199932550522301));
#4531=CARTESIAN_POINT('',(0.0161,-0.00588574098052508,0.00127107307331586));
#4532=CARTESIAN_POINT('',(0.0161,-0.00629785030215154,0.00499835974152755));
#4533=CARTESIAN_POINT('',(0.0161,-0.00591801081497715,0.00872907307331587));
#4534=CARTESIAN_POINT('',(0.0161,0.000306081901454742,0.00809537222972893));
#4535=CARTESIAN_POINT('',(0.0161,0.000500000000000006,0.));
#4536=CARTESIAN_POINT('',(0.0161,0.000500000000000006,0.01));
#4537=CARTESIAN_POINT('',(0.,0.0005,0.01));
#4538=CARTESIAN_POINT('',(0.,0.0005,0.));
#4539=CARTESIAN_POINT('',(0.0141,0.000657872908463046,0.00499835974152755));
#4540=CARTESIAN_POINT('',(0.0141,0.00909591998152445,0.00499857240630967));
#4541=CARTESIAN_POINT('',(0.0141,0.00909591998152445,0.00499857240630967));
#4542=CARTESIAN_POINT('',(0.0141,0.00911510593636673,0.00719848874543186));
#4543=CARTESIAN_POINT('',(0.0141,0.00930644903406891,0.00280866886550365));
#4544=CARTESIAN_POINT('',(0.0141,0.00159854756069478,0.00796378090937387));
#4545=CARTESIAN_POINT('',(0.0141,-0.00591801081497715,0.00872907307331587));
#4546=CARTESIAN_POINT('',(0.0141,-0.00629785030215154,0.00499835974152755));
#4547=CARTESIAN_POINT('',(0.0141,-0.00588574098052508,0.00127107307331586));
#4548=CARTESIAN_POINT('',(0.0141,0.00171035402677195,0.00203987096940976));
#4549=CARTESIAN_POINT('',(-0.0137826688077753,-0.0112069316381706,0.00307381971704283));
#4550=CARTESIAN_POINT('',(0.,6.12323399573677E-20,0.0015));
#4551=CARTESIAN_POINT('',(0.,6.12323399573677E-20,0.0015));
#4552=CARTESIAN_POINT('',(0.001,6.12323399573677E-20,0.0015));
#4553=CARTESIAN_POINT('',(0.,6.12323399573677E-20,0.));
#4554=CARTESIAN_POINT('',(0.001,6.12323399573677E-20,0.));
#4555=CARTESIAN_POINT('',(0.,1.22464679914735E-19,0.0015));
#4556=CARTESIAN_POINT('',(0.,1.22464679914735E-19,0.0015));
#4557=CARTESIAN_POINT('',(0.002,1.22464679914735E-19,0.0015));
#4558=CARTESIAN_POINT('',(0.,1.22464679914735E-19,0.));
#4559=CARTESIAN_POINT('',(0.002,1.22464679914735E-19,0.));
#4560=CARTESIAN_POINT('',(0.,0.,0.0015));
#4561=CARTESIAN_POINT('',(0.,0.,0.));
#4562=CARTESIAN_POINT('',(-0.348198801361199,0.0130232551703916,-0.0179324493055515));
#4563=CARTESIAN_POINT('',(0.,6.12323399573677E-20,0.0008));
#4564=CARTESIAN_POINT('',(0.,6.12323399573677E-20,0.));
#4565=CARTESIAN_POINT('',(0.001,6.12323399573677E-20,0.));
#4566=CARTESIAN_POINT('',(0.,6.12323399573677E-20,0.0004));
#4567=CARTESIAN_POINT('',(0.001,6.12323399573677E-20,0.0004));
#4568=CARTESIAN_POINT('',(0.,1.22464679914735E-19,0.0008));
#4569=CARTESIAN_POINT('',(0.,1.22464679914735E-19,0.0008));
#4570=CARTESIAN_POINT('',(0.002,1.22464679914735E-19,0.0008));
#4571=CARTESIAN_POINT('',(0.,1.22464679914735E-19,0.));
#4572=CARTESIAN_POINT('',(0.002,1.22464679914735E-19,0.));
#4573=CARTESIAN_POINT('',(0.,0.,0.0008));
#4574=CARTESIAN_POINT('',(0.,6.12323399573677E-20,0.0008));
#4575=CARTESIAN_POINT('',(0.001,6.12323399573677E-20,0.0008));
#4576=CARTESIAN_POINT('',(0.,0.,0.));
#4577=CARTESIAN_POINT('',(0.,0.,0.0108));
#4578=CARTESIAN_POINT('',(0.,6.12323399573677E-20,0.0108));
#4579=CARTESIAN_POINT('',(0.001,6.12323399573677E-20,0.0108));
#4580=CARTESIAN_POINT('',(0.,6.12323399573677E-20,0.0108));
#4581=CARTESIAN_POINT('',(0.,0.,0.0004));
#4582=CARTESIAN_POINT('',(-0.348115346983067,0.01317174962869,-0.00958418692571309));
#4583=CARTESIAN_POINT('',(0.,0.,0.));
#4584=CARTESIAN_POINT('',(0.0025,0.00909591998152445,0.00499857240630967));
#4585=CARTESIAN_POINT('',(0.,0.00909591998152445,0.00499857240630967));
#4586=CARTESIAN_POINT('',(0.,0.00930644903406891,0.00280866886550365));
#4587=CARTESIAN_POINT('',(0.,0.00911510593636673,0.00719848874543186));
#4588=CARTESIAN_POINT('',(0.0025,0.00911510593636673,0.00719848874543186));
#4589=CARTESIAN_POINT('',(0.0025,0.00911510593636673,0.00719848874543186));
#4590=CARTESIAN_POINT('',(0.0025,0.00909591998152445,0.00499857240630967));
#4591=CARTESIAN_POINT('',(0.0025,0.00930644903406891,0.00280866886550365));
#4592=CARTESIAN_POINT('',(0.0025,0.00930644903406891,0.00280866886550365));
#4593=CARTESIAN_POINT('',(0.0025,0.00159854756069478,0.00796378090937387));
#4594=CARTESIAN_POINT('',(0.,0.00159854756069478,0.00796378090937387));
#4595=CARTESIAN_POINT('',(0.,-0.00591801081497715,0.00872907307331587));
#4596=CARTESIAN_POINT('',(0.0025,-0.00591801081497715,0.00872907307331587));
#4597=CARTESIAN_POINT('',(0.0025,-0.00591801081497715,0.00872907307331587));
#4598=CARTESIAN_POINT('',(0.0025,0.00159854756069478,0.00796378090937387));
#4599=CARTESIAN_POINT('',(0.0025,-0.00629785030215154,0.00499835974152755));
#4600=CARTESIAN_POINT('',(0.,-0.00629785030215154,0.00499835974152755));
#4601=CARTESIAN_POINT('',(0.,-0.00588574098052508,0.00127107307331586));
#4602=CARTESIAN_POINT('',(0.0025,-0.00588574098052508,0.00127107307331586));
#4603=CARTESIAN_POINT('',(0.0025,-0.00588574098052508,0.00127107307331586));
#4604=CARTESIAN_POINT('',(0.0025,-0.00629785030215154,0.00499835974152755));
#4605=CARTESIAN_POINT('',(0.0025,0.00171035402677195,0.00203987096940976));
#4606=CARTESIAN_POINT('',(0.,0.00171035402677195,0.00203987096940976));
#4607=CARTESIAN_POINT('',(0.0025,0.00171035402677195,0.00203987096940976));
#4608=CARTESIAN_POINT('',(0.0025,-0.00629785030215153,0.00499835974152755));
#4609=CARTESIAN_POINT('',(0.0025,-0.00629785030215153,0.00499835974152755));
#4610=CARTESIAN_POINT('',(0.0025,-0.00629785030215153,0.00269835974152755));
#4611=CARTESIAN_POINT('',(0.,-0.00629785030215153,0.00499835974152755));
#4612=CARTESIAN_POINT('',(0.,-0.00629785030215153,0.00269835974152755));
#4613=CARTESIAN_POINT('',(0.0025,0.000657872908463046,0.00499835974152755));
#4614=CARTESIAN_POINT('',(0.,0.000657872908463046,0.00499835974152755));
#4615=CARTESIAN_POINT('',(-0.0261061745516477,-0.0319780019460424,0.0217624885954354));
#4616=CARTESIAN_POINT('',(0.00534745889838378,-0.0104315385149882,0.00610753707726144));
#4617=CARTESIAN_POINT('',(-0.0260419567877984,-0.031908235953933,0.00791281319183289));
#4618=CARTESIAN_POINT('',(0.00101476219047699,0.0083388936637864,0.00284961858636749));
#4619=CARTESIAN_POINT('',(0.,6.12323399573677E-20,0.0008));
#4620=CARTESIAN_POINT('',(0.,6.12323399573677E-20,0.));
#4621=CARTESIAN_POINT('',(0.001,6.12323399573677E-20,0.));
#4622=CARTESIAN_POINT('',(0.,6.12323399573677E-20,0.0004));
#4623=CARTESIAN_POINT('',(0.001,6.12323399573677E-20,0.0004));
#4624=CARTESIAN_POINT('',(0.,1.22464679914735E-19,0.0008));
#4625=CARTESIAN_POINT('',(0.,1.22464679914735E-19,0.0008));
#4626=CARTESIAN_POINT('',(0.002,1.22464679914735E-19,0.0008));
#4627=CARTESIAN_POINT('',(0.,1.22464679914735E-19,0.));
#4628=CARTESIAN_POINT('',(0.002,1.22464679914735E-19,0.));
#4629=CARTESIAN_POINT('',(0.,0.,0.0008));
#4630=CARTESIAN_POINT('',(0.,6.12323399573677E-20,0.0008));
#4631=CARTESIAN_POINT('',(0.001,6.12323399573677E-20,0.0008));
#4632=CARTESIAN_POINT('',(0.,0.,0.));
#4633=CARTESIAN_POINT('',(0.,0.,0.0088));
#4634=CARTESIAN_POINT('',(0.,6.12323399573677E-20,0.0088));
#4635=CARTESIAN_POINT('',(0.001,6.12323399573677E-20,0.0088));
#4636=CARTESIAN_POINT('',(0.,6.12323399573677E-20,0.0088));
#4637=CARTESIAN_POINT('',(0.,0.,0.0004));
#4638=CARTESIAN_POINT('',(-0.00288475156270309,0.0119282936817222,0.0028496185863675));
#4639=CARTESIAN_POINT('',(0.,0.,0.));
#4640=CARTESIAN_POINT('',(0.0297894251686075,0.00202215493672686,0.00383788104427677));
#4641=CARTESIAN_POINT('',(0.0267006657159132,0.0156395234551286,0.0158442214188459));
#4642=CARTESIAN_POINT('',(0.0313359367810141,0.0113728781507895,0.0158442214188458));
#4643=CARTESIAN_POINT('',(0.,0.,0.));
#4644=CARTESIAN_POINT('',(-0.0206463312879722,-0.00736783493888177,0.0104308919583201));
#4645=CARTESIAN_POINT('',(-0.016746817534792,-0.0109572349568177,0.0104308919583201));
#4646=CARTESIAN_POINT('',(0.,0.,0.));
#4647=CARTESIAN_POINT('',(0.0234995297623872,0.0121618186537139,-0.0110434764729646));
#4648=CARTESIAN_POINT('',(0.0281348008274881,0.00789517334937473,-0.0110434764729647));
#4649=CARTESIAN_POINT('',(0.,0.,0.));
#4650=CARTESIAN_POINT('',(-0.0259376349273807,-0.000270133774739902,0.0130773941480791));
#4651=CARTESIAN_POINT('',(-0.375478270055548,0.0140508035743385,-0.0176780244018505));
#4652=CARTESIAN_POINT('',(-0.375394815677415,0.0141992980326369,-0.00932976202201198));
#4653=CARTESIAN_POINT('',(0.,0.,0.));
#4654=CARTESIAN_POINT('',(0.0140991502125561,0.00771341518644881,0.));
#4655=CARTESIAN_POINT('',(-0.00200084978744388,0.00771341518644881,0.));
#4656=CARTESIAN_POINT('',(-0.00200084978744388,-0.00253658481355119,0.));
#4657=CARTESIAN_POINT('',(-0.00200067489372194,-0.00246827864222642,2.19595702940924E-24));
#4658=CARTESIAN_POINT('',(-0.002,0.0082475682721112,1.78041001896223E-14));
#4659=CARTESIAN_POINT('',(-0.00200042489372194,0.0020501825751961,1.780346703395E-14));
#4660=CARTESIAN_POINT('',(-0.002,0.0020501825751961,0.));
#4661=CARTESIAN_POINT('',(-0.001999999999997,0.00165126421113103,0.));
#4662=CARTESIAN_POINT('',(-0.00197798770162556,0.000854957245324826,0.));
#4663=CARTESIAN_POINT('',(-0.00188857027536791,-0.000139430580681002,0.));
#4664=CARTESIAN_POINT('',(-0.00176337883938642,-0.000925277293183175,0.));
#4665=CARTESIAN_POINT('',(-0.00163308124687018,-0.0015043440108189,0.));
#4666=CARTESIAN_POINT('',(-0.00147076458446669,-0.00198353258723359,0.));
#4667=CARTESIAN_POINT('',(-0.00127336224223217,-0.00233079441244062,0.));
#4668=CARTESIAN_POINT('',(-0.00110221759381631,-0.00246827864222642,0.));
#4669=CARTESIAN_POINT('',(-0.001,-0.00246827864222642,0.));
#4670=CARTESIAN_POINT('',(-0.001,-0.00246827864222641,0.));
#4671=CARTESIAN_POINT('',(-0.001,-0.00246827864222641,0.));
#4672=CARTESIAN_POINT('',(-0.000897061337796356,-0.00246827864222641,0.));
#4673=CARTESIAN_POINT('',(-0.000726652014663372,-0.00233062518118999,0.));
#4674=CARTESIAN_POINT('',(-0.000528237480829058,-0.00198160907678751,0.));
#4675=CARTESIAN_POINT('',(-0.000367067877036688,-0.00150471617526575,0.));
#4676=CARTESIAN_POINT('',(-0.000235508574152709,-0.000919986236180967,0.));
#4677=CARTESIAN_POINT('',(-0.000111147863026398,-0.000135649817798866,0.));
#4678=CARTESIAN_POINT('',(-2.213000714228E-5,0.000853349127990372,0.));
#4679=CARTESIAN_POINT('',(-2.99941283980981E-15,0.00165120982026384,0.));
#4680=CARTESIAN_POINT('',(7.62338528160687E-21,0.00205018257519611,0.));
#4681=CARTESIAN_POINT('',(-4.24893721937977E-7,0.0020501825751961,1.780346703395E-14));
#4682=CARTESIAN_POINT('',(-8.49787443877383E-7,0.00671341518644881,0.));
#4683=CARTESIAN_POINT('',(-6.74893721940809E-7,-0.00246827864222642,-6.88848875963512E-19));
#4684=CARTESIAN_POINT('',(-8.49787443877383E-7,0.00671341518644881,0.));
#4685=CARTESIAN_POINT('',(-8.49787443874551E-7,-0.00253658481355119,0.));
#4686=CARTESIAN_POINT('',(-0.00200084978744388,-0.00253658481355119,0.));
#4687=CARTESIAN_POINT('',(0.0281991502125561,0.00671341518644882,0.01));
#4688=CARTESIAN_POINT('',(0.0282,0.000915561153735307,0.00493102972230026));
#4689=CARTESIAN_POINT('',(0.028199575106278,0.00129347264812541,0.00866193884775586));
#4690=CARTESIAN_POINT('',(0.028199575106278,-0.00253657552988044,0.00639572352391853));
#4691=CARTESIAN_POINT('',(0.0281991502125561,-0.00253658481355118,0.01));
#4692=CARTESIAN_POINT('',(0.0281991502125561,-0.00253658481355118,0.009));
#4693=CARTESIAN_POINT('',(0.0281991502125561,0.00671341518644882,0.009));
#4694=CARTESIAN_POINT('',(0.0281991502125561,0.0169634151864488,0.009));
#4695=CARTESIAN_POINT('',(0.0281991502125561,0.0169634151864488,0.01));
#4696=CARTESIAN_POINT('',(0.028199164336129,0.0169634051164595,0.00703304635533731));
#4697=CARTESIAN_POINT('',(0.0282,0.016307403444627,0.00493102972230026));
#4698=CARTESIAN_POINT('',(0.028199575106278,0.0164587153671092,0.00712582007723504));
#4699=CARTESIAN_POINT('',(0.0281991502125561,0.0164587153671092,0.00712582007723504));
#4700=CARTESIAN_POINT('',(0.0301991502125561,0.00771341518644882,0.01));
#4701=CARTESIAN_POINT('',(0.0301991502125561,0.00852990748830891,0.00193266119851818));
#4702=CARTESIAN_POINT('',(0.0301991502125562,0.00132983122993083,0.00120394420987609));
#4703=CARTESIAN_POINT('',(0.0301991502125561,0.0165179324971714,0.00274112618149423));
#4704=CARTESIAN_POINT('',(0.0301991502125562,0.00143052643483134,0.00020902688883376));
#4705=CARTESIAN_POINT('',(0.0301991502125562,0.00132211269142707,0.00120313274850921));
#4706=CARTESIAN_POINT('',(0.0301991502125562,0.000915561153735307,0.00493102972230026));
#4707=CARTESIAN_POINT('',(0.0301991502125562,-0.00253658481355118,0.00346638361468668));
#4708=CARTESIAN_POINT('',(0.0301991502125562,-0.00253658481355118,0.01));
#4709=CARTESIAN_POINT('',(0.0301991502125562,-0.00253658481355118,0.001));
#4710=CARTESIAN_POINT('',(0.0301991502125561,0.0189634151864488,0.001));
#4711=CARTESIAN_POINT('',(0.0301991502125561,0.0179634151864488,0.001));
#4712=CARTESIAN_POINT('',(0.0301991502125561,0.0179634151864488,0.01));
#4713=CARTESIAN_POINT('',(0.0301991502125561,0.0179634151864488,0.00348271169405222));
#4714=CARTESIAN_POINT('',(0.0301991502125561,0.016307403444627,0.00493102972230026));
#4715=CARTESIAN_POINT('',(0.0281991502125561,0.00671341518644882,0.01));
#4716=CARTESIAN_POINT('',(0.0281991502125561,-0.00353658481355118,0.001));
#4717=CARTESIAN_POINT('',(0.0281991502125561,0.0169634151864488,0.001));
#4718=CARTESIAN_POINT('',(0.0281991502125561,-0.00253658481355118,0.001));
#4719=CARTESIAN_POINT('',(0.0281991502125561,-0.00253658481355118,0.01));
#4720=CARTESIAN_POINT('',(0.028199575106278,-0.00253657294807814,0.00346632266795005));
#4721=CARTESIAN_POINT('',(0.0282,0.000915561153735307,0.00493102972230026));
#4722=CARTESIAN_POINT('',(0.028199575106278,0.00132574248257751,0.00120353038930646));
#4723=CARTESIAN_POINT('',(0.0281991502125561,0.00754004701259889,0.0018324777950166));
#4724=CARTESIAN_POINT('',(0.028199575106278,0.0165179324971714,0.00274112618149423));
#4725=CARTESIAN_POINT('',(0.0282,0.016307403444627,0.00493102972230026));
#4726=CARTESIAN_POINT('',(0.0281991755214738,0.0169633998391779,0.00282934927556046));
#4727=CARTESIAN_POINT('',(0.0281991502125561,0.0169634151864488,0.01));
#4728=CARTESIAN_POINT('',(0.0301991502125561,0.00771341518644882,0.01));
#4729=CARTESIAN_POINT('',(0.0301991502125561,0.00771341518644882,0.009));
#4730=CARTESIAN_POINT('',(0.0301991502125561,0.0179634151864488,0.009));
#4731=CARTESIAN_POINT('',(0.0301991502125562,-0.00253658481355118,0.009));
#4732=CARTESIAN_POINT('',(0.0301991502125562,-0.00253658481355118,0.01));
#4733=CARTESIAN_POINT('',(0.0301991502125562,-0.00253658481355118,0.00639567582991384));
#4734=CARTESIAN_POINT('',(0.0301991502125562,0.000915561153735307,0.00493102972230026));
#4735=CARTESIAN_POINT('',(0.0301991502125562,0.00129347264812541,0.00866193884775586));
#4736=CARTESIAN_POINT('',(0.0301991502125561,0.00751405650281296,0.00803184305569691));
#4737=CARTESIAN_POINT('',(0.0301991502125561,0.0164587153671092,0.00712582007723504));
#4738=CARTESIAN_POINT('',(0.0301991502125561,0.016307403444627,0.00493102972230026));
#4739=CARTESIAN_POINT('',(0.0301991502125561,0.0179634151864488,0.00637934775054831));
#4740=CARTESIAN_POINT('',(0.0301991502125561,0.0179634151864488,0.01));
#4741=CARTESIAN_POINT('',(0.0140991502125561,0.0189634151864488,0.01));
#4742=CARTESIAN_POINT('',(0.,0.0189634151864488,0.0054500000000178));
#4743=CARTESIAN_POINT('',(0.,0.0189634151864488,0.01));
#4744=CARTESIAN_POINT('',(0.,0.0189634151864488,3.56069340679E-14));
#4745=CARTESIAN_POINT('',(0.0140991502125561,0.0189634151864488,0.01));
#4746=CARTESIAN_POINT('',(0.0291991502125561,0.0189634151864488,0.01));
#4747=CARTESIAN_POINT('',(0.0291991502125561,0.0189634151864488,0.01));
#4748=CARTESIAN_POINT('',(0.0291991502125561,0.0189634151864488,0.));
#4749=CARTESIAN_POINT('',(0.0140991502125561,0.0189634151864488,0.));
#4750=CARTESIAN_POINT('',(-0.00200084978744388,0.00771341518644881,0.01));
#4751=CARTESIAN_POINT('',(-0.00200084978744388,-0.00253658481355119,0.01));
#4752=CARTESIAN_POINT('',(-0.00200084978744388,-0.00253658481355119,0.01));
#4753=CARTESIAN_POINT('',(-0.00200084978744388,0.00771341518644881,0.01));
#4754=CARTESIAN_POINT('',(-0.00200042489372194,0.0189634151864488,0.01));
#4755=CARTESIAN_POINT('',(-0.00200084978744389,0.0189634151864488,0.01));
#4756=CARTESIAN_POINT('',(-0.00200042489372194,0.0189634151864488,1.780346703395E-14));
#4757=CARTESIAN_POINT('',(-0.002,0.0082475682721112,1.78041001896223E-14));
#4758=CARTESIAN_POINT('',(-8.49787443877383E-7,0.00671341518644881,0.01));
#4759=CARTESIAN_POINT('',(-8.49787443880521E-7,0.0169634151864488,0.01));
#4760=CARTESIAN_POINT('',(-8.49787443880521E-7,0.0169634151864488,0.009));
#4761=CARTESIAN_POINT('',(-8.49787443880521E-7,0.0169634151864488,0.001));
#4762=CARTESIAN_POINT('',(-8.49787443877383E-7,0.00671341518644881,0.009));
#4763=CARTESIAN_POINT('',(-8.49787443874551E-7,-0.00253658481355119,0.009));
#4764=CARTESIAN_POINT('',(-8.49787443874551E-7,-0.00253658481355119,0.01));
#4765=CARTESIAN_POINT('',(-8.49787443877383E-7,0.00671341518644881,0.));
#4766=CARTESIAN_POINT('',(-1.35622295095618E-7,0.0179627513832841,2.92260400456725E-14));
#4767=CARTESIAN_POINT('',(-8.49787443881617E-7,0.0179634151864488,0.001));
#4768=CARTESIAN_POINT('',(0.0140991502125561,0.0169634151864488,0.01));
#4769=CARTESIAN_POINT('',(0.0140991502125561,0.0169634151864488,0.009));
#4770=CARTESIAN_POINT('',(0.0281991502125561,0.0169634151864488,0.001));
#4771=CARTESIAN_POINT('',(0.0282,0.0169634151864488,0.00493102972230026));
#4772=CARTESIAN_POINT('',(0.0140991502125561,0.00771341518644881,0.01));
#4773=CARTESIAN_POINT('',(-0.00100084978744387,-0.00253658481355119,0.01));
#4774=CARTESIAN_POINT('',(-0.00100084978744387,-0.00353658481355119,0.01));
#4775=CARTESIAN_POINT('',(-0.00100084978744388,0.00771341518644881,0.01));
#4776=CARTESIAN_POINT('',(-0.00100084978744388,0.0179634151864488,0.01));
#4777=CARTESIAN_POINT('',(0.0140991502125561,0.0179634151864488,0.01));
#4778=CARTESIAN_POINT('',(0.0291991502125561,0.0179634151864488,0.01));
#4779=CARTESIAN_POINT('',(0.0291991502125561,0.00771341518644882,0.01));
#4780=CARTESIAN_POINT('',(0.0140991502125561,0.0189634151864488,0.01));
#4781=CARTESIAN_POINT('',(0.0140991502125561,0.00771341518644881,0.));
#4782=CARTESIAN_POINT('',(-8.49787443879882E-7,0.0179634151864488,0.));
#4783=CARTESIAN_POINT('',(0.0291991502125561,0.0179634151864488,0.));
#4784=CARTESIAN_POINT('',(0.,0.0082475682721112,1.78041001896223E-14));
#4785=CARTESIAN_POINT('',(0.0291991502125561,-0.00353658481355118,0.));
#4786=CARTESIAN_POINT('',(0.0282,0.00787032036795775,0.00493102972230026));
#4787=CARTESIAN_POINT('',(0.0282,0.016307403444627,0.00493102972230026));
#4788=CARTESIAN_POINT('',(0.0307,0.000915561153735307,0.00493102972230026));
#4789=CARTESIAN_POINT('',(0.0307,0.0013221126914427,0.00120313274851092));
#4790=CARTESIAN_POINT('',(0.0281991502128373,-0.00253656109694846,0.00346632771631611));
#4791=CARTESIAN_POINT('',(0.0281991455221808,-0.00273434054405168,0.0039324695166847));
#4792=CARTESIAN_POINT('',(0.0282899315332432,-0.00293463574515045,0.00493028160324149));
#4793=CARTESIAN_POINT('',(0.0281991465452506,-0.00273414331493304,0.0059300502150705));
#4794=CARTESIAN_POINT('',(0.0281991502127284,-0.00253656625128634,0.00639571958008535));
#4795=CARTESIAN_POINT('',(0.0307,0.00129347264812541,0.00866193884775586));
#4796=CARTESIAN_POINT('',(0.0301991502125562,-0.00253658481355118,0.00639567582991384));
#4797=CARTESIAN_POINT('',(0.0301991502125562,-0.00273434957857843,0.00592954764201147));
#4798=CARTESIAN_POINT('',(0.0301083730704218,-0.00293462844704837,0.00493177068908911));
#4799=CARTESIAN_POINT('',(0.0301991502125562,-0.00273414887845517,0.00393203875581172));
#4800=CARTESIAN_POINT('',(0.0301991502125562,-0.00253658481355118,0.00346638361468668));
#4801=CARTESIAN_POINT('',(0.0307,0.0089218374898745,0.00197232828540036));
#4802=CARTESIAN_POINT('',(0.0307,0.00132983122993067,0.00120394420987607));
#4803=CARTESIAN_POINT('',(0.0307,0.0165179324971714,0.00274112618149423));
#4804=CARTESIAN_POINT('',(0.0307,0.016307403444627,0.00493102972230026));
#4805=CARTESIAN_POINT('',(0.0301991502125561,0.0179634151864488,0.00348271169405222));
#4806=CARTESIAN_POINT('',(0.0301991502125561,0.0183163619426739,0.00388627221124996));
#4807=CARTESIAN_POINT('',(0.0298773358707324,0.0186986525133197,0.0049309105390537));
#4808=CARTESIAN_POINT('',(0.0301991502125561,0.0183159468060221,0.00597626190200505));
#4809=CARTESIAN_POINT('',(0.0301991502125561,0.0179634151864488,0.00637934775054831));
#4810=CARTESIAN_POINT('',(0.0307,0.0164587153671092,0.00712582007723504));
#4811=CARTESIAN_POINT('',(0.0307,0.0088760940076173,0.00789387946249545));
#4812=CARTESIAN_POINT('',(0.0291991502125561,-0.00253658481355118,0.001));
#4813=CARTESIAN_POINT('',(0.0291991502125561,-0.00253658481355118,0.001));
#4814=CARTESIAN_POINT('',(0.0291991502125561,-0.00253658481355118,0.001));
#4815=CARTESIAN_POINT('',(0.0140991502125561,0.0179634151864488,0.001));
#4816=CARTESIAN_POINT('',(0.0291991502125561,0.0179634151864488,0.001));
#4817=CARTESIAN_POINT('',(0.0291991502125561,0.00771341518644883,0.001));
#4818=CARTESIAN_POINT('',(0.0291991502125561,0.0179634151864488,0.001));
#4819=CARTESIAN_POINT('',(0.0291991502125561,-0.00253658481355118,0.01));
#4820=CARTESIAN_POINT('',(0.0291991502125561,-0.00253658481355118,0.009));
#4821=CARTESIAN_POINT('',(0.0291991502125561,0.0179634151864488,0.01));
#4822=CARTESIAN_POINT('',(0.0291991502125561,0.0179634151864488,0.009));
#4823=CARTESIAN_POINT('',(0.0291991502125561,-0.00253658481355118,0.009));
#4824=CARTESIAN_POINT('',(0.0291991502125561,-0.00253658481355118,0.009));
#4825=CARTESIAN_POINT('',(0.0291991502125561,0.00771341518644882,0.009));
#4826=CARTESIAN_POINT('',(0.0291991502125561,0.0179634151864488,0.009));
#4827=CARTESIAN_POINT('',(0.0140991502125561,-0.00253658481355118,0.001));
#4828=CARTESIAN_POINT('',(-0.00100084978744387,-0.00253658481355119,0.001));
#4829=CARTESIAN_POINT('',(-0.00100084978744387,-0.00353658481355119,0.001));
#4830=CARTESIAN_POINT('',(-0.00100084978744387,-0.00253658481355119,0.001));
#4831=CARTESIAN_POINT('',(-0.00100084978744387,-0.00253658481355119,0.01));
#4832=CARTESIAN_POINT('',(-0.00100084978744387,-0.00253658481355119,0.009));
#4833=CARTESIAN_POINT('',(0.0140991502125561,0.0179634151864488,0.009));
#4834=CARTESIAN_POINT('',(-0.00100084978744388,0.0179634151864488,0.009));
#4835=CARTESIAN_POINT('',(-0.00100084978744388,0.00671341518644881,0.009));
#4836=CARTESIAN_POINT('',(0.0307,0.00143052643483134,0.00020902688883376));
#4837=CARTESIAN_POINT('',(0.,0.0189634151864488,0.0054500000000178));
#4838=CARTESIAN_POINT('',(-0.002,0.0189634151864488,0.0054500000000178));
#4839=CARTESIAN_POINT('',(-0.002,0.0189634151864488,0.0109));
#4840=CARTESIAN_POINT('',(0.,0.0189634151864488,0.0054500000000178));
#4841=CARTESIAN_POINT('',(0.,0.0189634151864488,0.0109));
#4842=CARTESIAN_POINT('',(0.,0.0189634151864488,0.0109));
#4843=CARTESIAN_POINT('',(0.,0.0461634151864488,0.00500029218790183));
#4844=CARTESIAN_POINT('',(0.,0.0461634151864488,0.00500029218790183));
#4845=CARTESIAN_POINT('',(0.,0.0461634151864488,0.00990056822302937));
#4846=CARTESIAN_POINT('',(0.,0.0461634151864488,-0.000900040296337716));
#4847=CARTESIAN_POINT('',(-0.001,0.0461634151864488,0.00990056822302937));
#4848=CARTESIAN_POINT('',(-0.002,0.0461634151864488,0.00990056822302937));
#4849=CARTESIAN_POINT('',(-0.002,0.0461634151864488,0.00500029218790183));
#4850=CARTESIAN_POINT('',(-0.002,0.0461634151864488,-0.000900040296337716));
#4851=CARTESIAN_POINT('',(0.,0.0461634151864488,-0.000900040296337716));
#4852=CARTESIAN_POINT('',(0.,0.0349134151864488,-0.000900040296337718));
#4853=CARTESIAN_POINT('',(-0.002,0.0349134151864488,-0.000900040296337718));
#4854=CARTESIAN_POINT('',(-0.002,0.0236634151864488,-0.000900020148168863));
#4855=CARTESIAN_POINT('',(0.,0.0236634151864488,-0.000900020148168863));
#4856=CARTESIAN_POINT('',(0.,0.0236634151864488,-0.000900020148168863));
#4857=CARTESIAN_POINT('',(0.,0.0349134151864488,-0.000900040296337718));
#4858=CARTESIAN_POINT('',(0.,0.0236634151864488,0.005));
#4859=CARTESIAN_POINT('',(-0.002,0.0236634151864488,0.005));
#4860=CARTESIAN_POINT('',(-0.002,0.0236634151864488,0.0109));
#4861=CARTESIAN_POINT('',(0.,0.0236634151864488,0.0109));
#4862=CARTESIAN_POINT('',(0.,0.0236634151864488,0.0109));
#4863=CARTESIAN_POINT('',(0.,0.0236634151864488,0.005));
#4864=CARTESIAN_POINT('',(0.,0.0212634151864488,0.00499981746073966));
#4865=CARTESIAN_POINT('',(0.,0.0212634151864488,0.00499981746073966));
#4866=CARTESIAN_POINT('',(0.,0.0212634151864488,0.00399981746073966));
#4867=CARTESIAN_POINT('',(-0.002,0.0212634151864488,0.00499981746073966));
#4868=CARTESIAN_POINT('',(-0.002,0.0212634151864488,0.00399981746073966));
#4869=CARTESIAN_POINT('',(0.,0.0213134151864488,0.0109));
#4870=CARTESIAN_POINT('',(-0.002,0.0213134151864488,0.0109));
#4871=CARTESIAN_POINT('',(0.,0.0213134151864488,0.0109));
#4872=CARTESIAN_POINT('',(0.,0.0485634151864488,0.0049999598190748));
#4873=CARTESIAN_POINT('',(0.,0.0485634151864488,0.0049999598190748));
#4874=CARTESIAN_POINT('',(0.,0.0485634151864488,0.0039999598190748));
#4875=CARTESIAN_POINT('',(-0.002,0.0485634151864488,0.0049999598190748));
#4876=CARTESIAN_POINT('',(-0.002,0.0485634151864488,0.0039999598190748));
#4877=CARTESIAN_POINT('',(0.,0.0241975682721112,-0.000242532671156794));
#4878=CARTESIAN_POINT('',(0.,0.0498634151864488,-0.000242532671156794));
#4879=CARTESIAN_POINT('',(0.,0.0498634151864488,-0.000653052744771314));
#4880=CARTESIAN_POINT('',(0.,0.0498634151864488,0.00993984238931274));
#4881=CARTESIAN_POINT('',(0.,0.0240923896674222,0.00966629224295405));
#4882=CARTESIAN_POINT('',(0.,0.0020501825751961,3.56071457816716E-14));
#4883=CARTESIAN_POINT('',(0.,0.00607824869432986,-0.00089180056089415));
#4884=CARTESIAN_POINT('',(0.,0.0121424187977268,-0.00213928700406775));
#4885=CARTESIAN_POINT('',(0.,0.0202641764883307,-0.00350932151000597));
#4886=CARTESIAN_POINT('',(0.,0.0263830409003134,-0.00434137328385338));
#4887=CARTESIAN_POINT('',(0.,0.0325333869745946,-0.00489820694383917));
#4888=CARTESIAN_POINT('',(0.,0.0377211314197343,-0.00500832494273412));
#4889=CARTESIAN_POINT('',(0.,0.0418340668552246,-0.00469890192519418));
#4890=CARTESIAN_POINT('',(0.,0.0449045032851186,-0.00414543322759353));
#4891=CARTESIAN_POINT('',(0.,0.0478566057498748,-0.00308523287557642));
#4892=CARTESIAN_POINT('',(0.,0.0494429292520363,-0.00161590692101421));
#4893=CARTESIAN_POINT('',(0.,0.0498634151864488,-0.000653052744771321));
#4894=CARTESIAN_POINT('',(-0.002,0.0241975682721112,-0.000242532671156794));
#4895=CARTESIAN_POINT('',(-0.002,0.0508740292280566,0.00995056969307447));
#4896=CARTESIAN_POINT('',(-0.002,0.0498634151864488,0.00993984238931273));
#4897=CARTESIAN_POINT('',(-0.002,0.0498634151864488,-0.000850151375105792));
#4898=CARTESIAN_POINT('',(-0.002,0.0498634151864488,-0.000653052744771314));
#4899=CARTESIAN_POINT('',(-0.002,0.0498634151864488,-0.000653052744771314));
#4900=CARTESIAN_POINT('',(-0.002,0.0494429292520363,-0.00161590692101421));
#4901=CARTESIAN_POINT('',(-0.002,0.0478566057498748,-0.00308523287557645));
#4902=CARTESIAN_POINT('',(-0.002,0.0449045032851185,-0.00414543322759354));
#4903=CARTESIAN_POINT('',(-0.002,0.0418340668552246,-0.00469890192519418));
#4904=CARTESIAN_POINT('',(-0.002,0.0377211314197342,-0.00500832494273413));
#4905=CARTESIAN_POINT('',(-0.002,0.0325333869745946,-0.00489820694383916));
#4906=CARTESIAN_POINT('',(-0.002,0.0263830409003133,-0.00434137328385337));
#4907=CARTESIAN_POINT('',(-0.002,0.0202641764883306,-0.00350932151000596));
#4908=CARTESIAN_POINT('',(-0.002,0.0121424187977266,-0.00213928700406772));
#4909=CARTESIAN_POINT('',(-0.002,0.00607824869432988,-0.000891800560894156));
#4910=CARTESIAN_POINT('',(-0.002,0.0020501825751961,3.5607326070806E-14));
#4911=CARTESIAN_POINT('',(-0.002,-0.00255809709901892,0.00104747704563913));
#4912=CARTESIAN_POINT('',(-0.002,-0.00278432840394212,7.34034361656279E-5));
#4913=CARTESIAN_POINT('',(-0.001,-0.00278432840394212,7.34034361656279E-5));
#4914=CARTESIAN_POINT('',(-0.002,-0.000336969606913527,0.000531614008130342));
#4915=CARTESIAN_POINT('',(-0.002,-0.000563200911837565,-0.000442459601343181));
#4916=CARTESIAN_POINT('',(-0.001,-0.000563200911836648,-0.00044245960134282));
#4917=CARTESIAN_POINT('',(-0.002,0.00411115171075821,-0.000472456097115292));
#4918=CARTESIAN_POINT('',(-0.002,0.00390159151791773,-0.00145034192678804));
#4919=CARTESIAN_POINT('',(-0.001,0.00390159151791731,-0.00145034192678821));
#4920=CARTESIAN_POINT('',(-0.002,0.0108142100987157,-0.00185315650666513));
#4921=CARTESIAN_POINT('',(-0.002,0.0106222109437525,-0.00283461949598417));
#4922=CARTESIAN_POINT('',(-0.001,0.0106222109437526,-0.00283461949598412));
#4923=CARTESIAN_POINT('',(-0.002,0.0175381055010928,-0.00307734472603207));
#4924=CARTESIAN_POINT('',(-0.002,0.0173727565998214,-0.00406374840843569));
#4925=CARTESIAN_POINT('',(-0.001,0.0173727565998214,-0.00406374840843571));
#4926=CARTESIAN_POINT('',(-0.002,0.0242899235938789,-0.00409181379941719));
#4927=CARTESIAN_POINT('',(-0.002,0.0241601038519016,-0.0050836286494534));
#4928=CARTESIAN_POINT('',(-0.001,0.0241601038519016,-0.00508362864945339));
#4929=CARTESIAN_POINT('',(-0.002,0.0299485427016223,-0.00469269392264969));
#4930=CARTESIAN_POINT('',(-0.002,0.0298624539547481,-0.00568946057024559));
#4931=CARTESIAN_POINT('',(-0.001,0.0298624539547481,-0.0056894605702456));
#4932=CARTESIAN_POINT('',(-0.002,0.0345072894470825,-0.0049393719496541));
#4933=CARTESIAN_POINT('',(-0.002,0.0344743033521644,-0.00593919306313865));
#4934=CARTESIAN_POINT('',(-0.001,0.0344743033521644,-0.00593919306313865));
#4935=CARTESIAN_POINT('',(-0.002,0.0379455742394426,-0.00496322470737262));
#4936=CARTESIAN_POINT('',(-0.002,0.0379676207552797,-0.00596362740326615));
#4937=CARTESIAN_POINT('',(-0.001,0.0379676207552797,-0.00596362740326615));
#4938=CARTESIAN_POINT('',(-0.002,0.0407921645580771,-0.00479474273147305));
#4939=CARTESIAN_POINT('',(-0.002,0.0408809371153412,-0.00579189763293385));
#4940=CARTESIAN_POINT('',(-0.001,0.0408809371153412,-0.00579189763293385));
#4941=CARTESIAN_POINT('',(-0.002,0.0430571794033234,-0.00448235891542212));
#4942=CARTESIAN_POINT('',(-0.002,0.043225231820476,-0.00546894418578004));
#4943=CARTESIAN_POINT('',(-0.001,0.043225231820476,-0.00546894418578004));
#4944=CARTESIAN_POINT('',(-0.002,0.0447477759955732,-0.00412647954781736));
#4945=CARTESIAN_POINT('',(-0.002,0.0449960960866825,-0.00509670940374617));
#4946=CARTESIAN_POINT('',(-0.001,0.0449960960866825,-0.00509670940374617));
#4947=CARTESIAN_POINT('',(-0.002,0.0463868643562513,-0.00361057648168843));
#4948=CARTESIAN_POINT('',(-0.002,0.0467463316514301,-0.00454713649491317));
#4949=CARTESIAN_POINT('',(-0.001,0.0467463316514301,-0.00454713649491317));
#4950=CARTESIAN_POINT('',(-0.002,0.0476874592495043,-0.00298413447002771));
#4951=CARTESIAN_POINT('',(-0.002,0.0481841706442413,-0.00385818980241104));
#4952=CARTESIAN_POINT('',(-0.001,0.0481841706442413,-0.00385818980241103));
#4953=CARTESIAN_POINT('',(-0.002,0.0486222363648057,-0.00230983563519805));
#4954=CARTESIAN_POINT('',(-0.00199999999999999,0.049264596017875,-0.00308166612803602));
#4955=CARTESIAN_POINT('',(-0.001,0.0492645960178749,-0.00308166612803602));
#4956=CARTESIAN_POINT('',(-0.002,0.0492387098184019,-0.00170420415976759));
#4957=CARTESIAN_POINT('',(-0.002,0.0500056397548395,-0.00235390720169155));
#4958=CARTESIAN_POINT('',(-0.001,0.0500056397548399,-0.00235390720169156));
#4959=CARTESIAN_POINT('',(-0.002,0.0496507832876311,-0.00110746049216261));
#4960=CARTESIAN_POINT('',(-0.00200000000000001,0.0505122537654934,-0.00162657344699262));
#4961=CARTESIAN_POINT('',(-0.000999999999999999,0.0505122537654924,-0.00162657344699261));
#4962=CARTESIAN_POINT('',(-0.002,0.0498684299250831,-0.000653180181793065));
#4963=CARTESIAN_POINT('',(-0.00199999999999999,0.0507904186821506,-0.00104218127833196));
#4964=CARTESIAN_POINT('',(-0.001,0.0507904186821521,-0.00104218127833197));
#4965=CARTESIAN_POINT('',(-0.002,0.0499707031047858,-0.000385579065011842));
#4966=CARTESIAN_POINT('',(-0.002,0.0509055126870211,-0.000740647121639846));
#4967=CARTESIAN_POINT('',(-0.001,0.0509055126870185,-0.000740647121639823));
#4968=CARTESIAN_POINT('',(-0.002,0.0500225733205193,-0.00025199338661601));
#4969=CARTESIAN_POINT('',(-0.00200000000000001,0.0509552460985526,-0.000612716949895863));
#4970=CARTESIAN_POINT('',(-0.001,0.0509552460985583,-0.000612716949895913));
#4971=CARTESIAN_POINT('',(-0.002,0.0500484167251504,-0.000185173687420538));
#4972=CARTESIAN_POINT('',(-0.002,0.0509810895031892,-0.000545897250700365));
#4973=CARTESIAN_POINT('',(-0.001,0.0509810895031892,-0.000545897250700365));
#4974=CARTESIAN_POINT('',(-0.001,0.0508634151864488,-0.000850151375105792));
#4975=CARTESIAN_POINT('',(-0.00126672651221004,0.0508634151864488,-0.000850151375105792));
#4976=CARTESIAN_POINT('',(-0.00178753427401073,0.0506422261873331,-0.000809563637162604));
#4977=CARTESIAN_POINT('',(-0.00199999999999997,0.0501207888926069,-0.000706767218966036));
#4978=CARTESIAN_POINT('',(-0.002,0.0498634151864489,-0.000653052744771294));
#4979=CARTESIAN_POINT('',(-0.001,0.0508634151864488,-0.000850151375105792));
#4980=CARTESIAN_POINT('',(-0.001,-0.00246827864222641,0.));
#4981=CARTESIAN_POINT('',(-0.001,0.00203760201546128,-0.00104650331463952));
#4982=CARTESIAN_POINT('',(-0.001,0.00882286199163543,-0.00251799631308521));
#4983=CARTESIAN_POINT('',(-0.001,0.0179169663006145,-0.00415497458100572));
#4984=CARTESIAN_POINT('',(-0.001,0.024767971920188,-0.00516321564622878));
#4985=CARTESIAN_POINT('',(-0.001,0.0316532104298349,-0.00585792674553761));
#4986=CARTESIAN_POINT('',(-0.001,0.0374681928352906,-0.00602976612487159));
#4987=CARTESIAN_POINT('',(-0.001,0.0420810694313134,-0.00568670029757432));
#4988=CARTESIAN_POINT('',(-0.001,0.0455194914328996,-0.00504058312374321));
#4989=CARTESIAN_POINT('',(-0.001,0.0482482064564187,-0.00394148696881588));
#4990=CARTESIAN_POINT('',(-0.001,0.0500375610794743,-0.00241031197166015));
#4991=CARTESIAN_POINT('',(-0.001,0.0506512088544771,-0.00139882379161764));
#4992=CARTESIAN_POINT('',(-0.001,0.0508634151864488,-0.000850151375105792));
#4993=CARTESIAN_POINT('',(-0.001,0.0498634151864488,-0.000242532671156794));
#4994=CARTESIAN_POINT('',(-0.001,0.0498634151864488,0.00993984238931274));
#4995=CARTESIAN_POINT('',(-0.001,0.0508634151864488,-0.000850151375105792));
#4996=CARTESIAN_POINT('',(-0.000733273487789957,0.0508634151864488,-0.000850151375105792));
#4997=CARTESIAN_POINT('',(-0.000212465725989272,0.0506422261873331,-0.000809563637162714));
#4998=CARTESIAN_POINT('',(-2.29623083831239E-17,0.0501207888926069,-0.000706767218965834));
#4999=CARTESIAN_POINT('',(-1.14537885757898E-31,0.0498634151864489,-0.000653052744771294));
#5000=CARTESIAN_POINT('',(-0.001,-0.00278432840394212,7.34034361656279E-5));
#5001=CARTESIAN_POINT('',(0.,-0.00278432840394212,7.34034361656279E-5));
#5002=CARTESIAN_POINT('',(0.,-0.00255809709901892,0.00104747704563913));
#5003=CARTESIAN_POINT('',(-0.001,-0.00056320091183665,-0.000442459601342819));
#5004=CARTESIAN_POINT('',(0.,-0.000563200911837566,-0.000442459601343181));
#5005=CARTESIAN_POINT('',(0.,-0.000336969606913528,0.000531614008130342));
#5006=CARTESIAN_POINT('',(-0.001,0.00390159151791733,-0.00145034192678821));
#5007=CARTESIAN_POINT('',(-3.39352736902329E-19,0.00390159151791775,-0.00145034192678804));
#5008=CARTESIAN_POINT('',(0.,0.00411115171075824,-0.000472456097115297));
#5009=CARTESIAN_POINT('',(-0.001,0.0106222109437526,-0.00283461949598412));
#5010=CARTESIAN_POINT('',(1.18773457915815E-18,0.0106222109437524,-0.00283461949598417));
#5011=CARTESIAN_POINT('',(0.,0.0108142100987157,-0.00185315650666513));
#5012=CARTESIAN_POINT('',(-0.001,0.0173727565998214,-0.0040637484084357));
#5013=CARTESIAN_POINT('',(-5.08457758782468E-19,0.0173727565998214,-0.00406374840843569));
#5014=CARTESIAN_POINT('',(0.,0.0175381055010928,-0.00307734472603206));
#5015=CARTESIAN_POINT('',(-0.001,0.0241601038519016,-0.00508362864945339));
#5016=CARTESIAN_POINT('',(8.46096455971719E-19,0.0241601038519016,-0.0050836286494534));
#5017=CARTESIAN_POINT('',(0.,0.0242899235938789,-0.00409181379941719));
#5018=CARTESIAN_POINT('',(-0.001,0.0298624539547481,-0.0056894605702456));
#5019=CARTESIAN_POINT('',(-8.71862999540423E-20,0.0298624539547481,-0.00568946057024559));
#5020=CARTESIAN_POINT('',(0.,0.0299485427016223,-0.00469269392264969));
#5021=CARTESIAN_POINT('',(-0.001,0.0344743033521644,-0.00593919306313865));
#5022=CARTESIAN_POINT('',(-1.22839512770669E-20,0.0344743033521644,-0.00593919306313865));
#5023=CARTESIAN_POINT('',(0.,0.0345072894470825,-0.0049393719496541));
#5024=CARTESIAN_POINT('',(-0.001,0.0379676207552797,-0.00596362740326615));
#5025=CARTESIAN_POINT('',(1.17596517893067E-19,0.0379676207552797,-0.00596362740326615));
#5026=CARTESIAN_POINT('',(0.,0.0379455742394426,-0.00496322470737262));
#5027=CARTESIAN_POINT('',(-0.001,0.0408809371153412,-0.00579189763293385));
#5028=CARTESIAN_POINT('',(-3.62152347263821E-19,0.0408809371153412,-0.00579189763293385));
#5029=CARTESIAN_POINT('',(0.,0.0407921645580771,-0.00479474273147305));
#5030=CARTESIAN_POINT('',(-0.001,0.043225231820476,-0.00546894418578004));
#5031=CARTESIAN_POINT('',(6.28354921496265E-19,0.043225231820476,-0.00546894418578004));
#5032=CARTESIAN_POINT('',(0.,0.0430571794033234,-0.00448235891542212));
#5033=CARTESIAN_POINT('',(-0.001,0.0449960960866825,-0.00509670940374617));
#5034=CARTESIAN_POINT('',(-2.39889415591126E-18,0.0449960960866825,-0.00509670940374617));
#5035=CARTESIAN_POINT('',(0.,0.0447477759955732,-0.00412647954781736));
#5036=CARTESIAN_POINT('',(-0.001,0.0467463316514301,-0.00454713649491317));
#5037=CARTESIAN_POINT('',(-1.44111915371208E-18,0.0467463316514301,-0.00454713649491317));
#5038=CARTESIAN_POINT('',(0.,0.0463868643562513,-0.00361057648168843));
#5039=CARTESIAN_POINT('',(-0.001,0.0481841706442413,-0.00385818980241103));
#5040=CARTESIAN_POINT('',(6.56262245001437E-18,0.0481841706442413,-0.00385818980241104));
#5041=CARTESIAN_POINT('',(0.,0.0476874592495043,-0.00298413447002771));
#5042=CARTESIAN_POINT('',(-0.001,0.0492645960178749,-0.00308166612803602));
#5043=CARTESIAN_POINT('',(-1.15244965792832E-17,0.049264596017875,-0.00308166612803602));
#5044=CARTESIAN_POINT('',(0.,0.0486222363648057,-0.00230983563519805));
#5045=CARTESIAN_POINT('',(-0.001,0.0500056397548399,-0.00235390720169156));
#5046=CARTESIAN_POINT('',(1.67352488778088E-17,0.0500056397548395,-0.00235390720169155));
#5047=CARTESIAN_POINT('',(0.,0.049238709818402,-0.00170420415976759));
#5048=CARTESIAN_POINT('',(-0.000999999999999999,0.0505122537654924,-0.00162657344699261));
#5049=CARTESIAN_POINT('',(-4.33912076303247E-17,0.0505122537654934,-0.00162657344699262));
#5050=CARTESIAN_POINT('',(0.,0.0496507832876311,-0.00110746049216261));
#5051=CARTESIAN_POINT('',(-0.001,0.0507904186821521,-0.00104218127833198));
#5052=CARTESIAN_POINT('',(5.99885825103532E-17,0.0507904186821506,-0.00104218127833196));
#5053=CARTESIAN_POINT('',(0.,0.0498684299250831,-0.000653180181793068));
#5054=CARTESIAN_POINT('',(-0.001,0.0509055126870185,-0.000740647121639822));
#5055=CARTESIAN_POINT('',(-1.05208623572038E-16,0.0509055126870211,-0.000740647121639844));
#5056=CARTESIAN_POINT('',(0.,0.0499707031047858,-0.000385579065011842));
#5057=CARTESIAN_POINT('',(-0.001,0.0509552460985583,-0.000612716949895913));
#5058=CARTESIAN_POINT('',(2.33027267674919E-16,0.0509552460985526,-0.000612716949895863));
#5059=CARTESIAN_POINT('',(0.,0.0500225733205193,-0.00025199338661601));
#5060=CARTESIAN_POINT('',(-0.001,0.0509810895031892,-0.000545897250700365));
#5061=CARTESIAN_POINT('',(0.,0.0509810895031892,-0.000545897250700365));
#5062=CARTESIAN_POINT('',(0.,0.0500484167251504,-0.000185173687420538));
#5063=CARTESIAN_POINT('',(-0.001,0.0498634151864488,0.00993984238931274));
#5064=CARTESIAN_POINT('',(-0.001,0.0498634151864488,0.00993984238931273));
#5065=CARTESIAN_POINT('',(-0.001,0.0240923896674222,0.00966629224295405));
#5066=CARTESIAN_POINT('',(0.0139498271117191,0.0260829353533178,0.00174776558553623));
#5067=CARTESIAN_POINT('',(-0.0244815918691941,0.00312439872782898,0.003));
#5068=CARTESIAN_POINT('',(-0.0262269739013373,0.00327709986916334,0.003));
#5069=CARTESIAN_POINT('',(-0.0262269739013373,0.00327709986916334,0.002));
#5070=CARTESIAN_POINT('',(-0.0262269739013373,0.00327709986916334,0.001));
#5071=CARTESIAN_POINT('',(-0.0157539941843687,0.00236083287059166,0.001));
#5072=CARTESIAN_POINT('',(-0.0167501888824605,0.00244798861333932,0.001));
#5073=CARTESIAN_POINT('',(-0.0167501888824605,0.00244798861333932,0.003));
#5074=CARTESIAN_POINT('',(-0.0167501888824605,0.00244798861333932,0.002));
#5075=CARTESIAN_POINT('',(-0.0244815918691941,0.00312439872782898,0.002));
#5076=CARTESIAN_POINT('',(-0.0168510840049516,-0.0101789611594974,0.003));
#5077=CARTESIAN_POINT('',(-0.0158411499271164,0.00136463817249991,0.003));
#5078=CARTESIAN_POINT('',(-0.0158411499271164,0.00136463817249991,0.002));
#5079=CARTESIAN_POINT('',(-0.0158411499271164,0.00136463817249991,0.001));
#5080=CARTESIAN_POINT('',(-0.0168510840049516,-0.0101789611594974,0.001));
#5081=CARTESIAN_POINT('',(-0.017702699741948,-0.0199129735752206,0.001));
#5082=CARTESIAN_POINT('',(-0.017702699741948,-0.0199129735752206,0.003));
#5083=CARTESIAN_POINT('',(-0.017702699741948,-0.0199129735752206,0.002));
#5084=CARTESIAN_POINT('',(-0.0157539941843687,0.00236083287059165,0.002));
#5085=CARTESIAN_POINT('',(-0.0139822951967878,-0.0118096947736189,0.003));
#5086=CARTESIAN_POINT('',(-0.0139822951967878,-0.0118096947736189,0.002));
#5087=CARTESIAN_POINT('',(-0.0128525658328412,0.00110317094425693,0.002));
#5088=CARTESIAN_POINT('',(-0.0151792144224636,-0.0254905441252734,0.002));
#5089=CARTESIAN_POINT('',(-0.0151792144224636,-0.0254905441252734,0.003));
#5090=CARTESIAN_POINT('',(-0.0151792144224636,-0.0254905441252734,0.001));
#5091=CARTESIAN_POINT('',(-0.0127654100900935,0.00209936564234868,0.001));
#5092=CARTESIAN_POINT('',(-0.0128525658328412,0.00110317094425693,0.001));
#5093=CARTESIAN_POINT('',(-0.0128525658328412,0.00110317094425693,0.003));
#5094=CARTESIAN_POINT('',(-0.0113209277777931,0.00197298981535868,0.003));
#5095=CARTESIAN_POINT('',(-0.0127654100900935,0.00209936564234868,0.002));
#5096=CARTESIAN_POINT('',(-0.0108726401637192,0.00193376973112812,0.002));
#5097=CARTESIAN_POINT('',(-0.0117692153920018,0.00201220989960102,0.002));
#5098=CARTESIAN_POINT('',(-0.0117692153920018,0.00201220989960102,0.003));
#5099=CARTESIAN_POINT('',(-0.0117692153920018,0.00201220989960102,0.001));
#5100=CARTESIAN_POINT('',(-0.0113209277777931,0.00197298981535868,0.001));
#5101=CARTESIAN_POINT('',(-0.0108726401637192,0.00193376973112812,0.001));
#5102=CARTESIAN_POINT('',(-0.0108726401637192,0.00193376973112812,0.003));
#5103=CARTESIAN_POINT('',(-0.00967162947017045,0.00418767152889608,0.003));
#5104=CARTESIAN_POINT('',(-0.00978928972287979,0.00284280868647222,0.));
#5105=CARTESIAN_POINT('',(-0.00978928972287979,0.00284280868647222,0.002));
#5106=CARTESIAN_POINT('',(-0.00978928972287979,0.00284280868647222,0.001));
#5107=CARTESIAN_POINT('',(-0.00946681347471346,0.00652872906941169,0.001));
#5108=CARTESIAN_POINT('',(-0.00946681347471345,0.00652872906941169,0.001));
#5109=CARTESIAN_POINT('',(-0.00946681347471345,0.00652872906941169,0.003));
#5110=CARTESIAN_POINT('',(-0.00946681347471345,0.00652872906941169,0.002));
#5111=CARTESIAN_POINT('',(-0.00967162947017045,0.00418767152889608,0.002));
#5112=CARTESIAN_POINT('',(-0.0153443621934548,0.00704294795162287,0.003));
#5113=CARTESIAN_POINT('',(-0.0104630081728052,0.00661588481215934,0.001));
#5114=CARTESIAN_POINT('',(-0.0104630081728052,0.00661588481215934,0.));
#5115=CARTESIAN_POINT('',(-0.0153443621934548,0.00704294795162287,0.));
#5116=CARTESIAN_POINT('',(-0.0212219109123023,0.00755716683384321,0.));
#5117=CARTESIAN_POINT('',(-0.0212219109123023,0.00755716683384321,0.003));
#5118=CARTESIAN_POINT('',(-0.0212219109123023,0.00755716683384321,0.003));
#5119=CARTESIAN_POINT('',(-0.0153443621934548,0.00704294795162287,0.003));
#5120=CARTESIAN_POINT('',(-0.0104630081728052,0.00661588481215934,0.003));
#5121=CARTESIAN_POINT('',(-0.0104630081728052,0.00661588481215934,0.002));
#5122=CARTESIAN_POINT('',(-0.0192468886203809,0.0301317749279377,0.003));
#5123=CARTESIAN_POINT('',(-0.0192468886203809,0.0301317749279377,0.));
#5124=CARTESIAN_POINT('',(-0.0192328705404282,0.0302920023149804,0.));
#5125=CARTESIAN_POINT('',(-0.0192328705404282,0.0302920023149804,0.003));
#5126=CARTESIAN_POINT('',(-0.0192328705404282,0.0302920023149804,0.003));
#5127=CARTESIAN_POINT('',(-0.0192468886203809,0.0301317749279377,0.003));
#5128=CARTESIAN_POINT('',(-0.0188066674925022,0.0300932605698036,0.003));
#5129=CARTESIAN_POINT('',(-0.0188066674925022,0.0300932605698036,0.));
#5130=CARTESIAN_POINT('',(-0.0183804644445762,0.0298945188246267,0.));
#5131=CARTESIAN_POINT('',(-0.0183804644445762,0.0298945188246267,0.003));
#5132=CARTESIAN_POINT('',(-0.0183804644445762,0.0298945188246267,0.003));
#5133=CARTESIAN_POINT('',(-0.0188066674925022,0.0300932605698036,0.003));
#5134=CARTESIAN_POINT('',(-0.0129431368537135,0.0294188143005495,0.003));
#5135=CARTESIAN_POINT('',(-0.0129431368537135,0.0294188143005495,0.));
#5136=CARTESIAN_POINT('',(-0.00750580926285088,0.0289431097764723,0.));
#5137=CARTESIAN_POINT('',(-0.00750580926285088,0.0289431097764723,0.003));
#5138=CARTESIAN_POINT('',(-0.00750580926285088,0.0289431097764723,0.003));
#5139=CARTESIAN_POINT('',(-0.0129431368537135,0.0294188143005495,0.003));
#5140=CARTESIAN_POINT('',(-0.00730099326739388,0.0312841673169879,0.003));
#5141=CARTESIAN_POINT('',(-0.00730099326739388,0.0312841673169879,0.));
#5142=CARTESIAN_POINT('',(-0.00718333301468455,0.0326290301594118,0.));
#5143=CARTESIAN_POINT('',(-0.00718333301468455,0.0326290301594118,0.003));
#5144=CARTESIAN_POINT('',(-0.00718333301468455,0.0326290301594118,0.003));
#5145=CARTESIAN_POINT('',(-0.00730099326739388,0.0312841673169879,0.003));
#5146=CARTESIAN_POINT('',(-0.0208512747094195,0.0348286399489778,0.003));
#5147=CARTESIAN_POINT('',(-0.00709617727193689,0.0336252248575035,0.002));
#5148=CARTESIAN_POINT('',(-0.0222129621081537,0.0349477721596331,0.002));
#5149=CARTESIAN_POINT('',(-0.00809237197002863,0.0337123806002512,0.002));
#5150=CARTESIAN_POINT('',(-0.00809237197002863,0.0337123806002512,0.));
#5151=CARTESIAN_POINT('',(-0.00809237197002863,0.0337123806002512,0.001));
#5152=CARTESIAN_POINT('',(-0.0208512747094195,0.0348286399489778,0.001));
#5153=CARTESIAN_POINT('',(-0.0222129621081537,0.0349477721596331,0.001));
#5154=CARTESIAN_POINT('',(-0.0222129621081537,0.0349477721596331,0.003));
#5155=CARTESIAN_POINT('',(0.0260817104289377,0.00672169917217587,0.003));
#5156=CARTESIAN_POINT('',(0.0260817104289377,0.00672169917217587,0.001));
#5157=CARTESIAN_POINT('',(-0.0231715771461859,0.0344420452960241,0.001));
#5158=CARTESIAN_POINT('',(-0.0202739817958673,-0.0256117776675166,0.001));
#5159=CARTESIAN_POINT('',(-0.0202739817958673,-0.0256117776675166,0.003));
#5160=CARTESIAN_POINT('',(-0.0202739817958673,-0.0256117776675166,0.002));
#5161=CARTESIAN_POINT('',(0.0260817104289377,0.00672169917217587,0.002));
#5162=CARTESIAN_POINT('',(-0.0231715771461859,0.0344420452960241,0.002));
#5163=CARTESIAN_POINT('',(-0.0231715771461859,0.0344420452960241,0.003));
#5164=CARTESIAN_POINT('',(-0.0155535359760492,0.00465208067620267,0.003));
#5165=CARTESIAN_POINT('',(-0.0155535359760492,0.00465208067620267,0.003));
#5166=CARTESIAN_POINT('',(-0.0145535359760492,0.00465208067620267,0.003));
#5167=CARTESIAN_POINT('',(-0.0155535359760492,0.00465208067620267,0.));
#5168=CARTESIAN_POINT('',(-0.0145535359760492,0.00465208067620267,0.));
#5169=CARTESIAN_POINT('',(-0.0195387298996126,-0.0203686588781245,0.002));
#5170=CARTESIAN_POINT('',(-0.0195387298996126,-0.0203686588781245,0.001));
#5171=CARTESIAN_POINT('',(-0.0244841545798166,-0.0127175369846768,0.002));
#5172=CARTESIAN_POINT('',(-0.0244841545798166,-0.0127175369846768,0.001));
#5173=CARTESIAN_POINT('',(-0.0270757837268206,-0.00517835076222101,0.002));
#5174=CARTESIAN_POINT('',(-0.0270757837268206,-0.00517835076222101,0.001));
#5175=CARTESIAN_POINT('',(-0.0273136173406246,0.00224889978924296,0.002));
#5176=CARTESIAN_POINT('',(-0.0273136173406246,0.00224889978924296,0.001));
#5177=CARTESIAN_POINT('',(-0.0273136173415954,0.0022488998195607,0.002));
#5178=CARTESIAN_POINT('',(-0.0272486075050334,0.000218722769591879,0.002));
#5179=CARTESIAN_POINT('',(-0.0267719805287807,-0.00376861010050155,0.002));
#5180=CARTESIAN_POINT('',(-0.0251214771793514,-0.00959340823628098,0.002));
#5181=CARTESIAN_POINT('',(-0.0226783898573444,-0.0151632518790681,0.002));
#5182=CARTESIAN_POINT('',(-0.020638596202203,-0.0186670434068994,0.002));
#5183=CARTESIAN_POINT('',(-0.0195387298996104,-0.0203686588781278,0.002));
#5184=CARTESIAN_POINT('',(-0.0273136173415954,0.0022488998195607,0.002));
#5185=CARTESIAN_POINT('',(-0.0195387298996104,-0.0203686588781278,0.002));
#5186=CARTESIAN_POINT('',(-0.0195387298996104,-0.0203686588781278,0.002));
#5187=CARTESIAN_POINT('',(-0.0195387298996104,-0.0203686588781278,0.001));
#5188=CARTESIAN_POINT('',(-0.0195387298996105,-0.0203686588781279,0.001));
#5189=CARTESIAN_POINT('',(-0.0217341515870683,-0.0169720974047529,0.001));
#5190=CARTESIAN_POINT('',(-0.0254857961948648,-0.00980863587442982,0.001));
#5191=CARTESIAN_POINT('',(-0.0271838708562421,-0.00180292307204672,0.001));
#5192=CARTESIAN_POINT('',(-0.0273136173415954,0.0022488998195607,0.001));
#5193=CARTESIAN_POINT('',(-0.0273136173415954,0.0022488998195607,0.001));
#5194=CARTESIAN_POINT('',(-0.0273136173415954,0.0022488998195607,0.001));
#5195=CARTESIAN_POINT('',(-0.0176991803034822,-0.0257187551895865,0.003));
#5196=CARTESIAN_POINT('',(-0.0154282630969866,-0.0257187551895865,0.003));
#5197=CARTESIAN_POINT('',(-0.0154282630969866,-0.0257187551895865,0.001));
#5198=CARTESIAN_POINT('',(-0.0154282630969866,-0.0257187551895865,0.002));
#5199=CARTESIAN_POINT('',(-0.016181127975144,-0.0257187551895865,0.002));
#5200=CARTESIAN_POINT('',(-0.016181127975144,-0.0257187551895865,0.00275));
#5201=CARTESIAN_POINT('',(-0.0176991803034822,-0.0257187551895865,0.00275));
#5202=CARTESIAN_POINT('',(-0.0191514878587889,-0.0257187551895865,0.00275));
#5203=CARTESIAN_POINT('',(-0.0191514878587889,-0.0257187551895865,0.00275));
#5204=CARTESIAN_POINT('',(-0.0193718822037913,-0.0257187551895865,0.00275));
#5205=CARTESIAN_POINT('',(-0.0198121971887637,-0.0257187551895864,0.00262847159255056));
#5206=CARTESIAN_POINT('',(-0.0200689340677485,-0.0257187551895865,0.00222175610029217));
#5207=CARTESIAN_POINT('',(-0.0200689340677485,-0.0257187551895865,0.002));
#5208=CARTESIAN_POINT('',(-0.0200689340677484,-0.0257187551895865,0.002));
#5209=CARTESIAN_POINT('',(-0.0200689340677484,-0.0257187551895865,0.001));
#5210=CARTESIAN_POINT('',(-0.0200689340677484,-0.0257187551895865,0.001));
#5211=CARTESIAN_POINT('',(-0.0200689340677484,-0.0257187551895865,0.001));
#5212=CARTESIAN_POINT('',(-0.0200689340677484,-0.0257187551895865,0.000778886983698957));
#5213=CARTESIAN_POINT('',(-0.0198144485839048,-0.0257187551895864,0.000372757545541679));
#5214=CARTESIAN_POINT('',(-0.0193715783949957,-0.0257187551895865,0.00025));
#5215=CARTESIAN_POINT('',(-0.0191514878587889,-0.0257187551895865,0.00025));
#5216=CARTESIAN_POINT('',(-0.0191514878587889,-0.0257187551895865,0.00025));
#5217=CARTESIAN_POINT('',(-0.0162030001410256,-0.0257187551895865,0.00025));
#5218=CARTESIAN_POINT('',(-0.016181127975144,-0.0257187551895865,0.00025));
#5219=CARTESIAN_POINT('',(-0.016181127975144,-0.0257187551895865,0.001));
#5220=CARTESIAN_POINT('',(-0.0131741841989978,0.0318481959341037,0.003));
#5221=CARTESIAN_POINT('',(-0.0131741841989978,0.0318481959341037,0.003));
#5222=CARTESIAN_POINT('',(-0.0121741841989978,0.0318481959341037,0.003));
#5223=CARTESIAN_POINT('',(-0.0131741841989978,0.0318481959341037,0.));
#5224=CARTESIAN_POINT('',(-0.0121741841989978,0.0318481959341037,0.));
#5225=CARTESIAN_POINT('',(-0.0187663201290693,0.00464243104322157,0.003));
#5226=CARTESIAN_POINT('',(-0.0169519791274427,-0.0228059109323341,0.003));
#5227=CARTESIAN_POINT('',(-0.0148449552290247,0.00127748242975225,0.003));
#5228=CARTESIAN_POINT('',(-0.0167065050438562,-0.0200001293179683,0.003));
#5229=CARTESIAN_POINT('',(-0.0186988944400397,-0.019825817832473,0.003));
#5230=CARTESIAN_POINT('',(-0.020378565359181,-0.0209114999237828,0.003));
#5231=CARTESIAN_POINT('',(-0.020378565359181,-0.0209114999237828,0.003));
#5232=CARTESIAN_POINT('',(-0.0215030730740866,-0.0191717614476711,0.003));
#5233=CARTESIAN_POINT('',(-0.0235873481784884,-0.0155888917785376,0.003));
#5234=CARTESIAN_POINT('',(-0.0260803620948553,-0.00989157455381673,0.003));
#5235=CARTESIAN_POINT('',(-0.0277614326481493,-0.0039356329230966,0.003));
#5236=CARTESIAN_POINT('',(-0.0282466426936847,0.000141357301291044,0.003));
#5237=CARTESIAN_POINT('',(-0.0283131050391058,0.00221689446804975,0.003));
#5238=CARTESIAN_POINT('',(-0.0283131050391058,0.00221689446804975,0.003));
#5239=CARTESIAN_POINT('',(-0.026314129644085,0.0022809051710716,0.003));
#5240=CARTESIAN_POINT('',(-0.0261398181585897,0.00427329456725509,0.003));
#5241=CARTESIAN_POINT('',(-0.0188543800688645,0.00363590132558418,0.003));
#5242=CARTESIAN_POINT('',(-0.0166630331397128,0.00344418331143106,0.003));
#5243=CARTESIAN_POINT('',(-0.0168373446252081,0.00145179391524757,0.003));
#5244=CARTESIAN_POINT('',(0.0260817104289377,0.00672169917217587,0.003));
#5245=CARTESIAN_POINT('',(-0.0223001178509014,0.0339515774615414,0.003));
#5246=CARTESIAN_POINT('',(-0.0191514878587889,-0.0254687551895864,0.003));
#5247=CARTESIAN_POINT('',(-0.0187663201290693,-0.0254687551895864,0.003));
#5248=CARTESIAN_POINT('',(-0.016181127975144,-0.0254687551895864,0.003));
#5249=CARTESIAN_POINT('',(-0.0135863891056424,0.00418924580082547,0.003));
#5250=CARTESIAN_POINT('',(-0.0138487605309329,0.00119032668700459,0.003));
#5251=CARTESIAN_POINT('',(-0.0118563711347494,0.00101601520150927,0.003));
#5252=CARTESIAN_POINT('',(-0.0116820596492541,0.00300840459769276,0.003));
#5253=CARTESIAN_POINT('',(-0.00978928972274508,0.00284280868646043,0.003));
#5254=CARTESIAN_POINT('',(-0.0107854844209715,0.00292996442921987,0.003));
#5255=CARTESIAN_POINT('',(-0.0106974244811763,0.00393649414685726,0.003));
#5256=CARTESIAN_POINT('',(-0.0229384304521672,0.0340074225779379,0.003));
#5257=CARTESIAN_POINT('',(-0.0187663201290693,0.00464243104322157,0.));
#5258=CARTESIAN_POINT('',(-0.0283131050391058,0.00221689446804975,0.));
#5259=CARTESIAN_POINT('',(-0.0281804590927307,-0.00192547501917146,0.));
#5260=CARTESIAN_POINT('',(-0.0268919682604928,-0.00805792293138564,7.09659603808694E-19));
#5261=CARTESIAN_POINT('',(-0.0235696875817702,-0.0156185781769379,-1.18276600634782E-18));
#5262=CARTESIAN_POINT('',(-0.0215008606770886,-0.0191751842718374,0.));
#5263=CARTESIAN_POINT('',(-0.020378565359181,-0.0209114999237828,0.));
#5264=CARTESIAN_POINT('',(-0.0283131050391058,0.00221689446804975,0.));
#5265=CARTESIAN_POINT('',(-0.020378565359181,-0.0209114999237828,0.));
#5266=CARTESIAN_POINT('',(-0.0186988944400397,-0.019825817832473,0.));
#5267=CARTESIAN_POINT('',(-0.0167065050438562,-0.0200001293179683,0.));
#5268=CARTESIAN_POINT('',(-0.0145825838037341,0.00427640154357314,0.));
#5269=CARTESIAN_POINT('',(-0.0148449552290247,0.00127748242975225,0.));
#5270=CARTESIAN_POINT('',(-0.0168373446252081,0.00145179391524757,0.));
#5271=CARTESIAN_POINT('',(-0.0166630331397128,0.00344418331143106,0.));
#5272=CARTESIAN_POINT('',(-0.0272444850923958,0.00436994040093507,0.));
#5273=CARTESIAN_POINT('',(-0.0261398181585897,0.00427329456725509,0.));
#5274=CARTESIAN_POINT('',(-0.026314129644085,0.0022809051710716,0.));
#5275=CARTESIAN_POINT('',(-0.016195375001574,-0.0256315994468388,0.));
#5276=CARTESIAN_POINT('',(-0.0138487605309329,0.00119032668700459,0.));
#5277=CARTESIAN_POINT('',(-0.016181127975144,-0.0254687551895864,0.));
#5278=CARTESIAN_POINT('',(-0.0189725291069363,-0.0254687551895864,0.));
#5279=CARTESIAN_POINT('',(-0.0191514878587889,-0.0254687551895864,0.));
#5280=CARTESIAN_POINT('',(0.0260817104289377,0.00672169917217587,0.));
#5281=CARTESIAN_POINT('',(-0.0223001178509014,0.0339515774615414,0.));
#5282=CARTESIAN_POINT('',(-0.0162484233607096,0.0334221227985272,0.));
#5283=CARTESIAN_POINT('',(-0.0108726401637192,0.00193376973112812,0.));
#5284=CARTESIAN_POINT('',(-0.0107854844209715,0.00292996442921987,0.));
#5285=CARTESIAN_POINT('',(-0.0188543800688645,0.00363590132558418,0.));
#5286=CARTESIAN_POINT('',(-0.0116820596492541,0.00300840459769276,0.));
#5287=CARTESIAN_POINT('',(-0.0118563711347494,0.00101601520150927,0.));
#5288=CARTESIAN_POINT('',(-0.0168373446252081,0.00145179391524757,0.002));
#5289=CARTESIAN_POINT('',(-0.0168373446252081,0.00145179391524757,0.002));
#5290=CARTESIAN_POINT('',(-0.0148449552290247,0.00127748242975225,0.002));
#5291=CARTESIAN_POINT('',(-0.0166630331397128,0.00344418331143106,0.002));
#5292=CARTESIAN_POINT('',(-0.0145825838037341,0.00427640154357314,0.002));
#5293=CARTESIAN_POINT('',(-0.0167065050438562,-0.0200001293179683,0.002));
#5294=CARTESIAN_POINT('',(-0.0283131050391058,0.0022168944680498,0.003));
#5295=CARTESIAN_POINT('',(-0.0273136173415954,0.0022488998195607,0.003));
#5296=CARTESIAN_POINT('',(-0.0273136173415954,0.0022488998195607,0.002));
#5297=CARTESIAN_POINT('',(-0.0282466948989132,0.000142987618285917,0.003));
#5298=CARTESIAN_POINT('',(-0.0272490385939994,0.000232185103754094,0.003));
#5299=CARTESIAN_POINT('',(-0.0272490385943654,0.000232185103741542,0.002));
#5300=CARTESIAN_POINT('',(-0.0277621068818831,-0.00393222133897296,0.003));
#5301=CARTESIAN_POINT('',(-0.0267778997396634,-0.00373309085313803,0.00300000000000012));
#5302=CARTESIAN_POINT('',(-0.0267778997395059,-0.00373309085314074,0.00200000000000024));
#5303=CARTESIAN_POINT('',(-0.0260811634184195,-0.00988970747623159,0.003));
#5304=CARTESIAN_POINT('',(-0.0251380711329942,-0.00954785943863427,0.0029999999999996));
#5305=CARTESIAN_POINT('',(-0.0251380711329964,-0.00954785943860599,0.00199999999999916));
#5306=CARTESIAN_POINT('',(-0.0235869275526172,-0.0155901167739053,0.003));
#5307=CARTESIAN_POINT('',(-0.0226950040612469,-0.015133164604619,0.00300000000000147));
#5308=CARTESIAN_POINT('',(-0.0226950040613956,-0.0151331646047295,0.00200000000000312));
#5309=CARTESIAN_POINT('',(-0.0215013405454185,-0.019174441862744,0.003));
#5310=CARTESIAN_POINT('',(-0.0206444870006616,-0.0186579296874267,0.00299999999999683));
#5311=CARTESIAN_POINT('',(-0.0206444870003131,-0.0186579296871878,0.00199999999999327));
#5312=CARTESIAN_POINT('',(-0.0203785653591811,-0.0209114999237828,0.003));
#5313=CARTESIAN_POINT('',(-0.0195387298996104,-0.020368658878128,0.003));
#5314=CARTESIAN_POINT('',(-0.0195387298996104,-0.020368658878128,0.002));
#5315=CARTESIAN_POINT('',(-0.0283131050391058,0.00221689446804975,0.002));
#5316=CARTESIAN_POINT('',(-0.0203785653591811,-0.0209114999237827,0.002));
#5317=CARTESIAN_POINT('',(-0.0243944361264464,0.00412059342592072,0.002));
#5318=CARTESIAN_POINT('',(-0.0261398181585897,0.00427329456725509,0.002));
#5319=CARTESIAN_POINT('',(-0.0168373446252081,0.00145179391524757,0.003));
#5320=CARTESIAN_POINT('',(-0.0168373446252081,0.00145179391524757,0.001));
#5321=CARTESIAN_POINT('',(-0.0186988944400397,-0.019825817832473,0.002));
#5322=CARTESIAN_POINT('',(-0.0186988944400397,-0.019825817832473,0.002));
#5323=CARTESIAN_POINT('',(-0.026314129644085,0.0022809051710716,0.002));
#5324=CARTESIAN_POINT('',(-0.026314129644085,0.0022809051710716,0.002));
#5325=CARTESIAN_POINT('',(-0.0168373446252081,0.00145179391524757,0.001));
#5326=CARTESIAN_POINT('',(-0.0166630331397128,0.00344418331143106,0.001));
#5327=CARTESIAN_POINT('',(-0.0148449552290247,0.00127748242975225,0.001));
#5328=CARTESIAN_POINT('',(-0.0158548893068599,-0.010266116902245,0.001));
#5329=CARTESIAN_POINT('',(-0.0167065050438562,-0.0200001293179683,0.001));
#5330=CARTESIAN_POINT('',(-0.0186988944400397,-0.019825817832473,0.0015));
#5331=CARTESIAN_POINT('',(-0.0186988944400397,-0.019825817832473,0.001));
#5332=CARTESIAN_POINT('',(-0.026314129644085,0.0022809051710716,0.0015));
#5333=CARTESIAN_POINT('',(-0.026314129644085,0.0022809051710716,0.001));
#5334=CARTESIAN_POINT('',(-0.0188543800688645,0.00363590132558418,0.001));
#5335=CARTESIAN_POINT('',(-0.0261398181585897,0.00427329456725509,0.001));
#5336=CARTESIAN_POINT('',(-0.0186988944400397,-0.019825817832473,0.001));
#5337=CARTESIAN_POINT('',(-0.020378565359181,-0.0209114999237828,0.001));
#5338=CARTESIAN_POINT('',(-0.026314129644085,0.0022809051710716,0.001));
#5339=CARTESIAN_POINT('',(-0.0283131050391058,0.0022168944680498,0.001));
#5340=CARTESIAN_POINT('',(-0.0203785653591811,-0.0209114999237827,0.));
#5341=CARTESIAN_POINT('',(-0.0195387298996104,-0.0203686588781278,0.));
#5342=CARTESIAN_POINT('',(-0.0195387298996104,-0.0203686588781278,0.001));
#5343=CARTESIAN_POINT('',(-0.0226232061834613,-0.0174387909738749,0.));
#5344=CARTESIAN_POINT('',(-0.0217493483394485,-0.0169485863400181,-4.03484598248863E-15));
#5345=CARTESIAN_POINT('',(-0.0217493483389889,-0.0169485863397088,0.00099999999999731));
#5346=CARTESIAN_POINT('',(-0.0264554027903024,-0.0101141771884674,0.));
#5347=CARTESIAN_POINT('',(-0.0255081659400904,-0.00975559362950218,2.01742299124431E-15));
#5348=CARTESIAN_POINT('',(-0.0255081659401708,-0.00975559362965224,0.00100000000000135));
#5349=CARTESIAN_POINT('',(-0.0281810116903442,-0.00190821806703814,0.));
#5350=CARTESIAN_POINT('',(-0.0271851667314115,-0.00176245447767179,0.));
#5351=CARTESIAN_POINT('',(-0.0271851667317102,-0.00176245447768091,0.001));
#5352=CARTESIAN_POINT('',(-0.0283131050391058,0.0022168944680498,0.));
#5353=CARTESIAN_POINT('',(-0.0273136173415954,0.0022488998195607,0.));
#5354=CARTESIAN_POINT('',(-0.0273136173415954,0.0022488998195607,0.001));
#5355=CARTESIAN_POINT('',(0.0260817104289377,0.00672169917217587,0.002));
#5356=CARTESIAN_POINT('',(-0.0202739817958673,-0.0256117776675166,0.002));
#5357=CARTESIAN_POINT('',(-0.0202739817958673,-0.0256117776675166,0.00228237156739627));
#5358=CARTESIAN_POINT('',(-0.0199871070197568,-0.0255757466892369,0.0028177150898453));
#5359=CARTESIAN_POINT('',(-0.019430523797343,-0.025504733534351,0.003));
#5360=CARTESIAN_POINT('',(-0.0191514878587889,-0.0254687551895864,0.003));
#5361=CARTESIAN_POINT('',(-0.0223001178509014,0.0339515774615414,0.002));
#5362=CARTESIAN_POINT('',(-0.0223001178509014,0.0339515774615414,0.003));
#5363=CARTESIAN_POINT('',(-0.0223001178509014,0.0339515774615414,0.001));
#5364=CARTESIAN_POINT('',(-0.0223001178509014,0.0339515774615414,0.002));
#5365=CARTESIAN_POINT('',(0.0260817104289377,0.00672169917217587,0.001));
#5366=CARTESIAN_POINT('',(-0.0191514878587889,-0.0254687551895864,0.));
#5367=CARTESIAN_POINT('',(-0.0194302643416019,-0.0255047000806383,0.));
#5368=CARTESIAN_POINT('',(-0.0199885132824369,-0.0255759253483824,0.000183109633253029));
#5369=CARTESIAN_POINT('',(-0.0202739817958673,-0.0256117776675166,0.000718114712413294));
#5370=CARTESIAN_POINT('',(-0.0202739817958673,-0.0256117776675166,0.001));
#5371=CARTESIAN_POINT('',(-0.0223001178509014,0.0339515774615414,0.001));
#5372=CARTESIAN_POINT('',(-0.0223001178509014,0.0339515774615414,0.002));
#5373=CARTESIAN_POINT('',(-0.0223001178509014,0.0339515774615414,0.002));
#5374=CARTESIAN_POINT('',(-0.0223001178509014,0.0339515774615414,0.001));
#5375=CARTESIAN_POINT('',(-0.0223001178509014,0.0339515774615414,0.001));
#5376=CARTESIAN_POINT('',(-0.0162484233607096,0.0334221227985272,0.002));
#5377=CARTESIAN_POINT('',(-0.00817952771277629,0.0327161859021594,0.002));
#5378=CARTESIAN_POINT('',(-0.0209384304521671,0.033832445250886,0.001));
#5379=CARTESIAN_POINT('',(-0.00817952771277629,0.0327161859021594,0.001));
#5380=CARTESIAN_POINT('',(-0.00817952771277629,0.0327161859021594,0.003));
#5381=CARTESIAN_POINT('',(-0.0106678241682622,0.00427482727164374,0.002));
#5382=CARTESIAN_POINT('',(-0.0107854844209715,0.00292996442921987,0.002));
#5383=CARTESIAN_POINT('',(-0.0107854844209715,0.00292996442921987,0.003));
#5384=CARTESIAN_POINT('',(-0.0107854844209715,0.00292996442921987,0.001));
#5385=CARTESIAN_POINT('',(-0.0107854844209715,0.00292996442921987,0.002));
#5386=CARTESIAN_POINT('',(-0.0106974244811763,0.00393649414685726,0.001));
#5387=CARTESIAN_POINT('',(-0.0107854844209715,0.00292996442921987,0.001));
#5388=CARTESIAN_POINT('',(-0.0107854844209715,0.00292996442921987,0.002));
#5389=CARTESIAN_POINT('',(-0.0107854844209715,0.00292996442921987,0.002));
#5390=CARTESIAN_POINT('',(-0.0107854844209715,0.00292996442921987,0.001));
#5391=CARTESIAN_POINT('',(-0.0107854844209715,0.00292996442921987,0.001));
#5392=CARTESIAN_POINT('',(-0.0149784898948796,-0.0117225390308712,0.002));
#5393=CARTESIAN_POINT('',(-0.016181127975144,-0.0254687551895864,0.002));
#5394=CARTESIAN_POINT('',(-0.0138487605309329,0.00119032668700459,0.002));
#5395=CARTESIAN_POINT('',(-0.0188543800688645,0.00363590132558418,0.002));
#5396=CARTESIAN_POINT('',(-0.0116820596492541,0.00300840459769276,0.002));
#5397=CARTESIAN_POINT('',(-0.0112337720350455,0.00296918451345042,0.001));
#5398=CARTESIAN_POINT('',(-0.0116820596492541,0.00300840459769276,0.001));
#5399=CARTESIAN_POINT('',(-0.0135863891056424,0.00418924580082547,0.001));
#5400=CARTESIAN_POINT('',(-0.016181127975144,-0.0254687551895864,0.001));
#5401=CARTESIAN_POINT('',(-0.0138487605309329,0.00119032668700459,0.001));
#5402=CARTESIAN_POINT('',(-0.0118563711347494,0.00101601520150927,0.002));
#5403=CARTESIAN_POINT('',(-0.0118563711347494,0.00101601520150927,0.002));
#5404=CARTESIAN_POINT('',(-0.0118563711347494,0.00101601520150927,0.001));
#5405=CARTESIAN_POINT('',(-0.0118563711347494,0.00101601520150927,0.001));
#5406=CARTESIAN_POINT('',(-0.0118563711347494,0.00101601520150927,0.003));
#5407=CARTESIAN_POINT('',(-0.0202739817958672,-0.0256117776675167,0.001));
#5408=CARTESIAN_POINT('',(-0.0201993640937858,-0.0257187551895865,0.001));
#5409=CARTESIAN_POINT('',(-0.0200689340677484,-0.0257187551895865,0.001));
#5410=CARTESIAN_POINT('',(-0.0202739817616807,-0.025611777716529,0.000705182669747002));
#5411=CARTESIAN_POINT('',(-0.0201993639800388,-0.0257187551895858,0.000732003915082109));
#5412=CARTESIAN_POINT('',(-0.0200689339637607,-0.0257187551895865,0.000778887002310269));
#5413=CARTESIAN_POINT('',(-0.019961971735776,-0.0255725682167276,0.000163676714981374));
#5414=CARTESIAN_POINT('',(-0.0198991706666683,-0.0257187551895868,0.000212041653995056));
#5415=CARTESIAN_POINT('',(-0.0198144486359146,-0.0257187551895864,0.000372757535398663));
#5416=CARTESIAN_POINT('',(-0.0194202778799575,-0.0255034124459053,0.));
#5417=CARTESIAN_POINT('',(-0.0194028545340014,-0.0257187551895864,3.24106765170857E-5));
#5418=CARTESIAN_POINT('',(-0.0193715783949639,-0.0257187551895865,0.000250000001674719));
#5419=CARTESIAN_POINT('',(-0.0191514878587889,-0.0254687551895864,0.));
#5420=CARTESIAN_POINT('',(-0.0191514878587889,-0.0257187551895864,0.));
#5421=CARTESIAN_POINT('',(-0.0191514878587889,-0.0257187551895865,0.00025));
#5422=CARTESIAN_POINT('',(-0.0200689340677484,-0.0254687551895864,0.001));
#5423=CARTESIAN_POINT('',(-0.0191514878587889,-0.0254687551895864,0.00025));
#5424=CARTESIAN_POINT('',(-0.0187663201290693,-0.0254687551895864,0.00025));
#5425=CARTESIAN_POINT('',(-0.016181127975144,-0.0254687551895864,0.00025));
#5426=CARTESIAN_POINT('',(-0.0200689340677484,-0.0254687551895864,0.003));
#5427=CARTESIAN_POINT('',(-0.0200689340677484,-0.0254687551895864,0.002));
#5428=CARTESIAN_POINT('',(-0.016181127975144,-0.0254687551895864,0.));
#5429=CARTESIAN_POINT('',(-0.016181127975144,-0.0257187551895865,-1.04083408558608E-17));
#5430=CARTESIAN_POINT('',(-0.016181127975144,-0.0257187551895865,0.00025));
#5431=CARTESIAN_POINT('',(-0.0159188274661677,-0.0254744595229647,2.03760366879667E-18));
#5432=CARTESIAN_POINT('',(-0.015921786209901,-0.0257187551895872,5.63997877109726E-6));
#5433=CARTESIAN_POINT('',(-0.0159840282950344,-0.0257187551895865,0.000250000000115043));
#5434=CARTESIAN_POINT('',(-0.0153963152714459,-0.0254858227634071,0.00021668620909664));
#5435=CARTESIAN_POINT('',(-0.0154112597078126,-0.0257187551895869,0.000226646760008894));
#5436=CARTESIAN_POINT('',(-0.0155913985328945,-0.0257187551895864,0.000412514656764958));
#5437=CARTESIAN_POINT('',(-0.0151792144224645,-0.0254905441252831,0.000738200457060523));
#5438=CARTESIAN_POINT('',(-0.0151991803036511,-0.0257187551895848,0.000743447472396648));
#5439=CARTESIAN_POINT('',(-0.0154282630971034,-0.0257187551895865,0.000803650342795392));
#5440=CARTESIAN_POINT('',(-0.0151792144224636,-0.0254905441252734,0.001));
#5441=CARTESIAN_POINT('',(-0.0151991803034822,-0.0257187551895865,0.001));
#5442=CARTESIAN_POINT('',(-0.0154282630969865,-0.0257187551895865,0.001));
#5443=CARTESIAN_POINT('',(-0.0154282630969866,-0.0254687551895864,0.001));
#5444=CARTESIAN_POINT('',(-0.0191514878587889,-0.0254687551895864,0.003));
#5445=CARTESIAN_POINT('',(-0.0191514878587889,-0.0257187551895865,0.003));
#5446=CARTESIAN_POINT('',(-0.0191514878587889,-0.0257187551895865,0.00275));
#5447=CARTESIAN_POINT('',(-0.0194206489067518,-0.0255034602852485,0.003));
#5448=CARTESIAN_POINT('',(-0.0194031790043863,-0.0257187551895867,0.00296754745832316));
#5449=CARTESIAN_POINT('',(-0.0193718821988508,-0.0257187551895865,0.00274999997160022));
#5450=CARTESIAN_POINT('',(-0.0199592158933876,-0.0255722181461566,0.00283796212612431));
#5451=CARTESIAN_POINT('',(-0.0198967437303041,-0.0257187551895866,0.00278962950726959));
#5452=CARTESIAN_POINT('',(-0.0198121972155817,-0.0257187551895865,0.00262847160879312));
#5453=CARTESIAN_POINT('',(-0.020273981779857,-0.0256117776904703,0.00229567479494243));
#5454=CARTESIAN_POINT('',(-0.0201993640404383,-0.0257187551895859,0.00226877553818171));
#5455=CARTESIAN_POINT('',(-0.0200689340190531,-0.0257187551895865,0.00222175609620683));
#5456=CARTESIAN_POINT('',(-0.0202739817958673,-0.0256117776675167,0.002));
#5457=CARTESIAN_POINT('',(-0.0201993640937859,-0.0257187551895865,0.002));
#5458=CARTESIAN_POINT('',(-0.0200689340677485,-0.0257187551895865,0.002));
#5459=CARTESIAN_POINT('',(-0.0191514878587889,-0.0254687551895864,0.00275));
#5460=CARTESIAN_POINT('',(-0.0154282630969866,-0.0254687551895864,0.003));
#5461=CARTESIAN_POINT('',(-0.0154282630969866,-0.0254687551895864,0.002));
#5462=CARTESIAN_POINT('',(-0.0176991803034822,-0.0254687551895864,0.00275));
#5463=CARTESIAN_POINT('',(-0.016181127975144,-0.0254687551895864,0.00275));
#5464=CARTESIAN_POINT('',(-0.0151792144224636,-0.0254905441252734,0.002));
#5465=CARTESIAN_POINT('',(-0.0151991803034822,-0.0257187551895864,0.002));
#5466=CARTESIAN_POINT('',(-0.0154282630969865,-0.0257187551895865,0.002));
#5467=CARTESIAN_POINT('',(-0.0151792144224645,-0.0254905441252842,0.00226179954293948));
#5468=CARTESIAN_POINT('',(-0.0151991803036528,-0.0257187551895874,0.0022565525276028));
#5469=CARTESIAN_POINT('',(-0.0154282630971034,-0.0257187551895865,0.00219634965720461));
#5470=CARTESIAN_POINT('',(-0.0153963152714454,-0.0254858227634065,0.00278331379090336));
#5471=CARTESIAN_POINT('',(-0.0154112597078112,-0.0257187551895858,0.00277335323999183));
#5472=CARTESIAN_POINT('',(-0.015591398532894,-0.0257187551895864,0.00258748534323498));
#5473=CARTESIAN_POINT('',(-0.0159188274661687,-0.0254744595229647,0.003));
#5474=CARTESIAN_POINT('',(-0.0159217862099023,-0.0257187551895869,0.00299436002122896));
#5475=CARTESIAN_POINT('',(-0.0159840282950354,-0.0257187551895865,0.00274999999988507));
#5476=CARTESIAN_POINT('',(-0.016181127975144,-0.0254687551895864,0.003));
#5477=CARTESIAN_POINT('',(-0.016181127975144,-0.0257187551895865,0.00300000000000001));
#5478=CARTESIAN_POINT('',(-0.016181127975144,-0.0257187551895865,0.00275));
#5479=CARTESIAN_POINT('',(0.0165562884242139,-0.00350243297856501,-0.0115198759867044));
#5480=MECHANICAL_DESIGN_GEOMETRIC_PRESENTATION_REPRESENTATION('',(#2972,
#2973,#2974,#2975,#2976,#2977,#2978,#2979),#5481);
#5481=(
GEOMETRIC_REPRESENTATION_CONTEXT(3)
GLOBAL_UNCERTAINTY_ASSIGNED_CONTEXT((#5496))
GLOBAL_UNIT_ASSIGNED_CONTEXT((#5513,#5512,#5511))
REPRESENTATION_CONTEXT('Leg 2','TOP_LEVEL_ASSEMBLY_PART')
);
#5482=(
GEOMETRIC_REPRESENTATION_CONTEXT(3)
GLOBAL_UNCERTAINTY_ASSIGNED_CONTEXT((#5497))
GLOBAL_UNIT_ASSIGNED_CONTEXT((#5513,#5512,#5511))
REPRESENTATION_CONTEXT('Part 2','COMPONENT_PART')
);
#5483=(
GEOMETRIC_REPRESENTATION_CONTEXT(3)
GLOBAL_UNCERTAINTY_ASSIGNED_CONTEXT((#5498))
GLOBAL_UNIT_ASSIGNED_CONTEXT((#5513,#5512,#5511))
REPRESENTATION_CONTEXT('Part 1','COMPONENT_PART')
);
#5484=(
GEOMETRIC_REPRESENTATION_CONTEXT(3)
GLOBAL_UNCERTAINTY_ASSIGNED_CONTEXT((#5499))
GLOBAL_UNIT_ASSIGNED_CONTEXT((#5513,#5512,#5511))
REPRESENTATION_CONTEXT('Screw and Nut 10mm <2>','COMPONENT_PART')
);
#5485=(
GEOMETRIC_REPRESENTATION_CONTEXT(3)
GLOBAL_UNCERTAINTY_ASSIGNED_CONTEXT((#5500))
GLOBAL_UNIT_ASSIGNED_CONTEXT((#5513,#5512,#5511))
REPRESENTATION_CONTEXT('Part 1','COMPONENT_PART')
);
#5486=(
GEOMETRIC_REPRESENTATION_CONTEXT(3)
GLOBAL_UNCERTAINTY_ASSIGNED_CONTEXT((#5501))
GLOBAL_UNIT_ASSIGNED_CONTEXT((#5513,#5512,#5511))
REPRESENTATION_CONTEXT('Part 1','COMPONENT_PART')
);
#5487=(
GEOMETRIC_REPRESENTATION_CONTEXT(3)
GLOBAL_UNCERTAINTY_ASSIGNED_CONTEXT((#5502))
GLOBAL_UNIT_ASSIGNED_CONTEXT((#5513,#5512,#5511))
REPRESENTATION_CONTEXT('Part 1','COMPONENT_PART')
);
#5488=(
GEOMETRIC_REPRESENTATION_CONTEXT(3)
GLOBAL_UNCERTAINTY_ASSIGNED_CONTEXT((#5503))
GLOBAL_UNIT_ASSIGNED_CONTEXT((#5513,#5512,#5511))
REPRESENTATION_CONTEXT('Screw and Nut 8mm <3>','COMPONENT_PART')
);
#5489=(
GEOMETRIC_REPRESENTATION_CONTEXT(3)
GLOBAL_UNCERTAINTY_ASSIGNED_CONTEXT((#5504))
GLOBAL_UNIT_ASSIGNED_CONTEXT((#5513,#5512,#5511))
REPRESENTATION_CONTEXT('Part 1','COMPONENT_PART')
);
#5490=(
GEOMETRIC_REPRESENTATION_CONTEXT(3)
GLOBAL_UNCERTAINTY_ASSIGNED_CONTEXT((#5505))
GLOBAL_UNIT_ASSIGNED_CONTEXT((#5513,#5512,#5511))
REPRESENTATION_CONTEXT('Screw and Nut 8mm <2>','COMPONENT_PART')
);
#5491=(
GEOMETRIC_REPRESENTATION_CONTEXT(3)
GLOBAL_UNCERTAINTY_ASSIGNED_CONTEXT((#5506))
GLOBAL_UNIT_ASSIGNED_CONTEXT((#5513,#5512,#5511))
REPRESENTATION_CONTEXT('Screw and Nut 8mm <4>','COMPONENT_PART')
);
#5492=(
GEOMETRIC_REPRESENTATION_CONTEXT(3)
GLOBAL_UNCERTAINTY_ASSIGNED_CONTEXT((#5507))
GLOBAL_UNIT_ASSIGNED_CONTEXT((#5513,#5512,#5511))
REPRESENTATION_CONTEXT('Screw and Nut 8mm <1>','COMPONENT_PART')
);
#5493=(
GEOMETRIC_REPRESENTATION_CONTEXT(3)
GLOBAL_UNCERTAINTY_ASSIGNED_CONTEXT((#5508))
GLOBAL_UNIT_ASSIGNED_CONTEXT((#5513,#5512,#5511))
REPRESENTATION_CONTEXT('Screw and Nut 10mm <1>','COMPONENT_PART')
);
#5494=(
GEOMETRIC_REPRESENTATION_CONTEXT(3)
GLOBAL_UNCERTAINTY_ASSIGNED_CONTEXT((#5509))
GLOBAL_UNIT_ASSIGNED_CONTEXT((#5513,#5512,#5511))
REPRESENTATION_CONTEXT('Part 1','COMPONENT_PART')
);
#5495=(
GEOMETRIC_REPRESENTATION_CONTEXT(3)
GLOBAL_UNCERTAINTY_ASSIGNED_CONTEXT((#5510))
GLOBAL_UNIT_ASSIGNED_CONTEXT((#5513,#5512,#5511))
REPRESENTATION_CONTEXT('Part 1','COMPONENT_PART')
);
#5496=UNCERTAINTY_MEASURE_WITH_UNIT(LENGTH_MEASURE(1.E-8),#5513,
'DISTANCE_ACCURACY_VALUE','Maximum Tolerance applied to model');
#5497=UNCERTAINTY_MEASURE_WITH_UNIT(LENGTH_MEASURE(1.E-8),#5513,
'DISTANCE_ACCURACY_VALUE','Maximum Tolerance applied to model');
#5498=UNCERTAINTY_MEASURE_WITH_UNIT(LENGTH_MEASURE(1.E-8),#5513,
'DISTANCE_ACCURACY_VALUE','Maximum Tolerance applied to model');
#5499=UNCERTAINTY_MEASURE_WITH_UNIT(LENGTH_MEASURE(1.E-8),#5513,
'DISTANCE_ACCURACY_VALUE','Maximum Tolerance applied to model');
#5500=UNCERTAINTY_MEASURE_WITH_UNIT(LENGTH_MEASURE(1.E-8),#5513,
'DISTANCE_ACCURACY_VALUE','Maximum Tolerance applied to model');
#5501=UNCERTAINTY_MEASURE_WITH_UNIT(LENGTH_MEASURE(1.E-8),#5513,
'DISTANCE_ACCURACY_VALUE','Maximum Tolerance applied to model');
#5502=UNCERTAINTY_MEASURE_WITH_UNIT(LENGTH_MEASURE(1.E-8),#5513,
'DISTANCE_ACCURACY_VALUE','Maximum Tolerance applied to model');
#5503=UNCERTAINTY_MEASURE_WITH_UNIT(LENGTH_MEASURE(1.E-8),#5513,
'DISTANCE_ACCURACY_VALUE','Maximum Tolerance applied to model');
#5504=UNCERTAINTY_MEASURE_WITH_UNIT(LENGTH_MEASURE(1.E-8),#5513,
'DISTANCE_ACCURACY_VALUE','Maximum Tolerance applied to model');
#5505=UNCERTAINTY_MEASURE_WITH_UNIT(LENGTH_MEASURE(1.E-8),#5513,
'DISTANCE_ACCURACY_VALUE','Maximum Tolerance applied to model');
#5506=UNCERTAINTY_MEASURE_WITH_UNIT(LENGTH_MEASURE(1.E-8),#5513,
'DISTANCE_ACCURACY_VALUE','Maximum Tolerance applied to model');
#5507=UNCERTAINTY_MEASURE_WITH_UNIT(LENGTH_MEASURE(1.E-8),#5513,
'DISTANCE_ACCURACY_VALUE','Maximum Tolerance applied to model');
#5508=UNCERTAINTY_MEASURE_WITH_UNIT(LENGTH_MEASURE(1.E-8),#5513,
'DISTANCE_ACCURACY_VALUE','Maximum Tolerance applied to model');
#5509=UNCERTAINTY_MEASURE_WITH_UNIT(LENGTH_MEASURE(2.66080106391412E-5),
#5513,'DISTANCE_ACCURACY_VALUE','Maximum Tolerance applied to model');
#5510=UNCERTAINTY_MEASURE_WITH_UNIT(LENGTH_MEASURE(2.E-5),#5513,
'DISTANCE_ACCURACY_VALUE','Maximum Tolerance applied to model');
#5511=(
NAMED_UNIT(*)
SI_UNIT($,.STERADIAN.)
SOLID_ANGLE_UNIT()
);
#5512=(
NAMED_UNIT(*)
PLANE_ANGLE_UNIT()
SI_UNIT($,.RADIAN.)
);
#5513=(
LENGTH_UNIT()
NAMED_UNIT(*)
SI_UNIT($,.METRE.)
);
#5514=PRODUCT_DEFINITION_SHAPE('','',#5556);
#5515=PRODUCT_DEFINITION_SHAPE('','',#5557);
#5516=PRODUCT_DEFINITION_SHAPE(' ','NAUO PRDDFN',#98);
#5517=PRODUCT_DEFINITION_SHAPE('','',#5558);
#5518=PRODUCT_DEFINITION_SHAPE(' ','NAUO PRDDFN',#99);
#5519=PRODUCT_DEFINITION_SHAPE('','',#5559);
#5520=PRODUCT_DEFINITION_SHAPE('','',#5560);
#5521=PRODUCT_DEFINITION_SHAPE(' ','NAUO PRDDFN',#100);
#5522=PRODUCT_DEFINITION_SHAPE('','',#5561);
#5523=PRODUCT_DEFINITION_SHAPE(' ','NAUO PRDDFN',#101);
#5524=PRODUCT_DEFINITION_SHAPE(' ','NAUO PRDDFN',#102);
#5525=PRODUCT_DEFINITION_SHAPE('','',#5562);
#5526=PRODUCT_DEFINITION_SHAPE(' ','NAUO PRDDFN',#103);
#5527=PRODUCT_DEFINITION_SHAPE(' ','NAUO PRDDFN',#104);
#5528=PRODUCT_DEFINITION_SHAPE(' ','NAUO PRDDFN',#105);
#5529=PRODUCT_DEFINITION_SHAPE('','',#5563);
#5530=PRODUCT_DEFINITION_SHAPE(' ','NAUO PRDDFN',#106);
#5531=PRODUCT_DEFINITION_SHAPE('','',#5564);
#5532=PRODUCT_DEFINITION_SHAPE(' ','NAUO PRDDFN',#107);
#5533=PRODUCT_DEFINITION_SHAPE(' ','NAUO PRDDFN',#108);
#5534=PRODUCT_DEFINITION_SHAPE(' ','NAUO PRDDFN',#109);
#5535=PRODUCT_DEFINITION_SHAPE('','',#5565);
#5536=PRODUCT_DEFINITION_SHAPE(' ','NAUO PRDDFN',#110);
#5537=PRODUCT_DEFINITION_SHAPE(' ','NAUO PRDDFN',#111);
#5538=PRODUCT_DEFINITION_SHAPE(' ','NAUO PRDDFN',#112);
#5539=PRODUCT_DEFINITION_SHAPE('','',#5566);
#5540=PRODUCT_DEFINITION_SHAPE(' ','NAUO PRDDFN',#113);
#5541=PRODUCT_DEFINITION_SHAPE(' ','NAUO PRDDFN',#114);
#5542=PRODUCT_DEFINITION_SHAPE(' ','NAUO PRDDFN',#115);
#5543=PRODUCT_DEFINITION_SHAPE('','',#5567);
#5544=PRODUCT_DEFINITION_SHAPE(' ','NAUO PRDDFN',#116);
#5545=PRODUCT_DEFINITION_SHAPE(' ','NAUO PRDDFN',#117);
#5546=PRODUCT_DEFINITION_SHAPE(' ','NAUO PRDDFN',#118);
#5547=PRODUCT_DEFINITION_SHAPE(' ','NAUO PRDDFN',#119);
#5548=PRODUCT_DEFINITION_SHAPE('','',#5568);
#5549=PRODUCT_DEFINITION_SHAPE(' ','NAUO PRDDFN',#120);
#5550=PRODUCT_DEFINITION_SHAPE(' ','NAUO PRDDFN',#121);
#5551=PRODUCT_DEFINITION_SHAPE(' ','NAUO PRDDFN',#122);
#5552=PRODUCT_DEFINITION_SHAPE('','',#5569);
#5553=PRODUCT_DEFINITION_SHAPE(' ','NAUO PRDDFN',#123);
#5554=PRODUCT_DEFINITION_SHAPE('','',#5570);
#5555=PRODUCT_DEFINITION_SHAPE(' ','NAUO PRDDFN',#124);
#5556=PRODUCT_DEFINITION('','',#5586,#5571);
#5557=PRODUCT_DEFINITION('','',#5587,#5572);
#5558=PRODUCT_DEFINITION('','',#5588,#5573);
#5559=PRODUCT_DEFINITION('','',#5589,#5574);
#5560=PRODUCT_DEFINITION('','',#5590,#5575);
#5561=PRODUCT_DEFINITION('','',#5591,#5576);
#5562=PRODUCT_DEFINITION('','',#5592,#5577);
#5563=PRODUCT_DEFINITION('','',#5593,#5578);
#5564=PRODUCT_DEFINITION('','',#5594,#5579);
#5565=PRODUCT_DEFINITION('','',#5595,#5580);
#5566=PRODUCT_DEFINITION('','',#5596,#5581);
#5567=PRODUCT_DEFINITION('','',#5597,#5582);
#5568=PRODUCT_DEFINITION('','',#5598,#5583);
#5569=PRODUCT_DEFINITION('','',#5599,#5584);
#5570=PRODUCT_DEFINITION('','',#5600,#5585);
#5571=PRODUCT_DEFINITION_CONTEXT('',#5662,'design');
#5572=PRODUCT_DEFINITION_CONTEXT('',#5662,'design');
#5573=PRODUCT_DEFINITION_CONTEXT('',#5662,'design');
#5574=PRODUCT_DEFINITION_CONTEXT('',#5662,'design');
#5575=PRODUCT_DEFINITION_CONTEXT('',#5662,'design');
#5576=PRODUCT_DEFINITION_CONTEXT('',#5662,'design');
#5577=PRODUCT_DEFINITION_CONTEXT('',#5662,'design');
#5578=PRODUCT_DEFINITION_CONTEXT('',#5662,'design');
#5579=PRODUCT_DEFINITION_CONTEXT('',#5662,'design');
#5580=PRODUCT_DEFINITION_CONTEXT('',#5662,'design');
#5581=PRODUCT_DEFINITION_CONTEXT('',#5662,'design');
#5582=PRODUCT_DEFINITION_CONTEXT('',#5662,'design');
#5583=PRODUCT_DEFINITION_CONTEXT('',#5662,'design');
#5584=PRODUCT_DEFINITION_CONTEXT('',#5662,'design');
#5585=PRODUCT_DEFINITION_CONTEXT('',#5662,'design');
#5586=PRODUCT_DEFINITION_FORMATION_WITH_SPECIFIED_SOURCE('','',#5616,
 .NOT_KNOWN.);
#5587=PRODUCT_DEFINITION_FORMATION_WITH_SPECIFIED_SOURCE('','',#5617,
 .NOT_KNOWN.);
#5588=PRODUCT_DEFINITION_FORMATION_WITH_SPECIFIED_SOURCE('','',#5618,
 .NOT_KNOWN.);
#5589=PRODUCT_DEFINITION_FORMATION_WITH_SPECIFIED_SOURCE('','',#5619,
 .NOT_KNOWN.);
#5590=PRODUCT_DEFINITION_FORMATION_WITH_SPECIFIED_SOURCE('','',#5620,
 .NOT_KNOWN.);
#5591=PRODUCT_DEFINITION_FORMATION_WITH_SPECIFIED_SOURCE('','',#5621,
 .NOT_KNOWN.);
#5592=PRODUCT_DEFINITION_FORMATION_WITH_SPECIFIED_SOURCE('','',#5622,
 .NOT_KNOWN.);
#5593=PRODUCT_DEFINITION_FORMATION_WITH_SPECIFIED_SOURCE('','',#5623,
 .NOT_KNOWN.);
#5594=PRODUCT_DEFINITION_FORMATION_WITH_SPECIFIED_SOURCE('','',#5624,
 .NOT_KNOWN.);
#5595=PRODUCT_DEFINITION_FORMATION_WITH_SPECIFIED_SOURCE('','',#5625,
 .NOT_KNOWN.);
#5596=PRODUCT_DEFINITION_FORMATION_WITH_SPECIFIED_SOURCE('','',#5626,
 .NOT_KNOWN.);
#5597=PRODUCT_DEFINITION_FORMATION_WITH_SPECIFIED_SOURCE('','',#5627,
 .NOT_KNOWN.);
#5598=PRODUCT_DEFINITION_FORMATION_WITH_SPECIFIED_SOURCE('','',#5628,
 .NOT_KNOWN.);
#5599=PRODUCT_DEFINITION_FORMATION_WITH_SPECIFIED_SOURCE('','',#5629,
 .NOT_KNOWN.);
#5600=PRODUCT_DEFINITION_FORMATION_WITH_SPECIFIED_SOURCE('','',#5630,
 .NOT_KNOWN.);
#5601=PRODUCT_RELATED_PRODUCT_CATEGORY('','',(#5616));
#5602=PRODUCT_RELATED_PRODUCT_CATEGORY('','',(#5617));
#5603=PRODUCT_RELATED_PRODUCT_CATEGORY('','',(#5618));
#5604=PRODUCT_RELATED_PRODUCT_CATEGORY('','',(#5619));
#5605=PRODUCT_RELATED_PRODUCT_CATEGORY('','',(#5620));
#5606=PRODUCT_RELATED_PRODUCT_CATEGORY('','',(#5621));
#5607=PRODUCT_RELATED_PRODUCT_CATEGORY('','',(#5622));
#5608=PRODUCT_RELATED_PRODUCT_CATEGORY('','',(#5623));
#5609=PRODUCT_RELATED_PRODUCT_CATEGORY('','',(#5624));
#5610=PRODUCT_RELATED_PRODUCT_CATEGORY('','',(#5625));
#5611=PRODUCT_RELATED_PRODUCT_CATEGORY('','',(#5626));
#5612=PRODUCT_RELATED_PRODUCT_CATEGORY('','',(#5627));
#5613=PRODUCT_RELATED_PRODUCT_CATEGORY('','',(#5628));
#5614=PRODUCT_RELATED_PRODUCT_CATEGORY('','',(#5629));
#5615=PRODUCT_RELATED_PRODUCT_CATEGORY('','',(#5630));
#5616=PRODUCT('Leg 2','Leg 2','Leg 2',(#5646));
#5617=PRODUCT('Part 2','Part 2','Part 2',(#5647));
#5618=PRODUCT('Part 1','Part 1','Part 1',(#5648));
#5619=PRODUCT('Screw and Nut 10mm <2>','Screw and Nut 10mm <2>',
'Screw and Nut 10mm <2>',(#5649));
#5620=PRODUCT('Part 1','Part 1','Part 1',(#5650));
#5621=PRODUCT('Part 1','Part 1','Part 1',(#5651));
#5622=PRODUCT('Part 1','Part 1','Part 1',(#5652));
#5623=PRODUCT('Screw and Nut 8mm <3>','Screw and Nut 8mm <3>',
'Screw and Nut 8mm <3>',(#5653));
#5624=PRODUCT('Part 1','Part 1','Part 1',(#5654));
#5625=PRODUCT('Screw and Nut 8mm <2>','Screw and Nut 8mm <2>',
'Screw and Nut 8mm <2>',(#5655));
#5626=PRODUCT('Screw and Nut 8mm <4>','Screw and Nut 8mm <4>',
'Screw and Nut 8mm <4>',(#5656));
#5627=PRODUCT('Screw and Nut 8mm <1>','Screw and Nut 8mm <1>',
'Screw and Nut 8mm <1>',(#5657));
#5628=PRODUCT('Screw and Nut 10mm <1>','Screw and Nut 10mm <1>',
'Screw and Nut 10mm <1>',(#5658));
#5629=PRODUCT('Part 1','Part 1','Part 1',(#5659));
#5630=PRODUCT('Part 1','Part 1','Part 1',(#5660));
#5631=PRODUCT_CATEGORY('','');
#5632=PRODUCT_CATEGORY('','');
#5633=PRODUCT_CATEGORY('','');
#5634=PRODUCT_CATEGORY('','');
#5635=PRODUCT_CATEGORY('','');
#5636=PRODUCT_CATEGORY('','');
#5637=PRODUCT_CATEGORY('','');
#5638=PRODUCT_CATEGORY('','');
#5639=PRODUCT_CATEGORY('','');
#5640=PRODUCT_CATEGORY('','');
#5641=PRODUCT_CATEGORY('','');
#5642=PRODUCT_CATEGORY('','');
#5643=PRODUCT_CATEGORY('','');
#5644=PRODUCT_CATEGORY('','');
#5645=PRODUCT_CATEGORY('','');
#5646=PRODUCT_CONTEXT('',#5662,'mechanical');
#5647=PRODUCT_CONTEXT('',#5662,'mechanical');
#5648=PRODUCT_CONTEXT('',#5662,'mechanical');
#5649=PRODUCT_CONTEXT('',#5662,'mechanical');
#5650=PRODUCT_CONTEXT('',#5662,'mechanical');
#5651=PRODUCT_CONTEXT('',#5662,'mechanical');
#5652=PRODUCT_CONTEXT('',#5662,'mechanical');
#5653=PRODUCT_CONTEXT('',#5662,'mechanical');
#5654=PRODUCT_CONTEXT('',#5662,'mechanical');
#5655=PRODUCT_CONTEXT('',#5662,'mechanical');
#5656=PRODUCT_CONTEXT('',#5662,'mechanical');
#5657=PRODUCT_CONTEXT('',#5662,'mechanical');
#5658=PRODUCT_CONTEXT('',#5662,'mechanical');
#5659=PRODUCT_CONTEXT('',#5662,'mechanical');
#5660=PRODUCT_CONTEXT('',#5662,'mechanical');
#5661=APPLICATION_PROTOCOL_DEFINITION('international standard',
'ap242_managed_model_based_3d_engineering',2020,#5662);
#5662=APPLICATION_CONTEXT('managed model based 3d engineering');
ENDSEC;
END-ISO-10303-21;
