ISO-10303-21;
HEADER;
/* Generated by software containing ST-Developer
 * from STEP Tools, Inc. (www.steptools.com) 
 */
/* OPTION: using custom renumber hook */

FILE_DESCRIPTION(
/* description */ ('STEP AP242 Edition 2',
'CAx-IF Rec.Pracs.---Representation and Presentation of Product Manufa
cturing Information (PMI)---4.0---2014-10-13',
'CAx-IF Rec.Pracs.---3D Tessellated Geometry---0.4---2014-09-14','2;1',
'CAx-IF Rec.Pracs.---User Defined Attributes---1.5---2016-08-15'),
/* implementation_level */ '2;1');

FILE_NAME(
/* name */ 'the Pot',
/* time_stamp */ '2026-06-04T16:18:51Z',
/* author */ (''),
/* organization */ (''),
/* preprocessor_version */ 'ST-DEVELOPER v20',
/* originating_system */ 'ONSHAPE BY PTC INC, 1.215',
/* authorisation */ '  ');

FILE_SCHEMA (('AP242_MANAGED_MODEL_BASED_3D_ENGINEERING_MIM_LF { 1 0 10303 442 3 1 4 }'));
ENDSEC;

DATA;
#10=TOROIDAL_SURFACE('',#4819,0.002,0.001);
#11=TOROIDAL_SURFACE('',#4827,0.002,0.001);
#12=TOROIDAL_SURFACE('',#4841,0.002,0.001);
#13=TOROIDAL_SURFACE('',#4848,0.002,0.001);
#14=TOROIDAL_SURFACE('',#4862,0.002,0.001);
#15=TOROIDAL_SURFACE('',#4864,0.002,0.001);
#16=TOROIDAL_SURFACE('',#4868,0.002,0.001);
#17=TOROIDAL_SURFACE('',#4885,0.002,0.001);
#18=TOROIDAL_SURFACE('',#4895,0.002,0.001);
#19=TOROIDAL_SURFACE('',#4907,0.002,0.001);
#20=TOROIDAL_SURFACE('',#4915,0.002,0.001);
#21=TOROIDAL_SURFACE('',#4928,0.002,0.001);
#22=TOROIDAL_SURFACE('',#4930,0.002,0.001);
#23=TOROIDAL_SURFACE('',#4933,0.002,0.001);
#24=TOROIDAL_SURFACE('',#4950,0.002,0.001);
#25=TOROIDAL_SURFACE('',#4951,0.002,0.001);
#26=TOROIDAL_SURFACE('',#4958,0.002,0.001);
#27=TOROIDAL_SURFACE('',#4960,0.002,0.001);
#28=TOROIDAL_SURFACE('',#4989,0.002,0.001);
#29=TOROIDAL_SURFACE('',#4999,0.002,0.001);
#30=TOROIDAL_SURFACE('',#5000,0.002,0.001);
#31=TOROIDAL_SURFACE('',#5009,0.002,0.001);
#32=TOROIDAL_SURFACE('',#5012,0.002,0.001);
#33=TOROIDAL_SURFACE('',#5028,0.002,0.001);
#34=TOROIDAL_SURFACE('',#5030,0.002,0.001);
#35=TOROIDAL_SURFACE('',#5043,0.002,0.001);
#36=TOROIDAL_SURFACE('',#5046,0.002,0.001);
#37=TOROIDAL_SURFACE('',#5059,0.002,0.001);
#38=SPHERICAL_SURFACE('',#4805,0.001);
#39=SPHERICAL_SURFACE('',#4808,0.001);
#40=SPHERICAL_SURFACE('',#4820,0.001);
#41=SPHERICAL_SURFACE('',#4822,0.001);
#42=SPHERICAL_SURFACE('',#4839,0.001);
#43=SPHERICAL_SURFACE('',#4846,0.001);
#44=SPHERICAL_SURFACE('',#4866,0.001);
#45=SPHERICAL_SURFACE('',#4887,0.001);
#46=SPHERICAL_SURFACE('',#4890,0.001);
#47=SPHERICAL_SURFACE('',#4910,0.001);
#48=SPHERICAL_SURFACE('',#4913,0.001);
#49=SPHERICAL_SURFACE('',#4936,0.001);
#50=SPHERICAL_SURFACE('',#4953,0.001);
#51=SPHERICAL_SURFACE('',#4972,0.001);
#52=SPHERICAL_SURFACE('',#4982,0.001);
#53=SPHERICAL_SURFACE('',#4984,0.001);
#54=SPHERICAL_SURFACE('',#5001,0.001);
#55=SPHERICAL_SURFACE('',#5024,0.001);
#56=SPHERICAL_SURFACE('',#5044,0.001);
#57=SPHERICAL_SURFACE('',#5048,0.001);
#58=SPHERICAL_SURFACE('',#5062,0.001);
#59=SPHERICAL_SURFACE('',#5064,0.001);
#60=SPHERICAL_SURFACE('',#5075,0.001);
#61=SPHERICAL_SURFACE('',#5077,0.001);
#62=ELLIPSE('',#4802,0.00141421356237309,0.001);
#63=ELLIPSE('',#4818,0.00141421356237309,0.001);
#64=ELLIPSE('',#4826,0.00141421356237309,0.001);
#65=ELLIPSE('',#4836,0.00141421356237309,0.001);
#66=ELLIPSE('',#4845,0.00141421356237309,0.001);
#67=ELLIPSE('',#4860,0.00141421356237309,0.001);
#68=ELLIPSE('',#4861,0.00141421356237309,0.001);
#69=ELLIPSE('',#4870,0.00141421356237309,0.001);
#70=ELLIPSE('',#4872,0.00141421356237309,0.001);
#71=ELLIPSE('',#4879,0.00141421356237309,0.001);
#72=ELLIPSE('',#4883,0.00141421356237309,0.001);
#73=ELLIPSE('',#4894,0.00141421356237309,0.001);
#74=ELLIPSE('',#4897,0.00141421356237309,0.001);
#75=ELLIPSE('',#4906,0.0014142135623731,0.001);
#76=ELLIPSE('',#4963,0.00141421356237309,0.001);
#77=ELLIPSE('',#4964,0.00141421356237309,0.001);
#78=ELLIPSE('',#4979,0.00141421356237309,0.001);
#79=ELLIPSE('',#4981,0.00141421356237309,0.001);
#80=ELLIPSE('',#4988,0.00141421356237309,0.001);
#81=ELLIPSE('',#4998,0.00141421356237309,0.001);
#82=ELLIPSE('',#5004,0.00141421356237309,0.001);
#83=ELLIPSE('',#5006,0.00141421356237309,0.001);
#84=ELLIPSE('',#5011,0.00141421356237309,0.001);
#85=ELLIPSE('',#5018,0.00141421356237309,0.001);
#86=ELLIPSE('',#5027,0.00141421356237309,0.001);
#87=ELLIPSE('',#5052,0.00141421356237309,0.001);
#88=ELLIPSE('',#5061,0.00141421356237309,0.001);
#89=ELLIPSE('',#5080,0.00141421356237309,0.001);
#90=LINE('',#6808,#374);
#91=LINE('',#6809,#375);
#92=LINE('',#6811,#376);
#93=LINE('',#6812,#377);
#94=LINE('',#6816,#378);
#95=LINE('',#6817,#379);
#96=LINE('',#6819,#380);
#97=LINE('',#6820,#381);
#98=LINE('',#6824,#382);
#99=LINE('',#6825,#383);
#100=LINE('',#6827,#384);
#101=LINE('',#6828,#385);
#102=LINE('',#6832,#386);
#103=LINE('',#6833,#387);
#104=LINE('',#6835,#388);
#105=LINE('',#6836,#389);
#106=LINE('',#6840,#390);
#107=LINE('',#6841,#391);
#108=LINE('',#6843,#392);
#109=LINE('',#6844,#393);
#110=LINE('',#6848,#394);
#111=LINE('',#6849,#395);
#112=LINE('',#6851,#396);
#113=LINE('',#6852,#397);
#114=LINE('',#6897,#398);
#115=LINE('',#6900,#399);
#116=LINE('',#6902,#400);
#117=LINE('',#6904,#401);
#118=LINE('',#6905,#402);
#119=LINE('',#6908,#403);
#120=LINE('',#6910,#404);
#121=LINE('',#6912,#405);
#122=LINE('',#6921,#406);
#123=LINE('',#6924,#407);
#124=LINE('',#6926,#408);
#125=LINE('',#6928,#409);
#126=LINE('',#6930,#410);
#127=LINE('',#6932,#411);
#128=LINE('',#6934,#412);
#129=LINE('',#6936,#413);
#130=LINE('',#6940,#414);
#131=LINE('',#6944,#415);
#132=LINE('',#6946,#416);
#133=LINE('',#6948,#417);
#134=LINE('',#6952,#418);
#135=LINE('',#6956,#419);
#136=LINE('',#6958,#420);
#137=LINE('',#6960,#421);
#138=LINE('',#6962,#422);
#139=LINE('',#6964,#423);
#140=LINE('',#6966,#424);
#141=LINE('',#6968,#425);
#142=LINE('',#6970,#426);
#143=LINE('',#6972,#427);
#144=LINE('',#6974,#428);
#145=LINE('',#6976,#429);
#146=LINE('',#6978,#430);
#147=LINE('',#6980,#431);
#148=LINE('',#6984,#432);
#149=LINE('',#6988,#433);
#150=LINE('',#6990,#434);
#151=LINE('',#6992,#435);
#152=LINE('',#6996,#436);
#153=LINE('',#7000,#437);
#154=LINE('',#7002,#438);
#155=LINE('',#7004,#439);
#156=LINE('',#7006,#440);
#157=LINE('',#7008,#441);
#158=LINE('',#7014,#442);
#159=LINE('',#7016,#443);
#160=LINE('',#7017,#444);
#161=LINE('',#7019,#445);
#162=LINE('',#7021,#446);
#163=LINE('',#7026,#447);
#164=LINE('',#7028,#448);
#165=LINE('',#7030,#449);
#166=LINE('',#7035,#450);
#167=LINE('',#7037,#451);
#168=LINE('',#7039,#452);
#169=LINE('',#7044,#453);
#170=LINE('',#7046,#454);
#171=LINE('',#7051,#455);
#172=LINE('',#7055,#456);
#173=LINE('',#7057,#457);
#174=LINE('',#7061,#458);
#175=LINE('',#7063,#459);
#176=LINE('',#7065,#460);
#177=LINE('',#7069,#461);
#178=LINE('',#7071,#462);
#179=LINE('',#7073,#463);
#180=LINE('',#7077,#464);
#181=LINE('',#7079,#465);
#182=LINE('',#7081,#466);
#183=LINE('',#7085,#467);
#184=LINE('',#7087,#468);
#185=LINE('',#7091,#469);
#186=LINE('',#7095,#470);
#187=LINE('',#7097,#471);
#188=LINE('',#7101,#472);
#189=LINE('',#7103,#473);
#190=LINE('',#7105,#474);
#191=LINE('',#7109,#475);
#192=LINE('',#7111,#476);
#193=LINE('',#7113,#477);
#194=LINE('',#7117,#478);
#195=LINE('',#7119,#479);
#196=LINE('',#7123,#480);
#197=LINE('',#7127,#481);
#198=LINE('',#7129,#482);
#199=LINE('',#7133,#483);
#200=LINE('',#7135,#484);
#201=LINE('',#7137,#485);
#202=LINE('',#7141,#486);
#203=LINE('',#7143,#487);
#204=LINE('',#7145,#488);
#205=LINE('',#7149,#489);
#206=LINE('',#7151,#490);
#207=LINE('',#7153,#491);
#208=LINE('',#7157,#492);
#209=LINE('',#7159,#493);
#210=LINE('',#7163,#494);
#211=LINE('',#7167,#495);
#212=LINE('',#7169,#496);
#213=LINE('',#7173,#497);
#214=LINE('',#7175,#498);
#215=LINE('',#7177,#499);
#216=LINE('',#7181,#500);
#217=LINE('',#7183,#501);
#218=LINE('',#7185,#502);
#219=LINE('',#7189,#503);
#220=LINE('',#7191,#504);
#221=LINE('',#7193,#505);
#222=LINE('',#7195,#506);
#223=LINE('',#7197,#507);
#224=LINE('',#7199,#508);
#225=LINE('',#7201,#509);
#226=LINE('',#7203,#510);
#227=LINE('',#7205,#511);
#228=LINE('',#7207,#512);
#229=LINE('',#7209,#513);
#230=LINE('',#7211,#514);
#231=LINE('',#7213,#515);
#232=LINE('',#7215,#516);
#233=LINE('',#7217,#517);
#234=LINE('',#7219,#518);
#235=LINE('',#7221,#519);
#236=LINE('',#7224,#520);
#237=LINE('',#7226,#521);
#238=LINE('',#7228,#522);
#239=LINE('',#7230,#523);
#240=LINE('',#7233,#524);
#241=LINE('',#7235,#525);
#242=LINE('',#7237,#526);
#243=LINE('',#7245,#527);
#244=LINE('',#7247,#528);
#245=LINE('',#7249,#529);
#246=LINE('',#7251,#530);
#247=LINE('',#7253,#531);
#248=LINE('',#7255,#532);
#249=LINE('',#7263,#533);
#250=LINE('',#7265,#534);
#251=LINE('',#7268,#535);
#252=LINE('',#7270,#536);
#253=LINE('',#7272,#537);
#254=LINE('',#7274,#538);
#255=LINE('',#7277,#539);
#256=LINE('',#7279,#540);
#257=LINE('',#7281,#541);
#258=LINE('',#7283,#542);
#259=LINE('',#7286,#543);
#260=LINE('',#7288,#544);
#261=LINE('',#7290,#545);
#262=LINE('',#7292,#546);
#263=LINE('',#7295,#547);
#264=LINE('',#7297,#548);
#265=LINE('',#7299,#549);
#266=LINE('',#7301,#550);
#267=LINE('',#7303,#551);
#268=LINE('',#7305,#552);
#269=LINE('',#7307,#553);
#270=LINE('',#7309,#554);
#271=LINE('',#7311,#555);
#272=LINE('',#7313,#556);
#273=LINE('',#7315,#557);
#274=LINE('',#7318,#558);
#275=LINE('',#7320,#559);
#276=LINE('',#7322,#560);
#277=LINE('',#7324,#561);
#278=LINE('',#7326,#562);
#279=LINE('',#7328,#563);
#280=LINE('',#7330,#564);
#281=LINE('',#7332,#565);
#282=LINE('',#7334,#566);
#283=LINE('',#7336,#567);
#284=LINE('',#7338,#568);
#285=LINE('',#7341,#569);
#286=LINE('',#7343,#570);
#287=LINE('',#7345,#571);
#288=LINE('',#7347,#572);
#289=LINE('',#7350,#573);
#290=LINE('',#7352,#574);
#291=LINE('',#7354,#575);
#292=LINE('',#7356,#576);
#293=LINE('',#7359,#577);
#294=LINE('',#7361,#578);
#295=LINE('',#7363,#579);
#296=LINE('',#7365,#580);
#297=LINE('',#7368,#581);
#298=LINE('',#7370,#582);
#299=LINE('',#7372,#583);
#300=LINE('',#7380,#584);
#301=LINE('',#7382,#585);
#302=LINE('',#7384,#586);
#303=LINE('',#7386,#587);
#304=LINE('',#7388,#588);
#305=LINE('',#7390,#589);
#306=LINE('',#7398,#590);
#307=LINE('',#7400,#591);
#308=LINE('',#7403,#592);
#309=LINE('',#7405,#593);
#310=LINE('',#7407,#594);
#311=LINE('',#7409,#595);
#312=LINE('',#7412,#596);
#313=LINE('',#7414,#597);
#314=LINE('',#7416,#598);
#315=LINE('',#7418,#599);
#316=LINE('',#7421,#600);
#317=LINE('',#7423,#601);
#318=LINE('',#7425,#602);
#319=LINE('',#7427,#603);
#320=LINE('',#7430,#604);
#321=LINE('',#7432,#605);
#322=LINE('',#7434,#606);
#323=LINE('',#7436,#607);
#324=LINE('',#7438,#608);
#325=LINE('',#7440,#609);
#326=LINE('',#7442,#610);
#327=LINE('',#7444,#611);
#328=LINE('',#7446,#612);
#329=LINE('',#7448,#613);
#330=LINE('',#7450,#614);
#331=LINE('',#7452,#615);
#332=LINE('',#7455,#616);
#333=LINE('',#7457,#617);
#334=LINE('',#7459,#618);
#335=LINE('',#7461,#619);
#336=LINE('',#7463,#620);
#337=LINE('',#7465,#621);
#338=LINE('',#7467,#622);
#339=LINE('',#7469,#623);
#340=LINE('',#7471,#624);
#341=LINE('',#7473,#625);
#342=LINE('',#7475,#626);
#343=LINE('',#7477,#627);
#344=LINE('',#7480,#628);
#345=LINE('',#7482,#629);
#346=LINE('',#7484,#630);
#347=LINE('',#7495,#631);
#348=LINE('',#7497,#632);
#349=LINE('',#7527,#633);
#350=LINE('',#7530,#634);
#351=LINE('',#7532,#635);
#352=LINE('',#7534,#636);
#353=LINE('',#7539,#637);
#354=LINE('',#7540,#638);
#355=LINE('',#7542,#639);
#356=LINE('',#7547,#640);
#357=LINE('',#7549,#641);
#358=LINE('',#7927,#642);
#359=LINE('',#7930,#643);
#360=LINE('',#7932,#644);
#361=LINE('',#7934,#645);
#362=LINE('',#7936,#646);
#363=LINE('',#7937,#647);
#364=LINE('',#7939,#648);
#365=LINE('',#7940,#649);
#366=LINE('',#7948,#650);
#367=LINE('',#7951,#651);
#368=LINE('',#7953,#652);
#369=LINE('',#7955,#653);
#370=LINE('',#7957,#654);
#371=LINE('',#7958,#655);
#372=LINE('',#7960,#656);
#373=LINE('',#7961,#657);
#374=VECTOR('',#5292,1.);
#375=VECTOR('',#5293,1.);
#376=VECTOR('',#5296,1.);
#377=VECTOR('',#5297,1.);
#378=VECTOR('',#5304,1.);
#379=VECTOR('',#5305,1.);
#380=VECTOR('',#5308,1.);
#381=VECTOR('',#5309,1.);
#382=VECTOR('',#5316,1.);
#383=VECTOR('',#5317,1.);
#384=VECTOR('',#5320,1.);
#385=VECTOR('',#5321,1.);
#386=VECTOR('',#5328,1.);
#387=VECTOR('',#5329,1.);
#388=VECTOR('',#5332,1.);
#389=VECTOR('',#5333,1.);
#390=VECTOR('',#5340,1.);
#391=VECTOR('',#5341,1.);
#392=VECTOR('',#5344,1.);
#393=VECTOR('',#5345,1.);
#394=VECTOR('',#5352,1.);
#395=VECTOR('',#5353,1.);
#396=VECTOR('',#5356,1.);
#397=VECTOR('',#5357,1.);
#398=VECTOR('',#5422,1.);
#399=VECTOR('',#5423,1.);
#400=VECTOR('',#5424,1.);
#401=VECTOR('',#5425,1.);
#402=VECTOR('',#5426,1.);
#403=VECTOR('',#5427,1.);
#404=VECTOR('',#5428,1.);
#405=VECTOR('',#5429,1.);
#406=VECTOR('',#5438,1.);
#407=VECTOR('',#5439,1.);
#408=VECTOR('',#5440,1.);
#409=VECTOR('',#5441,1.);
#410=VECTOR('',#5442,1.);
#411=VECTOR('',#5443,1.);
#412=VECTOR('',#5444,1.);
#413=VECTOR('',#5445,1.);
#414=VECTOR('',#5448,1.);
#415=VECTOR('',#5451,1.);
#416=VECTOR('',#5452,1.);
#417=VECTOR('',#5453,1.);
#418=VECTOR('',#5456,1.);
#419=VECTOR('',#5459,1.);
#420=VECTOR('',#5460,1.);
#421=VECTOR('',#5461,1.);
#422=VECTOR('',#5462,1.);
#423=VECTOR('',#5463,1.);
#424=VECTOR('',#5464,1.);
#425=VECTOR('',#5465,1.);
#426=VECTOR('',#5466,1.);
#427=VECTOR('',#5467,1.);
#428=VECTOR('',#5468,1.);
#429=VECTOR('',#5469,1.);
#430=VECTOR('',#5470,1.);
#431=VECTOR('',#5471,1.);
#432=VECTOR('',#5474,1.);
#433=VECTOR('',#5477,1.);
#434=VECTOR('',#5478,1.);
#435=VECTOR('',#5479,1.);
#436=VECTOR('',#5482,1.);
#437=VECTOR('',#5485,1.);
#438=VECTOR('',#5486,1.);
#439=VECTOR('',#5487,1.);
#440=VECTOR('',#5488,1.);
#441=VECTOR('',#5489,1.);
#442=VECTOR('',#5496,1.);
#443=VECTOR('',#5497,1.);
#444=VECTOR('',#5498,1.);
#445=VECTOR('',#5499,1.);
#446=VECTOR('',#5502,1.);
#447=VECTOR('',#5505,1.);
#448=VECTOR('',#5506,1.);
#449=VECTOR('',#5509,1.);
#450=VECTOR('',#5512,1.);
#451=VECTOR('',#5513,1.);
#452=VECTOR('',#5516,1.);
#453=VECTOR('',#5519,1.);
#454=VECTOR('',#5520,1.);
#455=VECTOR('',#5525,1.);
#456=VECTOR('',#5528,1.);
#457=VECTOR('',#5529,1.);
#458=VECTOR('',#5532,1.);
#459=VECTOR('',#5533,1.);
#460=VECTOR('',#5534,1.);
#461=VECTOR('',#5537,1.);
#462=VECTOR('',#5538,1.);
#463=VECTOR('',#5539,1.);
#464=VECTOR('',#5542,1.);
#465=VECTOR('',#5543,1.);
#466=VECTOR('',#5544,1.);
#467=VECTOR('',#5547,1.);
#468=VECTOR('',#5548,1.);
#469=VECTOR('',#5551,1.);
#470=VECTOR('',#5554,1.);
#471=VECTOR('',#5555,1.);
#472=VECTOR('',#5558,1.);
#473=VECTOR('',#5559,1.);
#474=VECTOR('',#5560,1.);
#475=VECTOR('',#5563,1.);
#476=VECTOR('',#5564,1.);
#477=VECTOR('',#5565,1.);
#478=VECTOR('',#5568,1.);
#479=VECTOR('',#5569,1.);
#480=VECTOR('',#5572,1.);
#481=VECTOR('',#5575,1.);
#482=VECTOR('',#5576,1.);
#483=VECTOR('',#5579,1.);
#484=VECTOR('',#5580,1.);
#485=VECTOR('',#5581,1.);
#486=VECTOR('',#5584,1.);
#487=VECTOR('',#5585,1.);
#488=VECTOR('',#5586,1.);
#489=VECTOR('',#5589,1.);
#490=VECTOR('',#5590,1.);
#491=VECTOR('',#5591,1.);
#492=VECTOR('',#5594,1.);
#493=VECTOR('',#5595,1.);
#494=VECTOR('',#5598,1.);
#495=VECTOR('',#5601,1.);
#496=VECTOR('',#5602,1.);
#497=VECTOR('',#5605,1.);
#498=VECTOR('',#5606,1.);
#499=VECTOR('',#5607,1.);
#500=VECTOR('',#5610,1.);
#501=VECTOR('',#5611,1.);
#502=VECTOR('',#5612,1.);
#503=VECTOR('',#5615,1.);
#504=VECTOR('',#5616,1.);
#505=VECTOR('',#5619,1.);
#506=VECTOR('',#5620,1.);
#507=VECTOR('',#5621,1.);
#508=VECTOR('',#5624,1.);
#509=VECTOR('',#5625,1.);
#510=VECTOR('',#5628,1.);
#511=VECTOR('',#5629,1.);
#512=VECTOR('',#5632,1.);
#513=VECTOR('',#5633,1.);
#514=VECTOR('',#5634,1.);
#515=VECTOR('',#5637,1.);
#516=VECTOR('',#5638,1.);
#517=VECTOR('',#5641,1.);
#518=VECTOR('',#5642,1.);
#519=VECTOR('',#5645,1.);
#520=VECTOR('',#5646,1.);
#521=VECTOR('',#5647,1.);
#522=VECTOR('',#5648,1.);
#523=VECTOR('',#5651,1.);
#524=VECTOR('',#5652,1.);
#525=VECTOR('',#5653,1.);
#526=VECTOR('',#5654,1.);
#527=VECTOR('',#5657,1.);
#528=VECTOR('',#5658,1.);
#529=VECTOR('',#5659,1.);
#530=VECTOR('',#5662,1.);
#531=VECTOR('',#5663,1.);
#532=VECTOR('',#5666,1.);
#533=VECTOR('',#5667,1.);
#534=VECTOR('',#5670,1.);
#535=VECTOR('',#5671,1.);
#536=VECTOR('',#5672,1.);
#537=VECTOR('',#5673,1.);
#538=VECTOR('',#5676,1.);
#539=VECTOR('',#5677,1.);
#540=VECTOR('',#5678,1.);
#541=VECTOR('',#5679,1.);
#542=VECTOR('',#5682,1.);
#543=VECTOR('',#5683,1.);
#544=VECTOR('',#5684,1.);
#545=VECTOR('',#5685,1.);
#546=VECTOR('',#5688,1.);
#547=VECTOR('',#5689,1.);
#548=VECTOR('',#5690,1.);
#549=VECTOR('',#5691,1.);
#550=VECTOR('',#5694,1.);
#551=VECTOR('',#5695,1.);
#552=VECTOR('',#5696,1.);
#553=VECTOR('',#5699,1.);
#554=VECTOR('',#5700,1.);
#555=VECTOR('',#5703,1.);
#556=VECTOR('',#5704,1.);
#557=VECTOR('',#5707,1.);
#558=VECTOR('',#5708,1.);
#559=VECTOR('',#5709,1.);
#560=VECTOR('',#5710,1.);
#561=VECTOR('',#5713,1.);
#562=VECTOR('',#5714,1.);
#563=VECTOR('',#5715,1.);
#564=VECTOR('',#5718,1.);
#565=VECTOR('',#5719,1.);
#566=VECTOR('',#5722,1.);
#567=VECTOR('',#5723,1.);
#568=VECTOR('',#5726,1.);
#569=VECTOR('',#5727,1.);
#570=VECTOR('',#5728,1.);
#571=VECTOR('',#5729,1.);
#572=VECTOR('',#5732,1.);
#573=VECTOR('',#5733,1.);
#574=VECTOR('',#5734,1.);
#575=VECTOR('',#5735,1.);
#576=VECTOR('',#5738,1.);
#577=VECTOR('',#5739,1.);
#578=VECTOR('',#5740,1.);
#579=VECTOR('',#5741,1.);
#580=VECTOR('',#5744,1.);
#581=VECTOR('',#5745,1.);
#582=VECTOR('',#5746,1.);
#583=VECTOR('',#5747,1.);
#584=VECTOR('',#5750,1.);
#585=VECTOR('',#5751,1.);
#586=VECTOR('',#5752,1.);
#587=VECTOR('',#5755,1.);
#588=VECTOR('',#5756,1.);
#589=VECTOR('',#5759,1.);
#590=VECTOR('',#5760,1.);
#591=VECTOR('',#5763,1.);
#592=VECTOR('',#5764,1.);
#593=VECTOR('',#5765,1.);
#594=VECTOR('',#5766,1.);
#595=VECTOR('',#5769,1.);
#596=VECTOR('',#5770,1.);
#597=VECTOR('',#5771,1.);
#598=VECTOR('',#5772,1.);
#599=VECTOR('',#5775,1.);
#600=VECTOR('',#5776,1.);
#601=VECTOR('',#5777,1.);
#602=VECTOR('',#5778,1.);
#603=VECTOR('',#5781,1.);
#604=VECTOR('',#5782,1.);
#605=VECTOR('',#5783,1.);
#606=VECTOR('',#5784,1.);
#607=VECTOR('',#5787,1.);
#608=VECTOR('',#5788,1.);
#609=VECTOR('',#5789,1.);
#610=VECTOR('',#5792,1.);
#611=VECTOR('',#5793,1.);
#612=VECTOR('',#5796,1.);
#613=VECTOR('',#5797,1.);
#614=VECTOR('',#5798,1.);
#615=VECTOR('',#5801,1.);
#616=VECTOR('',#5802,1.);
#617=VECTOR('',#5803,1.);
#618=VECTOR('',#5804,1.);
#619=VECTOR('',#5807,1.);
#620=VECTOR('',#5808,1.);
#621=VECTOR('',#5809,1.);
#622=VECTOR('',#5810,1.);
#623=VECTOR('',#5813,1.);
#624=VECTOR('',#5814,1.);
#625=VECTOR('',#5817,1.);
#626=VECTOR('',#5818,1.);
#627=VECTOR('',#5821,1.);
#628=VECTOR('',#5822,1.);
#629=VECTOR('',#5823,1.);
#630=VECTOR('',#5824,1.);
#631=VECTOR('',#5839,1.);
#632=VECTOR('',#5842,1.);
#633=VECTOR('',#5881,1.);
#634=VECTOR('',#5882,1.);
#635=VECTOR('',#5883,1.);
#636=VECTOR('',#5884,1.);
#637=VECTOR('',#5891,1.);
#638=VECTOR('',#5892,1.);
#639=VECTOR('',#5895,1.);
#640=VECTOR('',#5898,1.);
#641=VECTOR('',#5899,1.);
#642=VECTOR('',#6470,1.);
#643=VECTOR('',#6471,1.);
#644=VECTOR('',#6472,1.);
#645=VECTOR('',#6473,1.);
#646=VECTOR('',#6476,1.);
#647=VECTOR('',#6477,1.);
#648=VECTOR('',#6480,1.);
#649=VECTOR('',#6481,1.);
#650=VECTOR('',#6492,1.);
#651=VECTOR('',#6493,1.);
#652=VECTOR('',#6494,1.);
#653=VECTOR('',#6495,1.);
#654=VECTOR('',#6498,1.);
#655=VECTOR('',#6499,1.);
#656=VECTOR('',#6502,1.);
#657=VECTOR('',#6503,1.);
#658=B_SPLINE_CURVE_WITH_KNOTS('',3,(#6619,#6620,#6621,#6622),
 .UNSPECIFIED.,.F.,.F.,(4,4),(2.20985538085567E-7,0.00546865827728589),
 .UNSPECIFIED.);
#659=B_SPLINE_CURVE_WITH_KNOTS('',3,(#6626,#6627,#6628,#6629),
 .UNSPECIFIED.,.F.,.F.,(4,4),(2.20983173410913E-7,0.00546860763380186),
 .UNSPECIFIED.);
#660=B_SPLINE_CURVE_WITH_KNOTS('',3,(#6633,#6634,#6635,#6636),
 .UNSPECIFIED.,.F.,.F.,(4,4),(2.16535587176771E-7,0.00546865382733497),
 .UNSPECIFIED.);
#661=B_SPLINE_CURVE_WITH_KNOTS('',3,(#6640,#6641,#6642,#6643),
 .UNSPECIFIED.,.F.,.F.,(4,4),(2.16533879020681E-7,0.00546860318450747),
 .UNSPECIFIED.);
#662=B_SPLINE_CURVE_WITH_KNOTS('',3,(#6647,#6648,#6649,#6650),
 .UNSPECIFIED.,.F.,.F.,(4,4),(0.04575001193166,0.0511924235699553),
 .UNSPECIFIED.);
#663=B_SPLINE_CURVE_WITH_KNOTS('',3,(#6654,#6655,#6656,#6657),
 .UNSPECIFIED.,.F.,.F.,(4,4),(0.04575001193166,0.0511924235699553),
 .UNSPECIFIED.);
#664=B_SPLINE_CURVE_WITH_KNOTS('',3,(#6661,#6662,#6663,#6664),
 .UNSPECIFIED.,.F.,.F.,(4,4),(2.16533879034364E-7,0.00546860318450749),
 .UNSPECIFIED.);
#665=B_SPLINE_CURVE_WITH_KNOTS('',3,(#6668,#6669,#6670,#6671),
 .UNSPECIFIED.,.F.,.F.,(4,4),(2.16535587176771E-7,0.00546865382733498),
 .UNSPECIFIED.);
#666=B_SPLINE_CURVE_WITH_KNOTS('',3,(#6675,#6676,#6677,#6678),
 .UNSPECIFIED.,.F.,.F.,(4,4),(2.20983173410913E-7,0.00546860763380186),
 .UNSPECIFIED.);
#667=B_SPLINE_CURVE_WITH_KNOTS('',3,(#6682,#6683,#6684,#6685),
 .UNSPECIFIED.,.F.,.F.,(4,4),(2.20985538096077E-7,0.00546865827728591),
 .UNSPECIFIED.);
#668=B_SPLINE_CURVE_WITH_KNOTS('',3,(#6689,#6690,#6691,#6692),
 .UNSPECIFIED.,.F.,.F.,(4,4),(0.0593701158534311,0.0648993389792809),
 .UNSPECIFIED.);
#669=B_SPLINE_CURVE_WITH_KNOTS('',3,(#6696,#6697,#6698,#6699),
 .UNSPECIFIED.,.F.,.F.,(4,4),(0.0593701158534311,0.0648993389792809),
 .UNSPECIFIED.);
#670=B_SPLINE_CURVE_WITH_KNOTS('',3,(#6712,#6713,#6714,#6715),
 .UNSPECIFIED.,.F.,.F.,(4,4),(2.21188269611042E-7,0.00547330743335392),
 .UNSPECIFIED.);
#671=B_SPLINE_CURVE_WITH_KNOTS('',3,(#6720,#6721,#6722,#6723),
 .UNSPECIFIED.,.F.,.F.,(4,4),(2.21185764447754E-7,0.00547325383797326),
 .UNSPECIFIED.);
#672=B_SPLINE_CURVE_WITH_KNOTS('',3,(#6726,#6727,#6728,#6729),
 .UNSPECIFIED.,.F.,.F.,(4,4),(2.16705502604658E-7,0.00547330295058694),
 .UNSPECIFIED.);
#673=B_SPLINE_CURVE_WITH_KNOTS('',3,(#6734,#6735,#6736,#6737),
 .UNSPECIFIED.,.F.,.F.,(4,4),(2.1670369689151E-7,0.0054732493559057),
 .UNSPECIFIED.);
#674=B_SPLINE_CURVE_WITH_KNOTS('',3,(#6740,#6741,#6742,#6743),
 .UNSPECIFIED.,.F.,.F.,(4,4),(0.0448002553170343,0.0502428769810717),
 .UNSPECIFIED.);
#675=B_SPLINE_CURVE_WITH_KNOTS('',3,(#6748,#6749,#6750,#6751),
 .UNSPECIFIED.,.F.,.F.,(4,4),(0.0448002553170343,0.0502428769810717),
 .UNSPECIFIED.);
#676=B_SPLINE_CURVE_WITH_KNOTS('',3,(#6754,#6755,#6756,#6757),
 .UNSPECIFIED.,.F.,.F.,(4,4),(2.16703696862162E-7,0.00547324935590568),
 .UNSPECIFIED.);
#677=B_SPLINE_CURVE_WITH_KNOTS('',3,(#6762,#6763,#6764,#6765),
 .UNSPECIFIED.,.F.,.F.,(4,4),(2.16705502610997E-7,0.00547330295058691),
 .UNSPECIFIED.);
#678=B_SPLINE_CURVE_WITH_KNOTS('',3,(#6768,#6769,#6770,#6771),
 .UNSPECIFIED.,.F.,.F.,(4,4),(2.21185764434078E-7,0.00547325383797325),
 .UNSPECIFIED.);
#679=B_SPLINE_CURVE_WITH_KNOTS('',3,(#6776,#6777,#6778,#6779),
 .UNSPECIFIED.,.F.,.F.,(4,4),(2.21188269611042E-7,0.00547330743335391),
 .UNSPECIFIED.);
#680=B_SPLINE_CURVE_WITH_KNOTS('',3,(#6782,#6783,#6784,#6785),
 .UNSPECIFIED.,.F.,.F.,(4,4),(0.0578427993403874,0.0633735895817432),
 .UNSPECIFIED.);
#681=B_SPLINE_CURVE_WITH_KNOTS('',3,(#6790,#6791,#6792,#6793),
 .UNSPECIFIED.,.F.,.F.,(4,4),(0.0578427993403874,0.0633735895817433),
 .UNSPECIFIED.);
#682=B_SPLINE_CURVE_WITH_KNOTS('',3,(#7239,#7240,#7241,#7242,#7243),
 .UNSPECIFIED.,.F.,.F.,(4,1,4),(0.,0.00102374211662995,0.0020474842332599),
 .UNSPECIFIED.);
#683=B_SPLINE_CURVE_WITH_KNOTS('',3,(#7258,#7259,#7260,#7261,#7262),
 .UNSPECIFIED.,.F.,.F.,(4,1,4),(0.,0.00102374211662996,0.00204748423325991),
 .UNSPECIFIED.);
#684=B_SPLINE_CURVE_WITH_KNOTS('',3,(#7374,#7375,#7376,#7377,#7378),
 .UNSPECIFIED.,.F.,.F.,(4,1,4),(0.,0.00102374211662995,0.00204748423325991),
 .UNSPECIFIED.);
#685=B_SPLINE_CURVE_WITH_KNOTS('',3,(#7393,#7394,#7395,#7396,#7397),
 .UNSPECIFIED.,.F.,.F.,(4,1,4),(0.,0.00102374211662995,0.00204748423325989),
 .UNSPECIFIED.);
#686=B_SPLINE_CURVE_WITH_KNOTS('',3,(#7569,#7570,#7571,#7572,#7573),
 .UNSPECIFIED.,.F.,.F.,(4,1,4),(-7.25508045622694E-6,0.00155833757636142,
0.00312393023317906),.UNSPECIFIED.);
#687=B_SPLINE_CURVE_WITH_KNOTS('',3,(#7575,#7576,#7577,#7578,#7579),
 .UNSPECIFIED.,.F.,.F.,(4,1,4),(-7.48406724920952E-6,0.00145471833355682,
0.00291692073436285),.UNSPECIFIED.);
#688=B_SPLINE_CURVE_WITH_KNOTS('',3,(#7588,#7589,#7590,#7591,#7592),
 .UNSPECIFIED.,.F.,.F.,(4,1,4),(-7.48406724919828E-6,0.00145471833355678,
0.00291692073436277),.UNSPECIFIED.);
#689=B_SPLINE_CURVE_WITH_KNOTS('',3,(#7614,#7615,#7616,#7617,#7618),
 .UNSPECIFIED.,.F.,.F.,(4,1,4),(-7.25508045621629E-6,0.00155833757636103,
0.00312393023317828),.UNSPECIFIED.);
#690=B_SPLINE_CURVE_WITH_KNOTS('',3,(#7639,#7640,#7641,#7642,#7643),
 .UNSPECIFIED.,.F.,.F.,(4,1,4),(-7.25508045623527E-6,0.00155833757636141,
0.00312393023317906),.UNSPECIFIED.);
#691=B_SPLINE_CURVE_WITH_KNOTS('',3,(#7660,#7661,#7662,#7663,#7664),
 .UNSPECIFIED.,.F.,.F.,(4,1,4),(-7.48406724921073E-6,0.00145471833355672,
0.00291692073436265),.UNSPECIFIED.);
#692=B_SPLINE_CURVE_WITH_KNOTS('',3,(#7676,#7677,#7678,#7679,#7680),
 .UNSPECIFIED.,.F.,.F.,(4,1,4),(-7.25508045622915E-6,0.00155833757636111,
0.00312393023317844),.UNSPECIFIED.);
#693=B_SPLINE_CURVE_WITH_KNOTS('',3,(#7690,#7691,#7692,#7693,#7694),
 .UNSPECIFIED.,.F.,.F.,(4,1,4),(-7.48406724919074E-6,0.00145471833355677,
0.00291692073436273),.UNSPECIFIED.);
#694=B_SPLINE_CURVE_WITH_KNOTS('',3,(#7706,#7707,#7708,#7709,#7710),
 .UNSPECIFIED.,.F.,.F.,(4,1,4),(-7.25508045624867E-6,0.00155833757636147,
0.00312393023317918),.UNSPECIFIED.);
#695=B_SPLINE_CURVE_WITH_KNOTS('',3,(#7746,#7747,#7748,#7749,#7750),
 .UNSPECIFIED.,.F.,.F.,(4,1,4),(-7.48406724921606E-6,0.00145471833355676,
0.00291692073436273),.UNSPECIFIED.);
#696=B_SPLINE_CURVE_WITH_KNOTS('',3,(#7792,#7793,#7794,#7795,#7796),
 .UNSPECIFIED.,.F.,.F.,(4,1,4),(-7.25508045620742E-6,0.00155833757636108,
0.00312393023317836),.UNSPECIFIED.);
#697=B_SPLINE_CURVE_WITH_KNOTS('',3,(#7798,#7799,#7800,#7801,#7802),
 .UNSPECIFIED.,.F.,.F.,(4,1,4),(-7.25508045621851E-6,0.0015583375763611,
0.00312393023317842),.UNSPECIFIED.);
#698=B_SPLINE_CURVE_WITH_KNOTS('',3,(#7810,#7811,#7812,#7813,#7814),
 .UNSPECIFIED.,.F.,.F.,(4,1,4),(-7.4840672492275E-6,0.00145471833355679,
0.00291692073436281),.UNSPECIFIED.);
#699=B_SPLINE_CURVE_WITH_KNOTS('',3,(#7816,#7817,#7818,#7819,#7820),
 .UNSPECIFIED.,.F.,.F.,(4,1,4),(-7.48406724923872E-6,0.0014547183335567,
0.00291692073436263),.UNSPECIFIED.);
#700=B_SPLINE_CURVE_WITH_KNOTS('',3,(#7830,#7831,#7832,#7833,#7834),
 .UNSPECIFIED.,.F.,.F.,(4,1,4),(-7.2550804562058E-6,0.00155833757636104,
0.00312393023317829),.UNSPECIFIED.);
#701=B_SPLINE_CURVE_WITH_KNOTS('',3,(#7869,#7870,#7871,#7872,#7873),
 .UNSPECIFIED.,.F.,.F.,(4,1,4),(-7.48406724924811E-6,0.00145471833355672,
0.00291692073436269),.UNSPECIFIED.);
#702=B_SPLINE_CURVE_WITH_KNOTS('',3,(#7889,#7890,#7891,#7892,#7893),
 .UNSPECIFIED.,.F.,.F.,(4,1,4),(-7.4840672492543E-6,0.00145471833355675,
0.00291692073436276),.UNSPECIFIED.);
#703=B_SPLINE_CURVE_WITH_KNOTS('',3,(#7895,#7896,#7897,#7898,#7899),
 .UNSPECIFIED.,.F.,.F.,(4,1,4),(-7.25508045620308E-6,0.00155833757636106,
0.00312393023317832),.UNSPECIFIED.);
#704=SHAPE_REPRESENTATION_RELATIONSHIP('','',#4535,#707);
#705=SHAPE_REPRESENTATION_RELATIONSHIP('','',#4536,#708);
#706=SHAPE_REPRESENTATION_RELATIONSHIP('','',#4537,#709);
#707=ADVANCED_BREP_SHAPE_REPRESENTATION('',(#4529),#7983);
#708=ADVANCED_BREP_SHAPE_REPRESENTATION('',(#4530),#7984);
#709=ADVANCED_BREP_SHAPE_REPRESENTATION('',(#4531),#7985);
#710=CYLINDRICAL_SURFACE('',#4570,1.69602431528736E-5);
#711=CYLINDRICAL_SURFACE('',#4575,0.002);
#712=CYLINDRICAL_SURFACE('',#4576,0.002);
#713=CYLINDRICAL_SURFACE('',#4577,0.002);
#714=CYLINDRICAL_SURFACE('',#4578,0.002);
#715=CYLINDRICAL_SURFACE('',#4579,0.002);
#716=CYLINDRICAL_SURFACE('',#4580,0.002);
#717=CYLINDRICAL_SURFACE('',#4581,0.002);
#718=CYLINDRICAL_SURFACE('',#4582,0.002);
#719=CYLINDRICAL_SURFACE('',#4653,0.001);
#720=CYLINDRICAL_SURFACE('',#4656,0.001);
#721=CYLINDRICAL_SURFACE('',#4659,0.001);
#722=CYLINDRICAL_SURFACE('',#4662,0.001);
#723=CYLINDRICAL_SURFACE('',#4665,0.0015);
#724=CYLINDRICAL_SURFACE('',#4668,0.0015);
#725=CYLINDRICAL_SURFACE('',#4671,0.0015);
#726=CYLINDRICAL_SURFACE('',#4674,0.0015);
#727=CYLINDRICAL_SURFACE('',#4768,0.001);
#728=CYLINDRICAL_SURFACE('',#4770,0.001);
#729=CYLINDRICAL_SURFACE('',#4772,0.001);
#730=CYLINDRICAL_SURFACE('',#4776,0.001);
#731=CYLINDRICAL_SURFACE('',#4778,0.001);
#732=CYLINDRICAL_SURFACE('',#4780,0.001);
#733=CYLINDRICAL_SURFACE('',#4783,0.001);
#734=CYLINDRICAL_SURFACE('',#4786,0.001);
#735=CYLINDRICAL_SURFACE('',#4788,0.001);
#736=CYLINDRICAL_SURFACE('',#4790,0.001);
#737=CYLINDRICAL_SURFACE('',#4792,0.001);
#738=CYLINDRICAL_SURFACE('',#4795,0.001);
#739=CYLINDRICAL_SURFACE('',#4800,0.001);
#740=CYLINDRICAL_SURFACE('',#4803,0.001);
#741=CYLINDRICAL_SURFACE('',#4811,0.001);
#742=CYLINDRICAL_SURFACE('',#4813,0.001);
#743=CYLINDRICAL_SURFACE('',#4815,0.001);
#744=CYLINDRICAL_SURFACE('',#4817,0.001);
#745=CYLINDRICAL_SURFACE('',#4825,0.001);
#746=CYLINDRICAL_SURFACE('',#4828,0.001);
#747=CYLINDRICAL_SURFACE('',#4830,0.001);
#748=CYLINDRICAL_SURFACE('',#4832,0.001);
#749=CYLINDRICAL_SURFACE('',#4834,0.001);
#750=CYLINDRICAL_SURFACE('',#4837,0.001);
#751=CYLINDRICAL_SURFACE('',#4844,0.001);
#752=CYLINDRICAL_SURFACE('',#4849,0.001);
#753=CYLINDRICAL_SURFACE('',#4851,0.001);
#754=CYLINDRICAL_SURFACE('',#4853,0.001);
#755=CYLINDRICAL_SURFACE('',#4855,0.001);
#756=CYLINDRICAL_SURFACE('',#4857,0.001);
#757=CYLINDRICAL_SURFACE('',#4859,0.001);
#758=CYLINDRICAL_SURFACE('',#4869,0.001);
#759=CYLINDRICAL_SURFACE('',#4871,0.001);
#760=CYLINDRICAL_SURFACE('',#4873,0.001);
#761=CYLINDRICAL_SURFACE('',#4875,0.001);
#762=CYLINDRICAL_SURFACE('',#4877,0.001);
#763=CYLINDRICAL_SURFACE('',#4880,0.001);
#764=CYLINDRICAL_SURFACE('',#4882,0.001);
#765=CYLINDRICAL_SURFACE('',#4884,0.001);
#766=CYLINDRICAL_SURFACE('',#4893,0.001);
#767=CYLINDRICAL_SURFACE('',#4896,0.001);
#768=CYLINDRICAL_SURFACE('',#4898,0.001);
#769=CYLINDRICAL_SURFACE('',#4900,0.001);
#770=CYLINDRICAL_SURFACE('',#4902,0.001);
#771=CYLINDRICAL_SURFACE('',#4904,0.001);
#772=CYLINDRICAL_SURFACE('',#4905,0.001);
#773=CYLINDRICAL_SURFACE('',#4916,0.001);
#774=CYLINDRICAL_SURFACE('',#4918,0.001);
#775=CYLINDRICAL_SURFACE('',#4920,0.001);
#776=CYLINDRICAL_SURFACE('',#4922,0.001);
#777=CYLINDRICAL_SURFACE('',#4924,0.001);
#778=CYLINDRICAL_SURFACE('',#4926,0.001);
#779=CYLINDRICAL_SURFACE('',#4938,0.001);
#780=CYLINDRICAL_SURFACE('',#4940,0.001);
#781=CYLINDRICAL_SURFACE('',#4942,0.001);
#782=CYLINDRICAL_SURFACE('',#4944,0.001);
#783=CYLINDRICAL_SURFACE('',#4946,0.001);
#784=CYLINDRICAL_SURFACE('',#4948,0.001);
#785=CYLINDRICAL_SURFACE('',#4956,0.001);
#786=CYLINDRICAL_SURFACE('',#4962,0.001);
#787=CYLINDRICAL_SURFACE('',#4965,0.001);
#788=CYLINDRICAL_SURFACE('',#4967,0.001);
#789=CYLINDRICAL_SURFACE('',#4969,0.001);
#790=CYLINDRICAL_SURFACE('',#4974,0.001);
#791=CYLINDRICAL_SURFACE('',#4976,0.001);
#792=CYLINDRICAL_SURFACE('',#4978,0.001);
#793=CYLINDRICAL_SURFACE('',#4980,0.001);
#794=CYLINDRICAL_SURFACE('',#4987,0.001);
#795=CYLINDRICAL_SURFACE('',#4991,0.001);
#796=CYLINDRICAL_SURFACE('',#4992,0.001);
#797=CYLINDRICAL_SURFACE('',#4993,0.001);
#798=CYLINDRICAL_SURFACE('',#4995,0.001);
#799=CYLINDRICAL_SURFACE('',#4997,0.001);
#800=CYLINDRICAL_SURFACE('',#5003,0.001);
#801=CYLINDRICAL_SURFACE('',#5005,0.001);
#802=CYLINDRICAL_SURFACE('',#5007,0.001);
#803=CYLINDRICAL_SURFACE('',#5010,0.001);
#804=CYLINDRICAL_SURFACE('',#5015,0.001);
#805=CYLINDRICAL_SURFACE('',#5017,0.001);
#806=CYLINDRICAL_SURFACE('',#5020,0.001);
#807=CYLINDRICAL_SURFACE('',#5022,0.001);
#808=CYLINDRICAL_SURFACE('',#5026,0.001);
#809=CYLINDRICAL_SURFACE('',#5033,0.001);
#810=CYLINDRICAL_SURFACE('',#5035,0.001);
#811=CYLINDRICAL_SURFACE('',#5037,0.001);
#812=CYLINDRICAL_SURFACE('',#5039,0.001);
#813=CYLINDRICAL_SURFACE('',#5041,0.001);
#814=CYLINDRICAL_SURFACE('',#5051,0.001);
#815=CYLINDRICAL_SURFACE('',#5053,0.001);
#816=CYLINDRICAL_SURFACE('',#5055,0.001);
#817=CYLINDRICAL_SURFACE('',#5057,0.001);
#818=CYLINDRICAL_SURFACE('',#5060,0.001);
#819=CYLINDRICAL_SURFACE('',#5067,0.001);
#820=CYLINDRICAL_SURFACE('',#5069,0.001);
#821=CYLINDRICAL_SURFACE('',#5071,0.001);
#822=CYLINDRICAL_SURFACE('',#5073,0.001);
#823=CYLINDRICAL_SURFACE('',#5079,0.001);
#824=CYLINDRICAL_SURFACE('',#5081,0.001);
#825=CYLINDRICAL_SURFACE('',#5096,0.0015);
#826=CYLINDRICAL_SURFACE('',#5099,0.0015);
#827=CYLINDRICAL_SURFACE('',#5102,0.0015);
#828=CYLINDRICAL_SURFACE('',#5105,0.0015);
#829=CONICAL_SURFACE('',#4563,0.0498,0.125485822092922);
#830=CONICAL_SURFACE('',#4566,0.0183707275995484,1.02473561092039);
#831=CONICAL_SURFACE('',#4574,0.0186507509522808,1.02473561092039);
#832=CONICAL_SURFACE('',#4606,0.0498,0.125485822092922);
#833=DEGENERATE_TOROIDAL_SURFACE('',#4561,0.0473472544337034,0.095,.F.);
#834=DEGENERATE_TOROIDAL_SURFACE('',#4564,0.0479803179364215,0.095,.F.);
#835=DEGENERATE_TOROIDAL_SURFACE('',#4590,0.0634316639297501,0.12,.F.);
#836=DEGENERATE_TOROIDAL_SURFACE('',#4610,0.0644119212364627,0.12,.F.);
#837=ORIENTED_EDGE('',*,*,#2061,.T.);
#838=ORIENTED_EDGE('',*,*,#2062,.T.);
#839=ORIENTED_EDGE('',*,*,#2063,.T.);
#840=ORIENTED_EDGE('',*,*,#2064,.T.);
#841=ORIENTED_EDGE('',*,*,#2065,.T.);
#842=ORIENTED_EDGE('',*,*,#2066,.T.);
#843=ORIENTED_EDGE('',*,*,#2067,.F.);
#844=ORIENTED_EDGE('',*,*,#2068,.F.);
#845=ORIENTED_EDGE('',*,*,#2069,.F.);
#846=ORIENTED_EDGE('',*,*,#2070,.F.);
#847=ORIENTED_EDGE('',*,*,#2071,.F.);
#848=ORIENTED_EDGE('',*,*,#2072,.F.);
#849=ORIENTED_EDGE('',*,*,#2073,.F.);
#850=ORIENTED_EDGE('',*,*,#2074,.F.);
#851=ORIENTED_EDGE('',*,*,#2075,.F.);
#852=ORIENTED_EDGE('',*,*,#2076,.T.);
#853=ORIENTED_EDGE('',*,*,#2077,.F.);
#854=ORIENTED_EDGE('',*,*,#2078,.T.);
#855=ORIENTED_EDGE('',*,*,#2079,.T.);
#856=ORIENTED_EDGE('',*,*,#2080,.T.);
#857=ORIENTED_EDGE('',*,*,#2067,.T.);
#858=ORIENTED_EDGE('',*,*,#2081,.F.);
#859=ORIENTED_EDGE('',*,*,#2066,.F.);
#860=ORIENTED_EDGE('',*,*,#2077,.T.);
#861=ORIENTED_EDGE('',*,*,#2076,.F.);
#862=ORIENTED_EDGE('',*,*,#2082,.T.);
#863=ORIENTED_EDGE('',*,*,#2082,.F.);
#864=ORIENTED_EDGE('',*,*,#2083,.T.);
#865=ORIENTED_EDGE('',*,*,#2084,.T.);
#866=ORIENTED_EDGE('',*,*,#2083,.F.);
#867=ORIENTED_EDGE('',*,*,#2084,.F.);
#868=ORIENTED_EDGE('',*,*,#2085,.T.);
#869=ORIENTED_EDGE('',*,*,#2085,.F.);
#870=ORIENTED_EDGE('',*,*,#2086,.T.);
#871=ORIENTED_EDGE('',*,*,#2081,.T.);
#872=ORIENTED_EDGE('',*,*,#2086,.F.);
#873=ORIENTED_EDGE('',*,*,#2065,.F.);
#874=ORIENTED_EDGE('',*,*,#2075,.T.);
#875=ORIENTED_EDGE('',*,*,#2064,.F.);
#876=ORIENTED_EDGE('',*,*,#2074,.T.);
#877=ORIENTED_EDGE('',*,*,#2063,.F.);
#878=ORIENTED_EDGE('',*,*,#2073,.T.);
#879=ORIENTED_EDGE('',*,*,#2068,.T.);
#880=ORIENTED_EDGE('',*,*,#2078,.F.);
#881=ORIENTED_EDGE('',*,*,#2069,.T.);
#882=ORIENTED_EDGE('',*,*,#2079,.F.);
#883=ORIENTED_EDGE('',*,*,#2070,.T.);
#884=ORIENTED_EDGE('',*,*,#2080,.F.);
#885=ORIENTED_EDGE('',*,*,#2062,.F.);
#886=ORIENTED_EDGE('',*,*,#2072,.T.);
#887=ORIENTED_EDGE('',*,*,#2061,.F.);
#888=ORIENTED_EDGE('',*,*,#2071,.T.);
#889=ORIENTED_EDGE('',*,*,#2087,.T.);
#890=ORIENTED_EDGE('',*,*,#2088,.T.);
#891=ORIENTED_EDGE('',*,*,#2089,.T.);
#892=ORIENTED_EDGE('',*,*,#2090,.T.);
#893=ORIENTED_EDGE('',*,*,#2091,.T.);
#894=ORIENTED_EDGE('',*,*,#2092,.F.);
#895=ORIENTED_EDGE('',*,*,#2093,.F.);
#896=ORIENTED_EDGE('',*,*,#2094,.T.);
#897=ORIENTED_EDGE('',*,*,#2095,.T.);
#898=ORIENTED_EDGE('',*,*,#2096,.F.);
#899=ORIENTED_EDGE('',*,*,#2097,.T.);
#900=ORIENTED_EDGE('',*,*,#2098,.T.);
#901=ORIENTED_EDGE('',*,*,#2099,.F.);
#902=ORIENTED_EDGE('',*,*,#2100,.F.);
#903=ORIENTED_EDGE('',*,*,#2101,.T.);
#904=ORIENTED_EDGE('',*,*,#2102,.T.);
#905=ORIENTED_EDGE('',*,*,#2103,.F.);
#906=ORIENTED_EDGE('',*,*,#2104,.F.);
#907=ORIENTED_EDGE('',*,*,#2105,.T.);
#908=ORIENTED_EDGE('',*,*,#2106,.T.);
#909=ORIENTED_EDGE('',*,*,#2107,.F.);
#910=ORIENTED_EDGE('',*,*,#2108,.F.);
#911=ORIENTED_EDGE('',*,*,#2109,.F.);
#912=ORIENTED_EDGE('',*,*,#2110,.T.);
#913=ORIENTED_EDGE('',*,*,#2111,.T.);
#914=ORIENTED_EDGE('',*,*,#2112,.F.);
#915=ORIENTED_EDGE('',*,*,#2113,.F.);
#916=ORIENTED_EDGE('',*,*,#2114,.T.);
#917=ORIENTED_EDGE('',*,*,#2115,.T.);
#918=ORIENTED_EDGE('',*,*,#2116,.T.);
#919=ORIENTED_EDGE('',*,*,#2091,.F.);
#920=ORIENTED_EDGE('',*,*,#2116,.F.);
#921=ORIENTED_EDGE('',*,*,#2117,.T.);
#922=ORIENTED_EDGE('',*,*,#2118,.T.);
#923=ORIENTED_EDGE('',*,*,#2117,.F.);
#924=ORIENTED_EDGE('',*,*,#2118,.F.);
#925=ORIENTED_EDGE('',*,*,#2119,.T.);
#926=ORIENTED_EDGE('',*,*,#2120,.T.);
#927=ORIENTED_EDGE('',*,*,#2121,.T.);
#928=ORIENTED_EDGE('',*,*,#2122,.F.);
#929=ORIENTED_EDGE('',*,*,#2123,.F.);
#930=ORIENTED_EDGE('',*,*,#2124,.F.);
#931=ORIENTED_EDGE('',*,*,#2125,.T.);
#932=ORIENTED_EDGE('',*,*,#2126,.T.);
#933=ORIENTED_EDGE('',*,*,#2127,.F.);
#934=ORIENTED_EDGE('',*,*,#2128,.F.);
#935=ORIENTED_EDGE('',*,*,#2129,.T.);
#936=ORIENTED_EDGE('',*,*,#2130,.T.);
#937=ORIENTED_EDGE('',*,*,#2131,.F.);
#938=ORIENTED_EDGE('',*,*,#2132,.F.);
#939=ORIENTED_EDGE('',*,*,#2133,.T.);
#940=ORIENTED_EDGE('',*,*,#2134,.T.);
#941=ORIENTED_EDGE('',*,*,#2135,.F.);
#942=ORIENTED_EDGE('',*,*,#2136,.T.);
#943=ORIENTED_EDGE('',*,*,#2137,.T.);
#944=ORIENTED_EDGE('',*,*,#2138,.F.);
#945=ORIENTED_EDGE('',*,*,#2139,.F.);
#946=ORIENTED_EDGE('',*,*,#2140,.T.);
#947=ORIENTED_EDGE('',*,*,#2141,.T.);
#948=ORIENTED_EDGE('',*,*,#2142,.F.);
#949=ORIENTED_EDGE('',*,*,#2143,.F.);
#950=ORIENTED_EDGE('',*,*,#2119,.F.);
#951=ORIENTED_EDGE('',*,*,#2144,.T.);
#952=ORIENTED_EDGE('',*,*,#2145,.F.);
#953=ORIENTED_EDGE('',*,*,#2146,.F.);
#954=ORIENTED_EDGE('',*,*,#2147,.F.);
#955=ORIENTED_EDGE('',*,*,#2148,.F.);
#956=ORIENTED_EDGE('',*,*,#2144,.F.);
#957=ORIENTED_EDGE('',*,*,#2112,.T.);
#958=ORIENTED_EDGE('',*,*,#2149,.F.);
#959=ORIENTED_EDGE('',*,*,#2141,.F.);
#960=ORIENTED_EDGE('',*,*,#2150,.T.);
#961=ORIENTED_EDGE('',*,*,#2151,.F.);
#962=ORIENTED_EDGE('',*,*,#2143,.T.);
#963=ORIENTED_EDGE('',*,*,#2152,.T.);
#964=ORIENTED_EDGE('',*,*,#2114,.F.);
#965=ORIENTED_EDGE('',*,*,#2152,.F.);
#966=ORIENTED_EDGE('',*,*,#2142,.T.);
#967=ORIENTED_EDGE('',*,*,#2149,.T.);
#968=ORIENTED_EDGE('',*,*,#2115,.F.);
#969=ORIENTED_EDGE('',*,*,#2113,.T.);
#970=ORIENTED_EDGE('',*,*,#2150,.F.);
#971=ORIENTED_EDGE('',*,*,#2140,.F.);
#972=ORIENTED_EDGE('',*,*,#2151,.T.);
#973=ORIENTED_EDGE('',*,*,#2108,.T.);
#974=ORIENTED_EDGE('',*,*,#2153,.F.);
#975=ORIENTED_EDGE('',*,*,#2137,.F.);
#976=ORIENTED_EDGE('',*,*,#2154,.T.);
#977=ORIENTED_EDGE('',*,*,#2155,.F.);
#978=ORIENTED_EDGE('',*,*,#2139,.T.);
#979=ORIENTED_EDGE('',*,*,#2156,.T.);
#980=ORIENTED_EDGE('',*,*,#2110,.F.);
#981=ORIENTED_EDGE('',*,*,#2109,.T.);
#982=ORIENTED_EDGE('',*,*,#2154,.F.);
#983=ORIENTED_EDGE('',*,*,#2136,.F.);
#984=ORIENTED_EDGE('',*,*,#2155,.T.);
#985=ORIENTED_EDGE('',*,*,#2156,.F.);
#986=ORIENTED_EDGE('',*,*,#2138,.T.);
#987=ORIENTED_EDGE('',*,*,#2153,.T.);
#988=ORIENTED_EDGE('',*,*,#2111,.F.);
#989=ORIENTED_EDGE('',*,*,#2157,.T.);
#990=ORIENTED_EDGE('',*,*,#2135,.T.);
#991=ORIENTED_EDGE('',*,*,#2158,.F.);
#992=ORIENTED_EDGE('',*,*,#2106,.F.);
#993=ORIENTED_EDGE('',*,*,#2104,.T.);
#994=ORIENTED_EDGE('',*,*,#2159,.T.);
#995=ORIENTED_EDGE('',*,*,#2133,.F.);
#996=ORIENTED_EDGE('',*,*,#2160,.F.);
#997=ORIENTED_EDGE('',*,*,#2160,.T.);
#998=ORIENTED_EDGE('',*,*,#2132,.T.);
#999=ORIENTED_EDGE('',*,*,#2157,.F.);
#1000=ORIENTED_EDGE('',*,*,#2105,.F.);
#1001=ORIENTED_EDGE('',*,*,#2107,.T.);
#1002=ORIENTED_EDGE('',*,*,#2158,.T.);
#1003=ORIENTED_EDGE('',*,*,#2134,.F.);
#1004=ORIENTED_EDGE('',*,*,#2159,.F.);
#1005=ORIENTED_EDGE('',*,*,#2161,.T.);
#1006=ORIENTED_EDGE('',*,*,#2131,.T.);
#1007=ORIENTED_EDGE('',*,*,#2162,.F.);
#1008=ORIENTED_EDGE('',*,*,#2102,.F.);
#1009=ORIENTED_EDGE('',*,*,#2100,.T.);
#1010=ORIENTED_EDGE('',*,*,#2163,.T.);
#1011=ORIENTED_EDGE('',*,*,#2129,.F.);
#1012=ORIENTED_EDGE('',*,*,#2164,.F.);
#1013=ORIENTED_EDGE('',*,*,#2164,.T.);
#1014=ORIENTED_EDGE('',*,*,#2128,.T.);
#1015=ORIENTED_EDGE('',*,*,#2161,.F.);
#1016=ORIENTED_EDGE('',*,*,#2101,.F.);
#1017=ORIENTED_EDGE('',*,*,#2103,.T.);
#1018=ORIENTED_EDGE('',*,*,#2162,.T.);
#1019=ORIENTED_EDGE('',*,*,#2130,.F.);
#1020=ORIENTED_EDGE('',*,*,#2163,.F.);
#1021=ORIENTED_EDGE('',*,*,#2165,.T.);
#1022=ORIENTED_EDGE('',*,*,#2127,.T.);
#1023=ORIENTED_EDGE('',*,*,#2166,.F.);
#1024=ORIENTED_EDGE('',*,*,#2098,.F.);
#1025=ORIENTED_EDGE('',*,*,#2096,.T.);
#1026=ORIENTED_EDGE('',*,*,#2167,.T.);
#1027=ORIENTED_EDGE('',*,*,#2125,.F.);
#1028=ORIENTED_EDGE('',*,*,#2168,.F.);
#1029=ORIENTED_EDGE('',*,*,#2168,.T.);
#1030=ORIENTED_EDGE('',*,*,#2124,.T.);
#1031=ORIENTED_EDGE('',*,*,#2165,.F.);
#1032=ORIENTED_EDGE('',*,*,#2097,.F.);
#1033=ORIENTED_EDGE('',*,*,#2099,.T.);
#1034=ORIENTED_EDGE('',*,*,#2166,.T.);
#1035=ORIENTED_EDGE('',*,*,#2126,.F.);
#1036=ORIENTED_EDGE('',*,*,#2167,.F.);
#1037=ORIENTED_EDGE('',*,*,#2169,.F.);
#1038=ORIENTED_EDGE('',*,*,#2122,.T.);
#1039=ORIENTED_EDGE('',*,*,#2170,.T.);
#1040=ORIENTED_EDGE('',*,*,#2095,.F.);
#1041=ORIENTED_EDGE('',*,*,#2093,.T.);
#1042=ORIENTED_EDGE('',*,*,#2171,.F.);
#1043=ORIENTED_EDGE('',*,*,#2120,.F.);
#1044=ORIENTED_EDGE('',*,*,#2172,.T.);
#1045=ORIENTED_EDGE('',*,*,#2092,.T.);
#1046=ORIENTED_EDGE('',*,*,#2170,.F.);
#1047=ORIENTED_EDGE('',*,*,#2121,.F.);
#1048=ORIENTED_EDGE('',*,*,#2171,.T.);
#1049=ORIENTED_EDGE('',*,*,#2172,.F.);
#1050=ORIENTED_EDGE('',*,*,#2123,.T.);
#1051=ORIENTED_EDGE('',*,*,#2169,.T.);
#1052=ORIENTED_EDGE('',*,*,#2094,.F.);
#1053=ORIENTED_EDGE('',*,*,#2173,.T.);
#1054=ORIENTED_EDGE('',*,*,#2148,.T.);
#1055=ORIENTED_EDGE('',*,*,#2173,.F.);
#1056=ORIENTED_EDGE('',*,*,#2174,.T.);
#1057=ORIENTED_EDGE('',*,*,#2147,.T.);
#1058=ORIENTED_EDGE('',*,*,#2174,.F.);
#1059=ORIENTED_EDGE('',*,*,#2175,.T.);
#1060=ORIENTED_EDGE('',*,*,#2146,.T.);
#1061=ORIENTED_EDGE('',*,*,#2175,.F.);
#1062=ORIENTED_EDGE('',*,*,#2176,.T.);
#1063=ORIENTED_EDGE('',*,*,#2145,.T.);
#1064=ORIENTED_EDGE('',*,*,#2176,.F.);
#1065=ORIENTED_EDGE('',*,*,#2090,.F.);
#1066=ORIENTED_EDGE('',*,*,#2177,.T.);
#1067=ORIENTED_EDGE('',*,*,#2177,.F.);
#1068=ORIENTED_EDGE('',*,*,#2089,.F.);
#1069=ORIENTED_EDGE('',*,*,#2178,.T.);
#1070=ORIENTED_EDGE('',*,*,#2178,.F.);
#1071=ORIENTED_EDGE('',*,*,#2088,.F.);
#1072=ORIENTED_EDGE('',*,*,#2179,.T.);
#1073=ORIENTED_EDGE('',*,*,#2179,.F.);
#1074=ORIENTED_EDGE('',*,*,#2087,.F.);
#1075=ORIENTED_EDGE('',*,*,#2180,.T.);
#1076=ORIENTED_EDGE('',*,*,#2180,.F.);
#1077=ORIENTED_EDGE('',*,*,#2181,.F.);
#1078=ORIENTED_EDGE('',*,*,#2182,.F.);
#1079=ORIENTED_EDGE('',*,*,#2183,.F.);
#1080=ORIENTED_EDGE('',*,*,#2184,.F.);
#1081=ORIENTED_EDGE('',*,*,#2185,.T.);
#1082=ORIENTED_EDGE('',*,*,#2186,.T.);
#1083=ORIENTED_EDGE('',*,*,#2187,.F.);
#1084=ORIENTED_EDGE('',*,*,#2188,.T.);
#1085=ORIENTED_EDGE('',*,*,#2189,.T.);
#1086=ORIENTED_EDGE('',*,*,#2190,.F.);
#1087=ORIENTED_EDGE('',*,*,#2191,.F.);
#1088=ORIENTED_EDGE('',*,*,#2192,.T.);
#1089=ORIENTED_EDGE('',*,*,#2193,.F.);
#1090=ORIENTED_EDGE('',*,*,#2194,.F.);
#1091=ORIENTED_EDGE('',*,*,#2195,.F.);
#1092=ORIENTED_EDGE('',*,*,#2196,.F.);
#1093=ORIENTED_EDGE('',*,*,#2197,.T.);
#1094=ORIENTED_EDGE('',*,*,#2198,.T.);
#1095=ORIENTED_EDGE('',*,*,#2199,.F.);
#1096=ORIENTED_EDGE('',*,*,#2200,.T.);
#1097=ORIENTED_EDGE('',*,*,#2201,.T.);
#1098=ORIENTED_EDGE('',*,*,#2202,.T.);
#1099=ORIENTED_EDGE('',*,*,#2203,.T.);
#1100=ORIENTED_EDGE('',*,*,#2204,.T.);
#1101=ORIENTED_EDGE('',*,*,#2205,.F.);
#1102=ORIENTED_EDGE('',*,*,#2206,.T.);
#1103=ORIENTED_EDGE('',*,*,#2207,.T.);
#1104=ORIENTED_EDGE('',*,*,#2208,.F.);
#1105=ORIENTED_EDGE('',*,*,#2209,.F.);
#1106=ORIENTED_EDGE('',*,*,#2210,.F.);
#1107=ORIENTED_EDGE('',*,*,#2211,.T.);
#1108=ORIENTED_EDGE('',*,*,#2212,.T.);
#1109=ORIENTED_EDGE('',*,*,#2213,.F.);
#1110=ORIENTED_EDGE('',*,*,#2214,.T.);
#1111=ORIENTED_EDGE('',*,*,#2215,.T.);
#1112=ORIENTED_EDGE('',*,*,#2216,.T.);
#1113=ORIENTED_EDGE('',*,*,#2217,.F.);
#1114=ORIENTED_EDGE('',*,*,#2218,.T.);
#1115=ORIENTED_EDGE('',*,*,#2219,.F.);
#1116=ORIENTED_EDGE('',*,*,#2220,.F.);
#1117=ORIENTED_EDGE('',*,*,#2221,.T.);
#1118=ORIENTED_EDGE('',*,*,#2222,.T.);
#1119=ORIENTED_EDGE('',*,*,#2223,.T.);
#1120=ORIENTED_EDGE('',*,*,#2224,.T.);
#1121=ORIENTED_EDGE('',*,*,#2225,.T.);
#1122=ORIENTED_EDGE('',*,*,#2226,.T.);
#1123=ORIENTED_EDGE('',*,*,#2227,.F.);
#1124=ORIENTED_EDGE('',*,*,#2228,.T.);
#1125=ORIENTED_EDGE('',*,*,#2229,.T.);
#1126=ORIENTED_EDGE('',*,*,#2230,.F.);
#1127=ORIENTED_EDGE('',*,*,#2231,.F.);
#1128=ORIENTED_EDGE('',*,*,#2232,.F.);
#1129=ORIENTED_EDGE('',*,*,#2233,.T.);
#1130=ORIENTED_EDGE('',*,*,#2234,.T.);
#1131=ORIENTED_EDGE('',*,*,#2235,.F.);
#1132=ORIENTED_EDGE('',*,*,#2236,.T.);
#1133=ORIENTED_EDGE('',*,*,#2237,.T.);
#1134=ORIENTED_EDGE('',*,*,#2238,.T.);
#1135=ORIENTED_EDGE('',*,*,#2239,.F.);
#1136=ORIENTED_EDGE('',*,*,#2240,.T.);
#1137=ORIENTED_EDGE('',*,*,#2241,.F.);
#1138=ORIENTED_EDGE('',*,*,#2242,.F.);
#1139=ORIENTED_EDGE('',*,*,#2243,.F.);
#1140=ORIENTED_EDGE('',*,*,#2244,.T.);
#1141=ORIENTED_EDGE('',*,*,#2245,.T.);
#1142=ORIENTED_EDGE('',*,*,#2246,.T.);
#1143=ORIENTED_EDGE('',*,*,#2247,.T.);
#1144=ORIENTED_EDGE('',*,*,#2248,.T.);
#1145=ORIENTED_EDGE('',*,*,#2249,.T.);
#1146=ORIENTED_EDGE('',*,*,#2250,.T.);
#1147=ORIENTED_EDGE('',*,*,#2251,.T.);
#1148=ORIENTED_EDGE('',*,*,#2252,.T.);
#1149=ORIENTED_EDGE('',*,*,#2253,.T.);
#1150=ORIENTED_EDGE('',*,*,#2254,.T.);
#1151=ORIENTED_EDGE('',*,*,#2255,.T.);
#1152=ORIENTED_EDGE('',*,*,#2256,.T.);
#1153=ORIENTED_EDGE('',*,*,#2257,.T.);
#1154=ORIENTED_EDGE('',*,*,#2258,.T.);
#1155=ORIENTED_EDGE('',*,*,#2259,.F.);
#1156=ORIENTED_EDGE('',*,*,#2260,.T.);
#1157=ORIENTED_EDGE('',*,*,#2261,.F.);
#1158=ORIENTED_EDGE('',*,*,#2262,.T.);
#1159=ORIENTED_EDGE('',*,*,#2263,.T.);
#1160=ORIENTED_EDGE('',*,*,#2264,.T.);
#1161=ORIENTED_EDGE('',*,*,#2265,.T.);
#1162=ORIENTED_EDGE('',*,*,#2266,.T.);
#1163=ORIENTED_EDGE('',*,*,#2267,.T.);
#1164=ORIENTED_EDGE('',*,*,#2268,.T.);
#1165=ORIENTED_EDGE('',*,*,#2269,.T.);
#1166=ORIENTED_EDGE('',*,*,#2270,.T.);
#1167=ORIENTED_EDGE('',*,*,#2271,.T.);
#1168=ORIENTED_EDGE('',*,*,#2272,.T.);
#1169=ORIENTED_EDGE('',*,*,#2273,.T.);
#1170=ORIENTED_EDGE('',*,*,#2274,.T.);
#1171=ORIENTED_EDGE('',*,*,#2275,.T.);
#1172=ORIENTED_EDGE('',*,*,#2276,.T.);
#1173=ORIENTED_EDGE('',*,*,#2277,.T.);
#1174=ORIENTED_EDGE('',*,*,#2278,.T.);
#1175=ORIENTED_EDGE('',*,*,#2279,.F.);
#1176=ORIENTED_EDGE('',*,*,#2280,.T.);
#1177=ORIENTED_EDGE('',*,*,#2281,.F.);
#1178=ORIENTED_EDGE('',*,*,#2282,.T.);
#1179=ORIENTED_EDGE('',*,*,#2283,.T.);
#1180=ORIENTED_EDGE('',*,*,#2284,.T.);
#1181=ORIENTED_EDGE('',*,*,#2285,.T.);
#1182=ORIENTED_EDGE('',*,*,#2286,.T.);
#1183=ORIENTED_EDGE('',*,*,#2287,.T.);
#1184=ORIENTED_EDGE('',*,*,#2288,.T.);
#1185=ORIENTED_EDGE('',*,*,#2289,.T.);
#1186=ORIENTED_EDGE('',*,*,#2290,.T.);
#1187=ORIENTED_EDGE('',*,*,#2291,.T.);
#1188=ORIENTED_EDGE('',*,*,#2292,.T.);
#1189=ORIENTED_EDGE('',*,*,#2293,.T.);
#1190=ORIENTED_EDGE('',*,*,#2294,.T.);
#1191=ORIENTED_EDGE('',*,*,#2295,.F.);
#1192=ORIENTED_EDGE('',*,*,#2296,.T.);
#1193=ORIENTED_EDGE('',*,*,#2297,.F.);
#1194=ORIENTED_EDGE('',*,*,#2298,.T.);
#1195=ORIENTED_EDGE('',*,*,#2299,.T.);
#1196=ORIENTED_EDGE('',*,*,#2300,.T.);
#1197=ORIENTED_EDGE('',*,*,#2301,.T.);
#1198=ORIENTED_EDGE('',*,*,#2302,.T.);
#1199=ORIENTED_EDGE('',*,*,#2303,.T.);
#1200=ORIENTED_EDGE('',*,*,#2304,.T.);
#1201=ORIENTED_EDGE('',*,*,#2305,.T.);
#1202=ORIENTED_EDGE('',*,*,#2306,.T.);
#1203=ORIENTED_EDGE('',*,*,#2307,.T.);
#1204=ORIENTED_EDGE('',*,*,#2308,.T.);
#1205=ORIENTED_EDGE('',*,*,#2309,.T.);
#1206=ORIENTED_EDGE('',*,*,#2310,.T.);
#1207=ORIENTED_EDGE('',*,*,#2311,.T.);
#1208=ORIENTED_EDGE('',*,*,#2312,.T.);
#1209=ORIENTED_EDGE('',*,*,#2313,.T.);
#1210=ORIENTED_EDGE('',*,*,#2314,.T.);
#1211=ORIENTED_EDGE('',*,*,#2315,.F.);
#1212=ORIENTED_EDGE('',*,*,#2316,.T.);
#1213=ORIENTED_EDGE('',*,*,#2317,.F.);
#1214=ORIENTED_EDGE('',*,*,#2318,.T.);
#1215=ORIENTED_EDGE('',*,*,#2319,.T.);
#1216=ORIENTED_EDGE('',*,*,#2320,.T.);
#1217=ORIENTED_EDGE('',*,*,#2321,.T.);
#1218=ORIENTED_EDGE('',*,*,#2322,.T.);
#1219=ORIENTED_EDGE('',*,*,#2323,.T.);
#1220=ORIENTED_EDGE('',*,*,#2324,.T.);
#1221=ORIENTED_EDGE('',*,*,#2325,.T.);
#1222=ORIENTED_EDGE('',*,*,#2326,.T.);
#1223=ORIENTED_EDGE('',*,*,#2327,.T.);
#1224=ORIENTED_EDGE('',*,*,#2328,.T.);
#1225=ORIENTED_EDGE('',*,*,#2329,.T.);
#1226=ORIENTED_EDGE('',*,*,#2330,.T.);
#1227=ORIENTED_EDGE('',*,*,#2331,.T.);
#1228=ORIENTED_EDGE('',*,*,#2332,.T.);
#1229=ORIENTED_EDGE('',*,*,#2333,.F.);
#1230=ORIENTED_EDGE('',*,*,#2185,.F.);
#1231=ORIENTED_EDGE('',*,*,#2333,.T.);
#1232=ORIENTED_EDGE('',*,*,#2334,.T.);
#1233=ORIENTED_EDGE('',*,*,#2335,.F.);
#1234=ORIENTED_EDGE('',*,*,#2186,.F.);
#1235=ORIENTED_EDGE('',*,*,#2335,.T.);
#1236=ORIENTED_EDGE('',*,*,#2336,.T.);
#1237=ORIENTED_EDGE('',*,*,#2337,.F.);
#1238=ORIENTED_EDGE('',*,*,#2187,.T.);
#1239=ORIENTED_EDGE('',*,*,#2338,.T.);
#1240=ORIENTED_EDGE('',*,*,#2339,.T.);
#1241=ORIENTED_EDGE('',*,*,#2340,.F.);
#1242=ORIENTED_EDGE('',*,*,#2189,.F.);
#1243=ORIENTED_EDGE('',*,*,#2340,.T.);
#1244=ORIENTED_EDGE('',*,*,#2341,.T.);
#1245=ORIENTED_EDGE('',*,*,#2342,.F.);
#1246=ORIENTED_EDGE('',*,*,#2190,.T.);
#1247=ORIENTED_EDGE('',*,*,#2342,.T.);
#1248=ORIENTED_EDGE('',*,*,#2343,.T.);
#1249=ORIENTED_EDGE('',*,*,#2344,.F.);
#1250=ORIENTED_EDGE('',*,*,#2191,.T.);
#1251=ORIENTED_EDGE('',*,*,#2345,.T.);
#1252=ORIENTED_EDGE('',*,*,#2346,.T.);
#1253=ORIENTED_EDGE('',*,*,#2347,.T.);
#1254=ORIENTED_EDGE('',*,*,#2348,.T.);
#1255=ORIENTED_EDGE('',*,*,#2349,.T.);
#1256=ORIENTED_EDGE('',*,*,#2350,.T.);
#1257=ORIENTED_EDGE('',*,*,#2351,.T.);
#1258=ORIENTED_EDGE('',*,*,#2352,.T.);
#1259=ORIENTED_EDGE('',*,*,#2208,.T.);
#1260=ORIENTED_EDGE('',*,*,#2353,.T.);
#1261=ORIENTED_EDGE('',*,*,#2354,.T.);
#1262=ORIENTED_EDGE('',*,*,#2355,.T.);
#1263=ORIENTED_EDGE('',*,*,#2356,.F.);
#1264=ORIENTED_EDGE('',*,*,#2356,.T.);
#1265=ORIENTED_EDGE('',*,*,#2357,.T.);
#1266=ORIENTED_EDGE('',*,*,#2358,.F.);
#1267=ORIENTED_EDGE('',*,*,#2209,.T.);
#1268=ORIENTED_EDGE('',*,*,#2359,.T.);
#1269=ORIENTED_EDGE('',*,*,#2360,.T.);
#1270=ORIENTED_EDGE('',*,*,#2210,.T.);
#1271=ORIENTED_EDGE('',*,*,#2358,.T.);
#1272=ORIENTED_EDGE('',*,*,#2361,.T.);
#1273=ORIENTED_EDGE('',*,*,#2362,.T.);
#1274=ORIENTED_EDGE('',*,*,#2363,.T.);
#1275=ORIENTED_EDGE('',*,*,#2364,.T.);
#1276=ORIENTED_EDGE('',*,*,#2365,.T.);
#1277=ORIENTED_EDGE('',*,*,#2366,.T.);
#1278=ORIENTED_EDGE('',*,*,#2367,.T.);
#1279=ORIENTED_EDGE('',*,*,#2368,.T.);
#1280=ORIENTED_EDGE('',*,*,#2369,.T.);
#1281=ORIENTED_EDGE('',*,*,#2370,.T.);
#1282=ORIENTED_EDGE('',*,*,#2371,.T.);
#1283=ORIENTED_EDGE('',*,*,#2372,.T.);
#1284=ORIENTED_EDGE('',*,*,#2373,.T.);
#1285=ORIENTED_EDGE('',*,*,#2374,.T.);
#1286=ORIENTED_EDGE('',*,*,#2375,.T.);
#1287=ORIENTED_EDGE('',*,*,#2376,.T.);
#1288=ORIENTED_EDGE('',*,*,#2377,.T.);
#1289=ORIENTED_EDGE('',*,*,#2217,.T.);
#1290=ORIENTED_EDGE('',*,*,#2378,.T.);
#1291=ORIENTED_EDGE('',*,*,#2379,.T.);
#1292=ORIENTED_EDGE('',*,*,#2380,.F.);
#1293=ORIENTED_EDGE('',*,*,#2380,.T.);
#1294=ORIENTED_EDGE('',*,*,#2381,.T.);
#1295=ORIENTED_EDGE('',*,*,#2382,.F.);
#1296=ORIENTED_EDGE('',*,*,#2218,.F.);
#1297=ORIENTED_EDGE('',*,*,#2383,.T.);
#1298=ORIENTED_EDGE('',*,*,#2384,.T.);
#1299=ORIENTED_EDGE('',*,*,#2245,.F.);
#1300=ORIENTED_EDGE('',*,*,#2382,.T.);
#1301=ORIENTED_EDGE('',*,*,#2385,.T.);
#1302=ORIENTED_EDGE('',*,*,#2386,.T.);
#1303=ORIENTED_EDGE('',*,*,#2387,.T.);
#1304=ORIENTED_EDGE('',*,*,#2388,.T.);
#1305=ORIENTED_EDGE('',*,*,#2243,.T.);
#1306=ORIENTED_EDGE('',*,*,#2389,.T.);
#1307=ORIENTED_EDGE('',*,*,#2390,.T.);
#1308=ORIENTED_EDGE('',*,*,#2391,.F.);
#1309=ORIENTED_EDGE('',*,*,#2391,.T.);
#1310=ORIENTED_EDGE('',*,*,#2392,.T.);
#1311=ORIENTED_EDGE('',*,*,#2393,.F.);
#1312=ORIENTED_EDGE('',*,*,#2222,.F.);
#1313=ORIENTED_EDGE('',*,*,#2394,.T.);
#1314=ORIENTED_EDGE('',*,*,#2395,.T.);
#1315=ORIENTED_EDGE('',*,*,#2223,.F.);
#1316=ORIENTED_EDGE('',*,*,#2393,.T.);
#1317=ORIENTED_EDGE('',*,*,#2396,.T.);
#1318=ORIENTED_EDGE('',*,*,#2397,.T.);
#1319=ORIENTED_EDGE('',*,*,#2398,.T.);
#1320=ORIENTED_EDGE('',*,*,#2399,.T.);
#1321=ORIENTED_EDGE('',*,*,#2400,.T.);
#1322=ORIENTED_EDGE('',*,*,#2401,.T.);
#1323=ORIENTED_EDGE('',*,*,#2402,.T.);
#1324=ORIENTED_EDGE('',*,*,#2403,.T.);
#1325=ORIENTED_EDGE('',*,*,#2404,.T.);
#1326=ORIENTED_EDGE('',*,*,#2405,.T.);
#1327=ORIENTED_EDGE('',*,*,#2406,.T.);
#1328=ORIENTED_EDGE('',*,*,#2407,.T.);
#1329=ORIENTED_EDGE('',*,*,#2408,.T.);
#1330=ORIENTED_EDGE('',*,*,#2409,.T.);
#1331=ORIENTED_EDGE('',*,*,#2410,.T.);
#1332=ORIENTED_EDGE('',*,*,#2411,.T.);
#1333=ORIENTED_EDGE('',*,*,#2230,.T.);
#1334=ORIENTED_EDGE('',*,*,#2412,.T.);
#1335=ORIENTED_EDGE('',*,*,#2413,.T.);
#1336=ORIENTED_EDGE('',*,*,#2414,.T.);
#1337=ORIENTED_EDGE('',*,*,#2415,.F.);
#1338=ORIENTED_EDGE('',*,*,#2415,.T.);
#1339=ORIENTED_EDGE('',*,*,#2416,.T.);
#1340=ORIENTED_EDGE('',*,*,#2417,.F.);
#1341=ORIENTED_EDGE('',*,*,#2231,.T.);
#1342=ORIENTED_EDGE('',*,*,#2418,.T.);
#1343=ORIENTED_EDGE('',*,*,#2419,.T.);
#1344=ORIENTED_EDGE('',*,*,#2232,.T.);
#1345=ORIENTED_EDGE('',*,*,#2417,.T.);
#1346=ORIENTED_EDGE('',*,*,#2420,.T.);
#1347=ORIENTED_EDGE('',*,*,#2421,.T.);
#1348=ORIENTED_EDGE('',*,*,#2422,.T.);
#1349=ORIENTED_EDGE('',*,*,#2423,.T.);
#1350=ORIENTED_EDGE('',*,*,#2424,.T.);
#1351=ORIENTED_EDGE('',*,*,#2425,.T.);
#1352=ORIENTED_EDGE('',*,*,#2426,.T.);
#1353=ORIENTED_EDGE('',*,*,#2427,.T.);
#1354=ORIENTED_EDGE('',*,*,#2428,.T.);
#1355=ORIENTED_EDGE('',*,*,#2429,.T.);
#1356=ORIENTED_EDGE('',*,*,#2430,.T.);
#1357=ORIENTED_EDGE('',*,*,#2431,.T.);
#1358=ORIENTED_EDGE('',*,*,#2432,.T.);
#1359=ORIENTED_EDGE('',*,*,#2433,.T.);
#1360=ORIENTED_EDGE('',*,*,#2434,.T.);
#1361=ORIENTED_EDGE('',*,*,#2435,.T.);
#1362=ORIENTED_EDGE('',*,*,#2436,.T.);
#1363=ORIENTED_EDGE('',*,*,#2239,.T.);
#1364=ORIENTED_EDGE('',*,*,#2437,.T.);
#1365=ORIENTED_EDGE('',*,*,#2438,.T.);
#1366=ORIENTED_EDGE('',*,*,#2439,.F.);
#1367=ORIENTED_EDGE('',*,*,#2439,.T.);
#1368=ORIENTED_EDGE('',*,*,#2440,.T.);
#1369=ORIENTED_EDGE('',*,*,#2441,.F.);
#1370=ORIENTED_EDGE('',*,*,#2240,.F.);
#1371=ORIENTED_EDGE('',*,*,#2442,.T.);
#1372=ORIENTED_EDGE('',*,*,#2443,.T.);
#1373=ORIENTED_EDGE('',*,*,#2444,.F.);
#1374=ORIENTED_EDGE('',*,*,#2441,.T.);
#1375=ORIENTED_EDGE('',*,*,#2445,.T.);
#1376=ORIENTED_EDGE('',*,*,#2446,.T.);
#1377=ORIENTED_EDGE('',*,*,#2447,.T.);
#1378=ORIENTED_EDGE('',*,*,#2448,.T.);
#1379=ORIENTED_EDGE('',*,*,#2449,.T.);
#1380=ORIENTED_EDGE('',*,*,#2450,.T.);
#1381=ORIENTED_EDGE('',*,*,#2451,.T.);
#1382=ORIENTED_EDGE('',*,*,#2452,.F.);
#1383=ORIENTED_EDGE('',*,*,#2452,.T.);
#1384=ORIENTED_EDGE('',*,*,#2453,.T.);
#1385=ORIENTED_EDGE('',*,*,#2454,.F.);
#1386=ORIENTED_EDGE('',*,*,#2200,.F.);
#1387=ORIENTED_EDGE('',*,*,#2455,.T.);
#1388=ORIENTED_EDGE('',*,*,#2456,.T.);
#1389=ORIENTED_EDGE('',*,*,#2201,.F.);
#1390=ORIENTED_EDGE('',*,*,#2454,.T.);
#1391=ORIENTED_EDGE('',*,*,#2457,.T.);
#1392=ORIENTED_EDGE('',*,*,#2458,.T.);
#1393=ORIENTED_EDGE('',*,*,#2459,.T.);
#1394=ORIENTED_EDGE('',*,*,#2460,.T.);
#1395=ORIENTED_EDGE('',*,*,#2461,.T.);
#1396=ORIENTED_EDGE('',*,*,#2182,.T.);
#1397=ORIENTED_EDGE('',*,*,#2462,.T.);
#1398=ORIENTED_EDGE('',*,*,#2183,.T.);
#1399=ORIENTED_EDGE('',*,*,#2463,.T.);
#1400=ORIENTED_EDGE('',*,*,#2184,.T.);
#1401=ORIENTED_EDGE('',*,*,#2337,.T.);
#1402=ORIENTED_EDGE('',*,*,#2464,.T.);
#1403=ORIENTED_EDGE('',*,*,#2331,.F.);
#1404=ORIENTED_EDGE('',*,*,#2188,.F.);
#1405=ORIENTED_EDGE('',*,*,#2344,.T.);
#1406=ORIENTED_EDGE('',*,*,#2465,.T.);
#1407=ORIENTED_EDGE('',*,*,#2338,.F.);
#1408=ORIENTED_EDGE('',*,*,#2192,.F.);
#1409=ORIENTED_EDGE('',*,*,#2466,.T.);
#1410=ORIENTED_EDGE('',*,*,#2241,.T.);
#1411=ORIENTED_EDGE('',*,*,#2467,.T.);
#1412=ORIENTED_EDGE('',*,*,#2242,.T.);
#1413=ORIENTED_EDGE('',*,*,#2468,.T.);
#1414=ORIENTED_EDGE('',*,*,#2469,.T.);
#1415=ORIENTED_EDGE('',*,*,#2470,.T.);
#1416=ORIENTED_EDGE('',*,*,#2471,.T.);
#1417=ORIENTED_EDGE('',*,*,#2472,.T.);
#1418=ORIENTED_EDGE('',*,*,#2193,.T.);
#1419=ORIENTED_EDGE('',*,*,#2473,.T.);
#1420=ORIENTED_EDGE('',*,*,#2194,.T.);
#1421=ORIENTED_EDGE('',*,*,#2474,.T.);
#1422=ORIENTED_EDGE('',*,*,#2195,.T.);
#1423=ORIENTED_EDGE('',*,*,#2475,.T.);
#1424=ORIENTED_EDGE('',*,*,#2196,.T.);
#1425=ORIENTED_EDGE('',*,*,#2476,.T.);
#1426=ORIENTED_EDGE('',*,*,#2477,.T.);
#1427=ORIENTED_EDGE('',*,*,#2478,.T.);
#1428=ORIENTED_EDGE('',*,*,#2479,.T.);
#1429=ORIENTED_EDGE('',*,*,#2480,.T.);
#1430=ORIENTED_EDGE('',*,*,#2181,.T.);
#1431=ORIENTED_EDGE('',*,*,#2481,.F.);
#1432=ORIENTED_EDGE('',*,*,#2444,.T.);
#1433=ORIENTED_EDGE('',*,*,#2482,.T.);
#1434=ORIENTED_EDGE('',*,*,#2449,.F.);
#1435=ORIENTED_EDGE('',*,*,#2471,.F.);
#1436=ORIENTED_EDGE('',*,*,#2469,.F.);
#1437=ORIENTED_EDGE('',*,*,#2483,.T.);
#1438=ORIENTED_EDGE('',*,*,#2484,.T.);
#1439=ORIENTED_EDGE('',*,*,#2485,.T.);
#1440=ORIENTED_EDGE('',*,*,#2486,.T.);
#1441=ORIENTED_EDGE('',*,*,#2487,.F.);
#1442=ORIENTED_EDGE('',*,*,#2202,.F.);
#1443=ORIENTED_EDGE('',*,*,#2488,.F.);
#1444=ORIENTED_EDGE('',*,*,#2458,.F.);
#1445=ORIENTED_EDGE('',*,*,#2488,.T.);
#1446=ORIENTED_EDGE('',*,*,#2456,.F.);
#1447=ORIENTED_EDGE('',*,*,#2489,.F.);
#1448=ORIENTED_EDGE('',*,*,#2459,.F.);
#1449=ORIENTED_EDGE('',*,*,#2490,.F.);
#1450=ORIENTED_EDGE('',*,*,#2487,.T.);
#1451=ORIENTED_EDGE('',*,*,#2491,.F.);
#1452=ORIENTED_EDGE('',*,*,#2492,.F.);
#1453=ORIENTED_EDGE('',*,*,#2493,.F.);
#1454=ORIENTED_EDGE('',*,*,#2489,.T.);
#1455=ORIENTED_EDGE('',*,*,#2493,.T.);
#1456=ORIENTED_EDGE('',*,*,#2486,.F.);
#1457=ORIENTED_EDGE('',*,*,#2494,.F.);
#1458=ORIENTED_EDGE('',*,*,#2460,.F.);
#1459=ORIENTED_EDGE('',*,*,#2491,.T.);
#1460=ORIENTED_EDGE('',*,*,#2457,.F.);
#1461=ORIENTED_EDGE('',*,*,#2495,.F.);
#1462=ORIENTED_EDGE('',*,*,#2478,.F.);
#1463=ORIENTED_EDGE('',*,*,#2490,.T.);
#1464=ORIENTED_EDGE('',*,*,#2477,.F.);
#1465=ORIENTED_EDGE('',*,*,#2496,.F.);
#1466=ORIENTED_EDGE('',*,*,#2203,.F.);
#1467=ORIENTED_EDGE('',*,*,#2497,.F.);
#1468=ORIENTED_EDGE('',*,*,#2301,.F.);
#1469=ORIENTED_EDGE('',*,*,#2498,.F.);
#1470=ORIENTED_EDGE('',*,*,#2483,.F.);
#1471=ORIENTED_EDGE('',*,*,#2492,.T.);
#1472=ORIENTED_EDGE('',*,*,#2455,.F.);
#1473=ORIENTED_EDGE('',*,*,#2475,.F.);
#1474=ORIENTED_EDGE('',*,*,#2498,.T.);
#1475=ORIENTED_EDGE('',*,*,#2300,.F.);
#1476=ORIENTED_EDGE('',*,*,#2499,.F.);
#1477=ORIENTED_EDGE('',*,*,#2484,.F.);
#1478=ORIENTED_EDGE('',*,*,#2495,.T.);
#1479=ORIENTED_EDGE('',*,*,#2494,.T.);
#1480=ORIENTED_EDGE('',*,*,#2500,.F.);
#1481=ORIENTED_EDGE('',*,*,#2501,.F.);
#1482=ORIENTED_EDGE('',*,*,#2496,.T.);
#1483=ORIENTED_EDGE('',*,*,#2502,.F.);
#1484=ORIENTED_EDGE('',*,*,#2497,.T.);
#1485=ORIENTED_EDGE('',*,*,#2453,.F.);
#1486=ORIENTED_EDGE('',*,*,#2503,.F.);
#1487=ORIENTED_EDGE('',*,*,#2302,.F.);
#1488=ORIENTED_EDGE('',*,*,#2470,.F.);
#1489=ORIENTED_EDGE('',*,*,#2504,.F.);
#1490=ORIENTED_EDGE('',*,*,#2304,.F.);
#1491=ORIENTED_EDGE('',*,*,#2499,.T.);
#1492=ORIENTED_EDGE('',*,*,#2299,.F.);
#1493=ORIENTED_EDGE('',*,*,#2505,.F.);
#1494=ORIENTED_EDGE('',*,*,#2479,.F.);
#1495=ORIENTED_EDGE('',*,*,#2500,.T.);
#1496=ORIENTED_EDGE('',*,*,#2485,.F.);
#1497=ORIENTED_EDGE('',*,*,#2502,.T.);
#1498=ORIENTED_EDGE('',*,*,#2476,.F.);
#1499=ORIENTED_EDGE('',*,*,#2506,.F.);
#1500=ORIENTED_EDGE('',*,*,#2347,.F.);
#1501=ORIENTED_EDGE('',*,*,#2501,.T.);
#1502=ORIENTED_EDGE('',*,*,#2346,.F.);
#1503=ORIENTED_EDGE('',*,*,#2507,.F.);
#1504=ORIENTED_EDGE('',*,*,#2204,.F.);
#1505=ORIENTED_EDGE('',*,*,#2508,.F.);
#1506=ORIENTED_EDGE('',*,*,#2450,.F.);
#1507=ORIENTED_EDGE('',*,*,#2509,.F.);
#1508=ORIENTED_EDGE('',*,*,#2445,.F.);
#1509=ORIENTED_EDGE('',*,*,#2503,.T.);
#1510=ORIENTED_EDGE('',*,*,#2451,.F.);
#1511=ORIENTED_EDGE('',*,*,#2510,.F.);
#1512=ORIENTED_EDGE('',*,*,#2305,.F.);
#1513=ORIENTED_EDGE('',*,*,#2504,.T.);
#1514=ORIENTED_EDGE('',*,*,#2303,.F.);
#1515=ORIENTED_EDGE('',*,*,#2506,.T.);
#1516=ORIENTED_EDGE('',*,*,#2505,.T.);
#1517=ORIENTED_EDGE('',*,*,#2511,.F.);
#1518=ORIENTED_EDGE('',*,*,#2205,.T.);
#1519=ORIENTED_EDGE('',*,*,#2507,.T.);
#1520=ORIENTED_EDGE('',*,*,#2512,.F.);
#1521=ORIENTED_EDGE('',*,*,#2513,.F.);
#1522=ORIENTED_EDGE('',*,*,#2509,.T.);
#1523=ORIENTED_EDGE('',*,*,#2482,.F.);
#1524=ORIENTED_EDGE('',*,*,#2514,.F.);
#1525=ORIENTED_EDGE('',*,*,#2446,.F.);
#1526=ORIENTED_EDGE('',*,*,#2510,.T.);
#1527=ORIENTED_EDGE('',*,*,#2508,.T.);
#1528=ORIENTED_EDGE('',*,*,#2515,.F.);
#1529=ORIENTED_EDGE('',*,*,#2462,.F.);
#1530=ORIENTED_EDGE('',*,*,#2516,.F.);
#1531=ORIENTED_EDGE('',*,*,#2288,.F.);
#1532=ORIENTED_EDGE('',*,*,#2511,.T.);
#1533=ORIENTED_EDGE('',*,*,#2298,.F.);
#1534=ORIENTED_EDGE('',*,*,#2517,.F.);
#1535=ORIENTED_EDGE('',*,*,#2348,.F.);
#1536=ORIENTED_EDGE('',*,*,#2512,.T.);
#1537=ORIENTED_EDGE('',*,*,#2345,.F.);
#1538=ORIENTED_EDGE('',*,*,#2518,.F.);
#1539=ORIENTED_EDGE('',*,*,#2351,.F.);
#1540=ORIENTED_EDGE('',*,*,#2513,.T.);
#1541=ORIENTED_EDGE('',*,*,#2350,.F.);
#1542=ORIENTED_EDGE('',*,*,#2519,.F.);
#1543=ORIENTED_EDGE('',*,*,#2206,.F.);
#1544=ORIENTED_EDGE('',*,*,#2514,.T.);
#1545=ORIENTED_EDGE('',*,*,#2443,.F.);
#1546=ORIENTED_EDGE('',*,*,#2520,.F.);
#1547=ORIENTED_EDGE('',*,*,#2447,.F.);
#1548=ORIENTED_EDGE('',*,*,#2515,.T.);
#1549=ORIENTED_EDGE('',*,*,#2448,.F.);
#1550=ORIENTED_EDGE('',*,*,#2521,.F.);
#1551=ORIENTED_EDGE('',*,*,#2306,.F.);
#1552=ORIENTED_EDGE('',*,*,#2516,.T.);
#1553=ORIENTED_EDGE('',*,*,#2287,.F.);
#1554=ORIENTED_EDGE('',*,*,#2522,.F.);
#1555=ORIENTED_EDGE('',*,*,#2332,.F.);
#1556=ORIENTED_EDGE('',*,*,#2523,.F.);
#1557=ORIENTED_EDGE('',*,*,#2289,.F.);
#1558=ORIENTED_EDGE('',*,*,#2517,.T.);
#1559=ORIENTED_EDGE('',*,*,#2297,.T.);
#1560=ORIENTED_EDGE('',*,*,#2524,.F.);
#1561=ORIENTED_EDGE('',*,*,#2518,.T.);
#1562=ORIENTED_EDGE('',*,*,#2207,.F.);
#1563=ORIENTED_EDGE('',*,*,#2519,.T.);
#1564=ORIENTED_EDGE('',*,*,#2525,.F.);
#1565=ORIENTED_EDGE('',*,*,#2353,.F.);
#1566=ORIENTED_EDGE('',*,*,#2521,.T.);
#1567=ORIENTED_EDGE('',*,*,#2520,.T.);
#1568=ORIENTED_EDGE('',*,*,#2526,.F.);
#1569=ORIENTED_EDGE('',*,*,#2468,.F.);
#1570=ORIENTED_EDGE('',*,*,#2527,.F.);
#1571=ORIENTED_EDGE('',*,*,#2308,.F.);
#1572=ORIENTED_EDGE('',*,*,#2522,.T.);
#1573=ORIENTED_EDGE('',*,*,#2286,.F.);
#1574=ORIENTED_EDGE('',*,*,#2528,.F.);
#1575=ORIENTED_EDGE('',*,*,#2334,.F.);
#1576=ORIENTED_EDGE('',*,*,#2523,.T.);
#1577=ORIENTED_EDGE('',*,*,#2464,.F.);
#1578=ORIENTED_EDGE('',*,*,#2529,.F.);
#1579=ORIENTED_EDGE('',*,*,#2290,.F.);
#1580=ORIENTED_EDGE('',*,*,#2524,.T.);
#1581=ORIENTED_EDGE('',*,*,#2296,.F.);
#1582=ORIENTED_EDGE('',*,*,#2530,.F.);
#1583=ORIENTED_EDGE('',*,*,#2352,.F.);
#1584=ORIENTED_EDGE('',*,*,#2525,.T.);
#1585=ORIENTED_EDGE('',*,*,#2349,.F.);
#1586=ORIENTED_EDGE('',*,*,#2531,.F.);
#1587=ORIENTED_EDGE('',*,*,#2354,.F.);
#1588=ORIENTED_EDGE('',*,*,#2532,.F.);
#1589=ORIENTED_EDGE('',*,*,#2434,.F.);
#1590=ORIENTED_EDGE('',*,*,#2533,.F.);
#1591=ORIENTED_EDGE('',*,*,#2238,.F.);
#1592=ORIENTED_EDGE('',*,*,#2533,.T.);
#1593=ORIENTED_EDGE('',*,*,#2433,.F.);
#1594=ORIENTED_EDGE('',*,*,#2534,.F.);
#1595=ORIENTED_EDGE('',*,*,#2437,.F.);
#1596=ORIENTED_EDGE('',*,*,#2526,.T.);
#1597=ORIENTED_EDGE('',*,*,#2442,.F.);
#1598=ORIENTED_EDGE('',*,*,#2535,.F.);
#1599=ORIENTED_EDGE('',*,*,#2309,.F.);
#1600=ORIENTED_EDGE('',*,*,#2527,.T.);
#1601=ORIENTED_EDGE('',*,*,#2307,.F.);
#1602=ORIENTED_EDGE('',*,*,#2528,.T.);
#1603=ORIENTED_EDGE('',*,*,#2285,.F.);
#1604=ORIENTED_EDGE('',*,*,#2536,.F.);
#1605=ORIENTED_EDGE('',*,*,#2291,.F.);
#1606=ORIENTED_EDGE('',*,*,#2529,.T.);
#1607=ORIENTED_EDGE('',*,*,#2336,.F.);
#1608=ORIENTED_EDGE('',*,*,#2530,.T.);
#1609=ORIENTED_EDGE('',*,*,#2295,.T.);
#1610=ORIENTED_EDGE('',*,*,#2537,.F.);
#1611=ORIENTED_EDGE('',*,*,#2531,.T.);
#1612=ORIENTED_EDGE('',*,*,#2538,.F.);
#1613=ORIENTED_EDGE('',*,*,#2532,.T.);
#1614=ORIENTED_EDGE('',*,*,#2539,.F.);
#1615=ORIENTED_EDGE('',*,*,#2540,.F.);
#1616=ORIENTED_EDGE('',*,*,#2534,.T.);
#1617=ORIENTED_EDGE('',*,*,#2541,.F.);
#1618=ORIENTED_EDGE('',*,*,#2535,.T.);
#1619=ORIENTED_EDGE('',*,*,#2440,.F.);
#1620=ORIENTED_EDGE('',*,*,#2542,.F.);
#1621=ORIENTED_EDGE('',*,*,#2310,.F.);
#1622=ORIENTED_EDGE('',*,*,#2461,.F.);
#1623=ORIENTED_EDGE('',*,*,#2536,.T.);
#1624=ORIENTED_EDGE('',*,*,#2284,.F.);
#1625=ORIENTED_EDGE('',*,*,#2543,.F.);
#1626=ORIENTED_EDGE('',*,*,#2292,.F.);
#1627=ORIENTED_EDGE('',*,*,#2537,.T.);
#1628=ORIENTED_EDGE('',*,*,#2294,.F.);
#1629=ORIENTED_EDGE('',*,*,#2544,.F.);
#1630=ORIENTED_EDGE('',*,*,#2355,.F.);
#1631=ORIENTED_EDGE('',*,*,#2539,.T.);
#1632=ORIENTED_EDGE('',*,*,#2237,.F.);
#1633=ORIENTED_EDGE('',*,*,#2545,.F.);
#1634=ORIENTED_EDGE('',*,*,#2430,.F.);
#1635=ORIENTED_EDGE('',*,*,#2538,.T.);
#1636=ORIENTED_EDGE('',*,*,#2429,.F.);
#1637=ORIENTED_EDGE('',*,*,#2546,.F.);
#1638=ORIENTED_EDGE('',*,*,#2435,.F.);
#1639=ORIENTED_EDGE('',*,*,#2541,.T.);
#1640=ORIENTED_EDGE('',*,*,#2436,.F.);
#1641=ORIENTED_EDGE('',*,*,#2547,.F.);
#1642=ORIENTED_EDGE('',*,*,#2258,.F.);
#1643=ORIENTED_EDGE('',*,*,#2540,.T.);
#1644=ORIENTED_EDGE('',*,*,#2257,.F.);
#1645=ORIENTED_EDGE('',*,*,#2548,.F.);
#1646=ORIENTED_EDGE('',*,*,#2311,.F.);
#1647=ORIENTED_EDGE('',*,*,#2542,.T.);
#1648=ORIENTED_EDGE('',*,*,#2438,.F.);
#1649=ORIENTED_EDGE('',*,*,#2543,.T.);
#1650=ORIENTED_EDGE('',*,*,#2283,.F.);
#1651=ORIENTED_EDGE('',*,*,#2549,.F.);
#1652=ORIENTED_EDGE('',*,*,#2357,.F.);
#1653=ORIENTED_EDGE('',*,*,#2544,.T.);
#1654=ORIENTED_EDGE('',*,*,#2293,.F.);
#1655=ORIENTED_EDGE('',*,*,#2211,.F.);
#1656=ORIENTED_EDGE('',*,*,#2360,.F.);
#1657=ORIENTED_EDGE('',*,*,#2550,.F.);
#1658=ORIENTED_EDGE('',*,*,#2551,.F.);
#1659=ORIENTED_EDGE('',*,*,#2552,.F.);
#1660=ORIENTED_EDGE('',*,*,#2545,.T.);
#1661=ORIENTED_EDGE('',*,*,#2553,.F.);
#1662=ORIENTED_EDGE('',*,*,#2547,.T.);
#1663=ORIENTED_EDGE('',*,*,#2546,.T.);
#1664=ORIENTED_EDGE('',*,*,#2554,.F.);
#1665=ORIENTED_EDGE('',*,*,#2474,.F.);
#1666=ORIENTED_EDGE('',*,*,#2548,.T.);
#1667=ORIENTED_EDGE('',*,*,#2256,.F.);
#1668=ORIENTED_EDGE('',*,*,#2555,.F.);
#1669=ORIENTED_EDGE('',*,*,#2312,.F.);
#1670=ORIENTED_EDGE('',*,*,#2549,.T.);
#1671=ORIENTED_EDGE('',*,*,#2282,.F.);
#1672=ORIENTED_EDGE('',*,*,#2556,.F.);
#1673=ORIENTED_EDGE('',*,*,#2361,.F.);
#1674=ORIENTED_EDGE('',*,*,#2550,.T.);
#1675=ORIENTED_EDGE('',*,*,#2359,.F.);
#1676=ORIENTED_EDGE('',*,*,#2557,.F.);
#1677=ORIENTED_EDGE('',*,*,#2364,.F.);
#1678=ORIENTED_EDGE('',*,*,#2551,.T.);
#1679=ORIENTED_EDGE('',*,*,#2363,.F.);
#1680=ORIENTED_EDGE('',*,*,#2558,.F.);
#1681=ORIENTED_EDGE('',*,*,#2212,.F.);
#1682=ORIENTED_EDGE('',*,*,#2553,.T.);
#1683=ORIENTED_EDGE('',*,*,#2236,.F.);
#1684=ORIENTED_EDGE('',*,*,#2559,.F.);
#1685=ORIENTED_EDGE('',*,*,#2426,.F.);
#1686=ORIENTED_EDGE('',*,*,#2552,.T.);
#1687=ORIENTED_EDGE('',*,*,#2425,.F.);
#1688=ORIENTED_EDGE('',*,*,#2560,.F.);
#1689=ORIENTED_EDGE('',*,*,#2431,.F.);
#1690=ORIENTED_EDGE('',*,*,#2554,.T.);
#1691=ORIENTED_EDGE('',*,*,#2432,.F.);
#1692=ORIENTED_EDGE('',*,*,#2561,.F.);
#1693=ORIENTED_EDGE('',*,*,#2313,.F.);
#1694=ORIENTED_EDGE('',*,*,#2555,.T.);
#1695=ORIENTED_EDGE('',*,*,#2255,.F.);
#1696=ORIENTED_EDGE('',*,*,#2556,.T.);
#1697=ORIENTED_EDGE('',*,*,#2281,.T.);
#1698=ORIENTED_EDGE('',*,*,#2562,.F.);
#1699=ORIENTED_EDGE('',*,*,#2557,.T.);
#1700=ORIENTED_EDGE('',*,*,#2213,.T.);
#1701=ORIENTED_EDGE('',*,*,#2558,.T.);
#1702=ORIENTED_EDGE('',*,*,#2563,.F.);
#1703=ORIENTED_EDGE('',*,*,#2564,.F.);
#1704=ORIENTED_EDGE('',*,*,#2559,.T.);
#1705=ORIENTED_EDGE('',*,*,#2235,.T.);
#1706=ORIENTED_EDGE('',*,*,#2565,.F.);
#1707=ORIENTED_EDGE('',*,*,#2566,.F.);
#1708=ORIENTED_EDGE('',*,*,#2561,.T.);
#1709=ORIENTED_EDGE('',*,*,#2560,.T.);
#1710=ORIENTED_EDGE('',*,*,#2567,.F.);
#1711=ORIENTED_EDGE('',*,*,#2562,.T.);
#1712=ORIENTED_EDGE('',*,*,#2280,.F.);
#1713=ORIENTED_EDGE('',*,*,#2568,.F.);
#1714=ORIENTED_EDGE('',*,*,#2365,.F.);
#1715=ORIENTED_EDGE('',*,*,#2563,.T.);
#1716=ORIENTED_EDGE('',*,*,#2362,.F.);
#1717=ORIENTED_EDGE('',*,*,#2569,.F.);
#1718=ORIENTED_EDGE('',*,*,#2368,.F.);
#1719=ORIENTED_EDGE('',*,*,#2564,.T.);
#1720=ORIENTED_EDGE('',*,*,#2367,.F.);
#1721=ORIENTED_EDGE('',*,*,#2570,.F.);
#1722=ORIENTED_EDGE('',*,*,#2214,.F.);
#1723=ORIENTED_EDGE('',*,*,#2565,.T.);
#1724=ORIENTED_EDGE('',*,*,#2234,.F.);
#1725=ORIENTED_EDGE('',*,*,#2571,.F.);
#1726=ORIENTED_EDGE('',*,*,#2422,.F.);
#1727=ORIENTED_EDGE('',*,*,#2566,.T.);
#1728=ORIENTED_EDGE('',*,*,#2421,.F.);
#1729=ORIENTED_EDGE('',*,*,#2572,.F.);
#1730=ORIENTED_EDGE('',*,*,#2427,.F.);
#1731=ORIENTED_EDGE('',*,*,#2567,.T.);
#1732=ORIENTED_EDGE('',*,*,#2428,.F.);
#1733=ORIENTED_EDGE('',*,*,#2573,.F.);
#1734=ORIENTED_EDGE('',*,*,#2314,.F.);
#1735=ORIENTED_EDGE('',*,*,#2463,.F.);
#1736=ORIENTED_EDGE('',*,*,#2574,.F.);
#1737=ORIENTED_EDGE('',*,*,#2324,.F.);
#1738=ORIENTED_EDGE('',*,*,#2568,.T.);
#1739=ORIENTED_EDGE('',*,*,#2279,.T.);
#1740=ORIENTED_EDGE('',*,*,#2575,.F.);
#1741=ORIENTED_EDGE('',*,*,#2569,.T.);
#1742=ORIENTED_EDGE('',*,*,#2576,.F.);
#1743=ORIENTED_EDGE('',*,*,#2577,.F.);
#1744=ORIENTED_EDGE('',*,*,#2570,.T.);
#1745=ORIENTED_EDGE('',*,*,#2577,.T.);
#1746=ORIENTED_EDGE('',*,*,#2371,.F.);
#1747=ORIENTED_EDGE('',*,*,#2578,.F.);
#1748=ORIENTED_EDGE('',*,*,#2215,.F.);
#1749=ORIENTED_EDGE('',*,*,#2233,.F.);
#1750=ORIENTED_EDGE('',*,*,#2419,.F.);
#1751=ORIENTED_EDGE('',*,*,#2579,.F.);
#1752=ORIENTED_EDGE('',*,*,#2571,.T.);
#1753=ORIENTED_EDGE('',*,*,#2573,.T.);
#1754=ORIENTED_EDGE('',*,*,#2572,.T.);
#1755=ORIENTED_EDGE('',*,*,#2580,.F.);
#1756=ORIENTED_EDGE('',*,*,#2315,.T.);
#1757=ORIENTED_EDGE('',*,*,#2574,.T.);
#1758=ORIENTED_EDGE('',*,*,#2323,.F.);
#1759=ORIENTED_EDGE('',*,*,#2581,.F.);
#1760=ORIENTED_EDGE('',*,*,#2341,.F.);
#1761=ORIENTED_EDGE('',*,*,#2582,.F.);
#1762=ORIENTED_EDGE('',*,*,#2325,.F.);
#1763=ORIENTED_EDGE('',*,*,#2575,.T.);
#1764=ORIENTED_EDGE('',*,*,#2278,.F.);
#1765=ORIENTED_EDGE('',*,*,#2583,.F.);
#1766=ORIENTED_EDGE('',*,*,#2369,.F.);
#1767=ORIENTED_EDGE('',*,*,#2576,.T.);
#1768=ORIENTED_EDGE('',*,*,#2366,.F.);
#1769=ORIENTED_EDGE('',*,*,#2584,.F.);
#1770=ORIENTED_EDGE('',*,*,#2372,.F.);
#1771=ORIENTED_EDGE('',*,*,#2585,.F.);
#1772=ORIENTED_EDGE('',*,*,#2370,.F.);
#1773=ORIENTED_EDGE('',*,*,#2586,.F.);
#1774=ORIENTED_EDGE('',*,*,#2376,.F.);
#1775=ORIENTED_EDGE('',*,*,#2578,.T.);
#1776=ORIENTED_EDGE('',*,*,#2585,.T.);
#1777=ORIENTED_EDGE('',*,*,#2587,.F.);
#1778=ORIENTED_EDGE('',*,*,#2579,.T.);
#1779=ORIENTED_EDGE('',*,*,#2418,.F.);
#1780=ORIENTED_EDGE('',*,*,#2588,.F.);
#1781=ORIENTED_EDGE('',*,*,#2423,.F.);
#1782=ORIENTED_EDGE('',*,*,#2580,.T.);
#1783=ORIENTED_EDGE('',*,*,#2424,.F.);
#1784=ORIENTED_EDGE('',*,*,#2589,.F.);
#1785=ORIENTED_EDGE('',*,*,#2316,.F.);
#1786=ORIENTED_EDGE('',*,*,#2581,.T.);
#1787=ORIENTED_EDGE('',*,*,#2322,.F.);
#1788=ORIENTED_EDGE('',*,*,#2590,.F.);
#1789=ORIENTED_EDGE('',*,*,#2343,.F.);
#1790=ORIENTED_EDGE('',*,*,#2582,.T.);
#1791=ORIENTED_EDGE('',*,*,#2339,.F.);
#1792=ORIENTED_EDGE('',*,*,#2591,.F.);
#1793=ORIENTED_EDGE('',*,*,#2326,.F.);
#1794=ORIENTED_EDGE('',*,*,#2584,.T.);
#1795=ORIENTED_EDGE('',*,*,#2583,.T.);
#1796=ORIENTED_EDGE('',*,*,#2592,.F.);
#1797=ORIENTED_EDGE('',*,*,#2593,.F.);
#1798=ORIENTED_EDGE('',*,*,#2586,.T.);
#1799=ORIENTED_EDGE('',*,*,#2594,.F.);
#1800=ORIENTED_EDGE('',*,*,#2587,.T.);
#1801=ORIENTED_EDGE('',*,*,#2375,.F.);
#1802=ORIENTED_EDGE('',*,*,#2595,.F.);
#1803=ORIENTED_EDGE('',*,*,#2216,.F.);
#1804=ORIENTED_EDGE('',*,*,#2589,.T.);
#1805=ORIENTED_EDGE('',*,*,#2588,.T.);
#1806=ORIENTED_EDGE('',*,*,#2596,.F.);
#1807=ORIENTED_EDGE('',*,*,#2317,.T.);
#1808=ORIENTED_EDGE('',*,*,#2590,.T.);
#1809=ORIENTED_EDGE('',*,*,#2321,.F.);
#1810=ORIENTED_EDGE('',*,*,#2597,.F.);
#1811=ORIENTED_EDGE('',*,*,#2327,.F.);
#1812=ORIENTED_EDGE('',*,*,#2591,.T.);
#1813=ORIENTED_EDGE('',*,*,#2465,.F.);
#1814=ORIENTED_EDGE('',*,*,#2592,.T.);
#1815=ORIENTED_EDGE('',*,*,#2277,.F.);
#1816=ORIENTED_EDGE('',*,*,#2598,.F.);
#1817=ORIENTED_EDGE('',*,*,#2247,.F.);
#1818=ORIENTED_EDGE('',*,*,#2594,.T.);
#1819=ORIENTED_EDGE('',*,*,#2373,.F.);
#1820=ORIENTED_EDGE('',*,*,#2593,.T.);
#1821=ORIENTED_EDGE('',*,*,#2250,.F.);
#1822=ORIENTED_EDGE('',*,*,#2599,.F.);
#1823=ORIENTED_EDGE('',*,*,#2377,.F.);
#1824=ORIENTED_EDGE('',*,*,#2595,.T.);
#1825=ORIENTED_EDGE('',*,*,#2374,.F.);
#1826=ORIENTED_EDGE('',*,*,#2600,.F.);
#1827=ORIENTED_EDGE('',*,*,#2378,.F.);
#1828=ORIENTED_EDGE('',*,*,#2596,.T.);
#1829=ORIENTED_EDGE('',*,*,#2420,.F.);
#1830=ORIENTED_EDGE('',*,*,#2601,.F.);
#1831=ORIENTED_EDGE('',*,*,#2318,.F.);
#1832=ORIENTED_EDGE('',*,*,#2480,.F.);
#1833=ORIENTED_EDGE('',*,*,#2597,.T.);
#1834=ORIENTED_EDGE('',*,*,#2320,.F.);
#1835=ORIENTED_EDGE('',*,*,#2602,.F.);
#1836=ORIENTED_EDGE('',*,*,#2328,.F.);
#1837=ORIENTED_EDGE('',*,*,#2472,.F.);
#1838=ORIENTED_EDGE('',*,*,#2598,.T.);
#1839=ORIENTED_EDGE('',*,*,#2276,.F.);
#1840=ORIENTED_EDGE('',*,*,#2603,.F.);
#1841=ORIENTED_EDGE('',*,*,#2248,.F.);
#1842=ORIENTED_EDGE('',*,*,#2600,.T.);
#1843=ORIENTED_EDGE('',*,*,#2599,.T.);
#1844=ORIENTED_EDGE('',*,*,#2604,.F.);
#1845=ORIENTED_EDGE('',*,*,#2601,.T.);
#1846=ORIENTED_EDGE('',*,*,#2416,.F.);
#1847=ORIENTED_EDGE('',*,*,#2605,.F.);
#1848=ORIENTED_EDGE('',*,*,#2329,.F.);
#1849=ORIENTED_EDGE('',*,*,#2602,.T.);
#1850=ORIENTED_EDGE('',*,*,#2319,.F.);
#1851=ORIENTED_EDGE('',*,*,#2603,.T.);
#1852=ORIENTED_EDGE('',*,*,#2275,.F.);
#1853=ORIENTED_EDGE('',*,*,#2606,.F.);
#1854=ORIENTED_EDGE('',*,*,#2379,.F.);
#1855=ORIENTED_EDGE('',*,*,#2604,.T.);
#1856=ORIENTED_EDGE('',*,*,#2249,.F.);
#1857=ORIENTED_EDGE('',*,*,#2605,.T.);
#1858=ORIENTED_EDGE('',*,*,#2414,.F.);
#1859=ORIENTED_EDGE('',*,*,#2607,.F.);
#1860=ORIENTED_EDGE('',*,*,#2330,.F.);
#1861=ORIENTED_EDGE('',*,*,#2466,.F.);
#1862=ORIENTED_EDGE('',*,*,#2608,.F.);
#1863=ORIENTED_EDGE('',*,*,#2272,.F.);
#1864=ORIENTED_EDGE('',*,*,#2606,.T.);
#1865=ORIENTED_EDGE('',*,*,#2274,.F.);
#1866=ORIENTED_EDGE('',*,*,#2609,.F.);
#1867=ORIENTED_EDGE('',*,*,#2381,.F.);
#1868=ORIENTED_EDGE('',*,*,#2259,.T.);
#1869=ORIENTED_EDGE('',*,*,#2607,.T.);
#1870=ORIENTED_EDGE('',*,*,#2610,.F.);
#1871=ORIENTED_EDGE('',*,*,#2611,.F.);
#1872=ORIENTED_EDGE('',*,*,#2608,.T.);
#1873=ORIENTED_EDGE('',*,*,#2271,.F.);
#1874=ORIENTED_EDGE('',*,*,#2612,.F.);
#1875=ORIENTED_EDGE('',*,*,#2383,.F.);
#1876=ORIENTED_EDGE('',*,*,#2609,.T.);
#1877=ORIENTED_EDGE('',*,*,#2273,.F.);
#1878=ORIENTED_EDGE('',*,*,#2613,.F.);
#1879=ORIENTED_EDGE('',*,*,#2384,.F.);
#1880=ORIENTED_EDGE('',*,*,#2614,.F.);
#1881=ORIENTED_EDGE('',*,*,#2387,.F.);
#1882=ORIENTED_EDGE('',*,*,#2610,.T.);
#1883=ORIENTED_EDGE('',*,*,#2413,.F.);
#1884=ORIENTED_EDGE('',*,*,#2615,.F.);
#1885=ORIENTED_EDGE('',*,*,#2408,.F.);
#1886=ORIENTED_EDGE('',*,*,#2611,.T.);
#1887=ORIENTED_EDGE('',*,*,#2411,.F.);
#1888=ORIENTED_EDGE('',*,*,#2616,.F.);
#1889=ORIENTED_EDGE('',*,*,#2260,.F.);
#1890=ORIENTED_EDGE('',*,*,#2614,.T.);
#1891=ORIENTED_EDGE('',*,*,#2612,.T.);
#1892=ORIENTED_EDGE('',*,*,#2617,.F.);
#1893=ORIENTED_EDGE('',*,*,#2613,.T.);
#1894=ORIENTED_EDGE('',*,*,#2386,.F.);
#1895=ORIENTED_EDGE('',*,*,#2618,.F.);
#1896=ORIENTED_EDGE('',*,*,#2246,.F.);
#1897=ORIENTED_EDGE('',*,*,#2412,.F.);
#1898=ORIENTED_EDGE('',*,*,#2229,.F.);
#1899=ORIENTED_EDGE('',*,*,#2619,.F.);
#1900=ORIENTED_EDGE('',*,*,#2615,.T.);
#1901=ORIENTED_EDGE('',*,*,#2261,.T.);
#1902=ORIENTED_EDGE('',*,*,#2616,.T.);
#1903=ORIENTED_EDGE('',*,*,#2620,.F.);
#1904=ORIENTED_EDGE('',*,*,#2621,.F.);
#1905=ORIENTED_EDGE('',*,*,#2617,.T.);
#1906=ORIENTED_EDGE('',*,*,#2270,.F.);
#1907=ORIENTED_EDGE('',*,*,#2622,.F.);
#1908=ORIENTED_EDGE('',*,*,#2388,.F.);
#1909=ORIENTED_EDGE('',*,*,#2618,.T.);
#1910=ORIENTED_EDGE('',*,*,#2385,.F.);
#1911=ORIENTED_EDGE('',*,*,#2623,.F.);
#1912=ORIENTED_EDGE('',*,*,#2389,.F.);
#1913=ORIENTED_EDGE('',*,*,#2619,.T.);
#1914=ORIENTED_EDGE('',*,*,#2228,.F.);
#1915=ORIENTED_EDGE('',*,*,#2624,.F.);
#1916=ORIENTED_EDGE('',*,*,#2409,.F.);
#1917=ORIENTED_EDGE('',*,*,#2620,.T.);
#1918=ORIENTED_EDGE('',*,*,#2410,.F.);
#1919=ORIENTED_EDGE('',*,*,#2625,.F.);
#1920=ORIENTED_EDGE('',*,*,#2404,.F.);
#1921=ORIENTED_EDGE('',*,*,#2621,.T.);
#1922=ORIENTED_EDGE('',*,*,#2407,.F.);
#1923=ORIENTED_EDGE('',*,*,#2626,.F.);
#1924=ORIENTED_EDGE('',*,*,#2262,.F.);
#1925=ORIENTED_EDGE('',*,*,#2467,.F.);
#1926=ORIENTED_EDGE('',*,*,#2268,.F.);
#1927=ORIENTED_EDGE('',*,*,#2627,.F.);
#1928=ORIENTED_EDGE('',*,*,#2623,.T.);
#1929=ORIENTED_EDGE('',*,*,#2622,.T.);
#1930=ORIENTED_EDGE('',*,*,#2628,.F.);
#1931=ORIENTED_EDGE('',*,*,#2624,.T.);
#1932=ORIENTED_EDGE('',*,*,#2227,.T.);
#1933=ORIENTED_EDGE('',*,*,#2629,.F.);
#1934=ORIENTED_EDGE('',*,*,#2625,.T.);
#1935=ORIENTED_EDGE('',*,*,#2630,.F.);
#1936=ORIENTED_EDGE('',*,*,#2626,.T.);
#1937=ORIENTED_EDGE('',*,*,#2631,.F.);
#1938=ORIENTED_EDGE('',*,*,#2627,.T.);
#1939=ORIENTED_EDGE('',*,*,#2267,.F.);
#1940=ORIENTED_EDGE('',*,*,#2632,.F.);
#1941=ORIENTED_EDGE('',*,*,#2390,.F.);
#1942=ORIENTED_EDGE('',*,*,#2628,.T.);
#1943=ORIENTED_EDGE('',*,*,#2269,.F.);
#1944=ORIENTED_EDGE('',*,*,#2629,.T.);
#1945=ORIENTED_EDGE('',*,*,#2226,.F.);
#1946=ORIENTED_EDGE('',*,*,#2633,.F.);
#1947=ORIENTED_EDGE('',*,*,#2405,.F.);
#1948=ORIENTED_EDGE('',*,*,#2631,.T.);
#1949=ORIENTED_EDGE('',*,*,#2406,.F.);
#1950=ORIENTED_EDGE('',*,*,#2634,.F.);
#1951=ORIENTED_EDGE('',*,*,#2400,.F.);
#1952=ORIENTED_EDGE('',*,*,#2635,.F.);
#1953=ORIENTED_EDGE('',*,*,#2253,.F.);
#1954=ORIENTED_EDGE('',*,*,#2636,.F.);
#1955=ORIENTED_EDGE('',*,*,#2263,.F.);
#1956=ORIENTED_EDGE('',*,*,#2630,.T.);
#1957=ORIENTED_EDGE('',*,*,#2403,.F.);
#1958=ORIENTED_EDGE('',*,*,#2473,.F.);
#1959=ORIENTED_EDGE('',*,*,#2636,.T.);
#1960=ORIENTED_EDGE('',*,*,#2252,.F.);
#1961=ORIENTED_EDGE('',*,*,#2637,.F.);
#1962=ORIENTED_EDGE('',*,*,#2264,.F.);
#1963=ORIENTED_EDGE('',*,*,#2632,.T.);
#1964=ORIENTED_EDGE('',*,*,#2266,.F.);
#1965=ORIENTED_EDGE('',*,*,#2638,.F.);
#1966=ORIENTED_EDGE('',*,*,#2392,.F.);
#1967=ORIENTED_EDGE('',*,*,#2634,.T.);
#1968=ORIENTED_EDGE('',*,*,#2633,.T.);
#1969=ORIENTED_EDGE('',*,*,#2639,.F.);
#1970=ORIENTED_EDGE('',*,*,#2640,.F.);
#1971=ORIENTED_EDGE('',*,*,#2641,.F.);
#1972=ORIENTED_EDGE('',*,*,#2635,.T.);
#1973=ORIENTED_EDGE('',*,*,#2641,.T.);
#1974=ORIENTED_EDGE('',*,*,#2399,.F.);
#1975=ORIENTED_EDGE('',*,*,#2642,.F.);
#1976=ORIENTED_EDGE('',*,*,#2254,.F.);
#1977=ORIENTED_EDGE('',*,*,#2637,.T.);
#1978=ORIENTED_EDGE('',*,*,#2251,.F.);
#1979=ORIENTED_EDGE('',*,*,#2643,.F.);
#1980=ORIENTED_EDGE('',*,*,#2394,.F.);
#1981=ORIENTED_EDGE('',*,*,#2638,.T.);
#1982=ORIENTED_EDGE('',*,*,#2265,.F.);
#1983=ORIENTED_EDGE('',*,*,#2639,.T.);
#1984=ORIENTED_EDGE('',*,*,#2225,.F.);
#1985=ORIENTED_EDGE('',*,*,#2644,.F.);
#1986=ORIENTED_EDGE('',*,*,#2401,.F.);
#1987=ORIENTED_EDGE('',*,*,#2640,.T.);
#1988=ORIENTED_EDGE('',*,*,#2402,.F.);
#1989=ORIENTED_EDGE('',*,*,#2645,.F.);
#1990=ORIENTED_EDGE('',*,*,#2396,.F.);
#1991=ORIENTED_EDGE('',*,*,#2643,.T.);
#1992=ORIENTED_EDGE('',*,*,#2642,.T.);
#1993=ORIENTED_EDGE('',*,*,#2646,.F.);
#1994=ORIENTED_EDGE('',*,*,#2645,.T.);
#1995=ORIENTED_EDGE('',*,*,#2644,.T.);
#1996=ORIENTED_EDGE('',*,*,#2647,.F.);
#1997=ORIENTED_EDGE('',*,*,#2646,.T.);
#1998=ORIENTED_EDGE('',*,*,#2398,.F.);
#1999=ORIENTED_EDGE('',*,*,#2648,.F.);
#2000=ORIENTED_EDGE('',*,*,#2395,.F.);
#2001=ORIENTED_EDGE('',*,*,#2647,.T.);
#2002=ORIENTED_EDGE('',*,*,#2224,.F.);
#2003=ORIENTED_EDGE('',*,*,#2648,.T.);
#2004=ORIENTED_EDGE('',*,*,#2397,.F.);
#2005=ORIENTED_EDGE('',*,*,#2649,.F.);
#2006=ORIENTED_EDGE('',*,*,#2650,.F.);
#2007=ORIENTED_EDGE('',*,*,#2651,.F.);
#2008=ORIENTED_EDGE('',*,*,#2652,.F.);
#2009=ORIENTED_EDGE('',*,*,#2653,.T.);
#2010=ORIENTED_EDGE('',*,*,#2654,.T.);
#2011=ORIENTED_EDGE('',*,*,#2655,.F.);
#2012=ORIENTED_EDGE('',*,*,#2221,.F.);
#2013=ORIENTED_EDGE('',*,*,#2656,.T.);
#2014=ORIENTED_EDGE('',*,*,#2652,.T.);
#2015=ORIENTED_EDGE('',*,*,#2657,.T.);
#2016=ORIENTED_EDGE('',*,*,#2654,.F.);
#2017=ORIENTED_EDGE('',*,*,#2658,.F.);
#2018=ORIENTED_EDGE('',*,*,#2219,.T.);
#2019=ORIENTED_EDGE('',*,*,#2653,.F.);
#2020=ORIENTED_EDGE('',*,*,#2656,.F.);
#2021=ORIENTED_EDGE('',*,*,#2220,.T.);
#2022=ORIENTED_EDGE('',*,*,#2658,.T.);
#2023=ORIENTED_EDGE('',*,*,#2651,.T.);
#2024=ORIENTED_EDGE('',*,*,#2657,.F.);
#2025=ORIENTED_EDGE('',*,*,#2244,.F.);
#2026=ORIENTED_EDGE('',*,*,#2655,.T.);
#2027=ORIENTED_EDGE('',*,*,#2659,.F.);
#2028=ORIENTED_EDGE('',*,*,#2660,.F.);
#2029=ORIENTED_EDGE('',*,*,#2661,.F.);
#2030=ORIENTED_EDGE('',*,*,#2662,.F.);
#2031=ORIENTED_EDGE('',*,*,#2663,.T.);
#2032=ORIENTED_EDGE('',*,*,#2664,.T.);
#2033=ORIENTED_EDGE('',*,*,#2665,.F.);
#2034=ORIENTED_EDGE('',*,*,#2197,.F.);
#2035=ORIENTED_EDGE('',*,*,#2666,.T.);
#2036=ORIENTED_EDGE('',*,*,#2662,.T.);
#2037=ORIENTED_EDGE('',*,*,#2667,.T.);
#2038=ORIENTED_EDGE('',*,*,#2664,.F.);
#2039=ORIENTED_EDGE('',*,*,#2668,.F.);
#2040=ORIENTED_EDGE('',*,*,#2199,.T.);
#2041=ORIENTED_EDGE('',*,*,#2663,.F.);
#2042=ORIENTED_EDGE('',*,*,#2666,.F.);
#2043=ORIENTED_EDGE('',*,*,#2481,.T.);
#2044=ORIENTED_EDGE('',*,*,#2668,.T.);
#2045=ORIENTED_EDGE('',*,*,#2661,.T.);
#2046=ORIENTED_EDGE('',*,*,#2667,.F.);
#2047=ORIENTED_EDGE('',*,*,#2198,.F.);
#2048=ORIENTED_EDGE('',*,*,#2665,.T.);
#2049=ORIENTED_EDGE('',*,*,#2669,.F.);
#2050=ORIENTED_EDGE('',*,*,#2660,.T.);
#2051=ORIENTED_EDGE('',*,*,#2669,.T.);
#2052=ORIENTED_EDGE('',*,*,#2670,.F.);
#2053=ORIENTED_EDGE('',*,*,#2659,.T.);
#2054=ORIENTED_EDGE('',*,*,#2670,.T.);
#2055=ORIENTED_EDGE('',*,*,#2671,.F.);
#2056=ORIENTED_EDGE('',*,*,#2650,.T.);
#2057=ORIENTED_EDGE('',*,*,#2671,.T.);
#2058=ORIENTED_EDGE('',*,*,#2672,.F.);
#2059=ORIENTED_EDGE('',*,*,#2649,.T.);
#2060=ORIENTED_EDGE('',*,*,#2672,.T.);
#2061=EDGE_CURVE('',#2673,#2673,#3061,.F.);
#2062=EDGE_CURVE('',#2674,#2674,#3062,.F.);
#2063=EDGE_CURVE('',#2675,#2675,#3063,.F.);
#2064=EDGE_CURVE('',#2676,#2676,#3064,.F.);
#2065=EDGE_CURVE('',#2677,#2677,#3065,.F.);
#2066=EDGE_CURVE('',#2678,#2678,#3066,.T.);
#2067=EDGE_CURVE('',#2679,#2679,#3067,.T.);
#2068=EDGE_CURVE('',#2680,#2680,#3068,.T.);
#2069=EDGE_CURVE('',#2681,#2681,#3069,.T.);
#2070=EDGE_CURVE('',#2682,#2682,#3070,.T.);
#2071=EDGE_CURVE('',#2683,#2683,#3071,.T.);
#2072=EDGE_CURVE('',#2684,#2684,#3072,.T.);
#2073=EDGE_CURVE('',#2685,#2685,#3073,.T.);
#2074=EDGE_CURVE('',#2686,#2686,#3074,.T.);
#2075=EDGE_CURVE('',#2687,#2687,#3075,.T.);
#2076=EDGE_CURVE('',#2688,#2688,#3076,.T.);
#2077=EDGE_CURVE('',#2689,#2689,#3077,.T.);
#2078=EDGE_CURVE('',#2690,#2690,#3078,.T.);
#2079=EDGE_CURVE('',#2691,#2691,#3079,.T.);
#2080=EDGE_CURVE('',#2692,#2692,#3080,.T.);
#2081=EDGE_CURVE('',#2693,#2693,#3081,.T.);
#2082=EDGE_CURVE('',#2694,#2694,#3082,.T.);
#2083=EDGE_CURVE('',#2695,#2695,#3083,.T.);
#2084=EDGE_CURVE('',#2696,#2696,#3084,.T.);
#2085=EDGE_CURVE('',#2697,#2697,#3085,.T.);
#2086=EDGE_CURVE('',#2698,#2698,#3086,.T.);
#2087=EDGE_CURVE('',#2699,#2699,#3087,.T.);
#2088=EDGE_CURVE('',#2700,#2700,#3088,.T.);
#2089=EDGE_CURVE('',#2701,#2701,#3089,.T.);
#2090=EDGE_CURVE('',#2702,#2702,#3090,.T.);
#2091=EDGE_CURVE('',#2703,#2703,#3091,.T.);
#2092=EDGE_CURVE('',#2704,#2705,#3092,.F.);
#2093=EDGE_CURVE('',#2706,#2704,#658,.T.);
#2094=EDGE_CURVE('',#2706,#2707,#3093,.F.);
#2095=EDGE_CURVE('',#2707,#2705,#659,.T.);
#2096=EDGE_CURVE('',#2708,#2709,#3094,.F.);
#2097=EDGE_CURVE('',#2708,#2710,#660,.T.);
#2098=EDGE_CURVE('',#2710,#2711,#3095,.F.);
#2099=EDGE_CURVE('',#2709,#2711,#661,.T.);
#2100=EDGE_CURVE('',#2712,#2713,#3096,.F.);
#2101=EDGE_CURVE('',#2712,#2714,#662,.T.);
#2102=EDGE_CURVE('',#2714,#2715,#3097,.F.);
#2103=EDGE_CURVE('',#2713,#2715,#663,.T.);
#2104=EDGE_CURVE('',#2716,#2717,#3098,.F.);
#2105=EDGE_CURVE('',#2716,#2718,#664,.T.);
#2106=EDGE_CURVE('',#2718,#2719,#3099,.F.);
#2107=EDGE_CURVE('',#2717,#2719,#665,.T.);
#2108=EDGE_CURVE('',#2720,#2721,#3100,.F.);
#2109=EDGE_CURVE('',#2722,#2720,#666,.T.);
#2110=EDGE_CURVE('',#2722,#2723,#3101,.F.);
#2111=EDGE_CURVE('',#2723,#2721,#667,.T.);
#2112=EDGE_CURVE('',#2724,#2725,#3102,.F.);
#2113=EDGE_CURVE('',#2726,#2724,#668,.T.);
#2114=EDGE_CURVE('',#2726,#2727,#3103,.F.);
#2115=EDGE_CURVE('',#2727,#2725,#669,.T.);
#2116=EDGE_CURVE('',#2728,#2728,#3104,.T.);
#2117=EDGE_CURVE('',#2729,#2729,#3105,.T.);
#2118=EDGE_CURVE('',#2730,#2730,#3106,.T.);
#2119=EDGE_CURVE('',#2731,#2731,#3107,.T.);
#2120=EDGE_CURVE('',#2732,#2733,#670,.T.);
#2121=EDGE_CURVE('',#2733,#2734,#3108,.F.);
#2122=EDGE_CURVE('',#2735,#2734,#671,.T.);
#2123=EDGE_CURVE('',#2732,#2735,#3109,.F.);
#2124=EDGE_CURVE('',#2736,#2737,#672,.T.);
#2125=EDGE_CURVE('',#2736,#2738,#3110,.F.);
#2126=EDGE_CURVE('',#2738,#2739,#673,.T.);
#2127=EDGE_CURVE('',#2737,#2739,#3111,.F.);
#2128=EDGE_CURVE('',#2740,#2741,#674,.T.);
#2129=EDGE_CURVE('',#2740,#2742,#3112,.F.);
#2130=EDGE_CURVE('',#2742,#2743,#675,.T.);
#2131=EDGE_CURVE('',#2741,#2743,#3113,.F.);
#2132=EDGE_CURVE('',#2744,#2745,#676,.T.);
#2133=EDGE_CURVE('',#2744,#2746,#3114,.F.);
#2134=EDGE_CURVE('',#2746,#2747,#677,.T.);
#2135=EDGE_CURVE('',#2745,#2747,#3115,.F.);
#2136=EDGE_CURVE('',#2748,#2749,#678,.T.);
#2137=EDGE_CURVE('',#2749,#2750,#3116,.F.);
#2138=EDGE_CURVE('',#2751,#2750,#679,.T.);
#2139=EDGE_CURVE('',#2748,#2751,#3117,.F.);
#2140=EDGE_CURVE('',#2752,#2753,#680,.T.);
#2141=EDGE_CURVE('',#2753,#2754,#3118,.F.);
#2142=EDGE_CURVE('',#2755,#2754,#681,.T.);
#2143=EDGE_CURVE('',#2752,#2755,#3119,.F.);
#2144=EDGE_CURVE('',#2756,#2756,#3120,.T.);
#2145=EDGE_CURVE('',#2757,#2757,#3121,.F.);
#2146=EDGE_CURVE('',#2758,#2758,#3122,.F.);
#2147=EDGE_CURVE('',#2759,#2759,#3123,.F.);
#2148=EDGE_CURVE('',#2760,#2760,#3124,.F.);
#2149=EDGE_CURVE('',#2754,#2725,#90,.T.);
#2150=EDGE_CURVE('',#2753,#2724,#91,.T.);
#2151=EDGE_CURVE('',#2752,#2726,#92,.T.);
#2152=EDGE_CURVE('',#2755,#2727,#93,.T.);
#2153=EDGE_CURVE('',#2750,#2721,#94,.T.);
#2154=EDGE_CURVE('',#2749,#2720,#95,.T.);
#2155=EDGE_CURVE('',#2748,#2722,#96,.T.);
#2156=EDGE_CURVE('',#2751,#2723,#97,.T.);
#2157=EDGE_CURVE('',#2718,#2745,#98,.T.);
#2158=EDGE_CURVE('',#2719,#2747,#99,.T.);
#2159=EDGE_CURVE('',#2717,#2746,#100,.T.);
#2160=EDGE_CURVE('',#2716,#2744,#101,.T.);
#2161=EDGE_CURVE('',#2714,#2741,#102,.T.);
#2162=EDGE_CURVE('',#2715,#2743,#103,.T.);
#2163=EDGE_CURVE('',#2713,#2742,#104,.T.);
#2164=EDGE_CURVE('',#2712,#2740,#105,.T.);
#2165=EDGE_CURVE('',#2710,#2737,#106,.T.);
#2166=EDGE_CURVE('',#2711,#2739,#107,.T.);
#2167=EDGE_CURVE('',#2709,#2738,#108,.T.);
#2168=EDGE_CURVE('',#2708,#2736,#109,.T.);
#2169=EDGE_CURVE('',#2735,#2707,#110,.T.);
#2170=EDGE_CURVE('',#2734,#2705,#111,.T.);
#2171=EDGE_CURVE('',#2733,#2704,#112,.T.);
#2172=EDGE_CURVE('',#2732,#2706,#113,.T.);
#2173=EDGE_CURVE('',#2761,#2761,#3125,.T.);
#2174=EDGE_CURVE('',#2762,#2762,#3126,.T.);
#2175=EDGE_CURVE('',#2763,#2763,#3127,.T.);
#2176=EDGE_CURVE('',#2764,#2764,#3128,.T.);
#2177=EDGE_CURVE('',#2765,#2765,#3129,.T.);
#2178=EDGE_CURVE('',#2766,#2766,#3130,.T.);
#2179=EDGE_CURVE('',#2767,#2767,#3131,.T.);
#2180=EDGE_CURVE('',#2768,#2768,#3132,.T.);
#2181=EDGE_CURVE('',#2769,#2769,#3133,.T.);
#2182=EDGE_CURVE('',#2770,#2770,#3134,.T.);
#2183=EDGE_CURVE('',#2771,#2771,#3135,.T.);
#2184=EDGE_CURVE('',#2772,#2772,#3136,.T.);
#2185=EDGE_CURVE('',#2773,#2774,#114,.T.);
#2186=EDGE_CURVE('',#2774,#2775,#115,.T.);
#2187=EDGE_CURVE('',#2776,#2775,#116,.T.);
#2188=EDGE_CURVE('',#2776,#2773,#117,.T.);
#2189=EDGE_CURVE('',#2777,#2778,#118,.T.);
#2190=EDGE_CURVE('',#2779,#2778,#119,.T.);
#2191=EDGE_CURVE('',#2780,#2779,#120,.T.);
#2192=EDGE_CURVE('',#2780,#2777,#121,.T.);
#2193=EDGE_CURVE('',#2781,#2781,#3137,.T.);
#2194=EDGE_CURVE('',#2782,#2782,#3138,.T.);
#2195=EDGE_CURVE('',#2783,#2783,#3139,.T.);
#2196=EDGE_CURVE('',#2784,#2784,#3140,.T.);
#2197=EDGE_CURVE('',#2785,#2786,#122,.T.);
#2198=EDGE_CURVE('',#2786,#2787,#123,.T.);
#2199=EDGE_CURVE('',#2788,#2787,#124,.T.);
#2200=EDGE_CURVE('',#2788,#2789,#125,.T.);
#2201=EDGE_CURVE('',#2789,#2790,#126,.T.);
#2202=EDGE_CURVE('',#2790,#2791,#127,.F.);
#2203=EDGE_CURVE('',#2791,#2792,#128,.T.);
#2204=EDGE_CURVE('',#2792,#2793,#129,.T.);
#2205=EDGE_CURVE('',#2794,#2793,#3141,.T.);
#2206=EDGE_CURVE('',#2794,#2795,#130,.F.);
#2207=EDGE_CURVE('',#2795,#2796,#3142,.F.);
#2208=EDGE_CURVE('',#2797,#2796,#131,.T.);
#2209=EDGE_CURVE('',#2798,#2797,#132,.T.);
#2210=EDGE_CURVE('',#2799,#2798,#133,.T.);
#2211=EDGE_CURVE('',#2799,#2800,#3143,.F.);
#2212=EDGE_CURVE('',#2800,#2801,#134,.F.);
#2213=EDGE_CURVE('',#2802,#2801,#3144,.T.);
#2214=EDGE_CURVE('',#2802,#2803,#135,.F.);
#2215=EDGE_CURVE('',#2803,#2804,#136,.T.);
#2216=EDGE_CURVE('',#2804,#2805,#137,.F.);
#2217=EDGE_CURVE('',#2806,#2805,#138,.T.);
#2218=EDGE_CURVE('',#2806,#2807,#139,.T.);
#2219=EDGE_CURVE('',#2808,#2807,#140,.T.);
#2220=EDGE_CURVE('',#2809,#2808,#141,.T.);
#2221=EDGE_CURVE('',#2809,#2810,#142,.T.);
#2222=EDGE_CURVE('',#2810,#2811,#143,.T.);
#2223=EDGE_CURVE('',#2811,#2812,#144,.T.);
#2224=EDGE_CURVE('',#2812,#2813,#145,.F.);
#2225=EDGE_CURVE('',#2813,#2814,#146,.T.);
#2226=EDGE_CURVE('',#2814,#2815,#147,.T.);
#2227=EDGE_CURVE('',#2816,#2815,#3145,.T.);
#2228=EDGE_CURVE('',#2816,#2817,#148,.T.);
#2229=EDGE_CURVE('',#2817,#2818,#3146,.F.);
#2230=EDGE_CURVE('',#2819,#2818,#149,.T.);
#2231=EDGE_CURVE('',#2820,#2819,#150,.T.);
#2232=EDGE_CURVE('',#2821,#2820,#151,.T.);
#2233=EDGE_CURVE('',#2821,#2822,#3147,.F.);
#2234=EDGE_CURVE('',#2822,#2823,#152,.T.);
#2235=EDGE_CURVE('',#2824,#2823,#3148,.T.);
#2236=EDGE_CURVE('',#2824,#2825,#153,.F.);
#2237=EDGE_CURVE('',#2825,#2826,#154,.T.);
#2238=EDGE_CURVE('',#2826,#2827,#155,.F.);
#2239=EDGE_CURVE('',#2828,#2827,#156,.T.);
#2240=EDGE_CURVE('',#2828,#2785,#157,.T.);
#2241=EDGE_CURVE('',#2829,#2829,#3149,.T.);
#2242=EDGE_CURVE('',#2830,#2830,#3150,.T.);
#2243=EDGE_CURVE('',#2810,#2831,#158,.T.);
#2244=EDGE_CURVE('',#2810,#2807,#159,.T.);
#2245=EDGE_CURVE('',#2807,#2832,#160,.T.);
#2246=EDGE_CURVE('',#2832,#2831,#161,.F.);
#2247=EDGE_CURVE('',#2833,#2834,#162,.F.);
#2248=EDGE_CURVE('',#2834,#2835,#3151,.T.);
#2249=EDGE_CURVE('',#2835,#2836,#163,.T.);
#2250=EDGE_CURVE('',#2836,#2833,#164,.T.);
#2251=EDGE_CURVE('',#2837,#2838,#165,.F.);
#2252=EDGE_CURVE('',#2838,#2839,#3152,.T.);
#2253=EDGE_CURVE('',#2839,#2840,#166,.F.);
#2254=EDGE_CURVE('',#2840,#2837,#167,.T.);
#2255=EDGE_CURVE('',#2841,#2842,#168,.F.);
#2256=EDGE_CURVE('',#2842,#2843,#3153,.T.);
#2257=EDGE_CURVE('',#2843,#2844,#169,.T.);
#2258=EDGE_CURVE('',#2844,#2841,#170,.T.);
#2259=EDGE_CURVE('',#2845,#2846,#3154,.F.);
#2260=EDGE_CURVE('',#2845,#2847,#171,.F.);
#2261=EDGE_CURVE('',#2848,#2847,#3155,.F.);
#2262=EDGE_CURVE('',#2848,#2849,#172,.F.);
#2263=EDGE_CURVE('',#2849,#2850,#173,.F.);
#2264=EDGE_CURVE('',#2850,#2851,#3156,.T.);
#2265=EDGE_CURVE('',#2851,#2852,#174,.F.);
#2266=EDGE_CURVE('',#2852,#2853,#175,.F.);
#2267=EDGE_CURVE('',#2853,#2854,#176,.T.);
#2268=EDGE_CURVE('',#2854,#2855,#3157,.T.);
#2269=EDGE_CURVE('',#2855,#2856,#177,.T.);
#2270=EDGE_CURVE('',#2856,#2857,#178,.T.);
#2271=EDGE_CURVE('',#2857,#2858,#179,.F.);
#2272=EDGE_CURVE('',#2858,#2859,#3158,.T.);
#2273=EDGE_CURVE('',#2859,#2860,#180,.F.);
#2274=EDGE_CURVE('',#2860,#2861,#181,.F.);
#2275=EDGE_CURVE('',#2861,#2862,#182,.T.);
#2276=EDGE_CURVE('',#2862,#2863,#3159,.T.);
#2277=EDGE_CURVE('',#2863,#2864,#183,.F.);
#2278=EDGE_CURVE('',#2864,#2865,#184,.T.);
#2279=EDGE_CURVE('',#2866,#2865,#3160,.F.);
#2280=EDGE_CURVE('',#2866,#2867,#185,.T.);
#2281=EDGE_CURVE('',#2868,#2867,#3161,.F.);
#2282=EDGE_CURVE('',#2868,#2869,#186,.T.);
#2283=EDGE_CURVE('',#2869,#2870,#187,.T.);
#2284=EDGE_CURVE('',#2870,#2871,#3162,.T.);
#2285=EDGE_CURVE('',#2871,#2872,#188,.T.);
#2286=EDGE_CURVE('',#2872,#2873,#189,.F.);
#2287=EDGE_CURVE('',#2873,#2874,#190,.F.);
#2288=EDGE_CURVE('',#2874,#2875,#3163,.T.);
#2289=EDGE_CURVE('',#2875,#2876,#191,.F.);
#2290=EDGE_CURVE('',#2876,#2877,#192,.F.);
#2291=EDGE_CURVE('',#2877,#2878,#193,.T.);
#2292=EDGE_CURVE('',#2878,#2879,#3164,.T.);
#2293=EDGE_CURVE('',#2879,#2880,#194,.T.);
#2294=EDGE_CURVE('',#2880,#2881,#195,.T.);
#2295=EDGE_CURVE('',#2882,#2881,#3165,.F.);
#2296=EDGE_CURVE('',#2882,#2883,#196,.T.);
#2297=EDGE_CURVE('',#2884,#2883,#3166,.F.);
#2298=EDGE_CURVE('',#2884,#2885,#197,.F.);
#2299=EDGE_CURVE('',#2885,#2886,#198,.F.);
#2300=EDGE_CURVE('',#2886,#2887,#3167,.T.);
#2301=EDGE_CURVE('',#2887,#2888,#199,.F.);
#2302=EDGE_CURVE('',#2888,#2889,#200,.F.);
#2303=EDGE_CURVE('',#2889,#2890,#201,.T.);
#2304=EDGE_CURVE('',#2890,#2891,#3168,.T.);
#2305=EDGE_CURVE('',#2891,#2892,#202,.T.);
#2306=EDGE_CURVE('',#2892,#2893,#203,.T.);
#2307=EDGE_CURVE('',#2893,#2894,#204,.F.);
#2308=EDGE_CURVE('',#2894,#2895,#3169,.T.);
#2309=EDGE_CURVE('',#2895,#2896,#205,.F.);
#2310=EDGE_CURVE('',#2896,#2897,#206,.F.);
#2311=EDGE_CURVE('',#2897,#2898,#207,.T.);
#2312=EDGE_CURVE('',#2898,#2899,#3170,.T.);
#2313=EDGE_CURVE('',#2899,#2900,#208,.F.);
#2314=EDGE_CURVE('',#2900,#2901,#209,.T.);
#2315=EDGE_CURVE('',#2902,#2901,#3171,.F.);
#2316=EDGE_CURVE('',#2902,#2903,#210,.F.);
#2317=EDGE_CURVE('',#2904,#2903,#3172,.F.);
#2318=EDGE_CURVE('',#2904,#2905,#211,.T.);
#2319=EDGE_CURVE('',#2905,#2906,#212,.T.);
#2320=EDGE_CURVE('',#2906,#2907,#3173,.T.);
#2321=EDGE_CURVE('',#2907,#2908,#213,.F.);
#2322=EDGE_CURVE('',#2908,#2909,#214,.T.);
#2323=EDGE_CURVE('',#2909,#2910,#215,.T.);
#2324=EDGE_CURVE('',#2910,#2911,#3174,.T.);
#2325=EDGE_CURVE('',#2911,#2912,#216,.T.);
#2326=EDGE_CURVE('',#2912,#2913,#217,.F.);
#2327=EDGE_CURVE('',#2913,#2914,#218,.F.);
#2328=EDGE_CURVE('',#2914,#2915,#3175,.T.);
#2329=EDGE_CURVE('',#2915,#2916,#219,.T.);
#2330=EDGE_CURVE('',#2916,#2846,#220,.T.);
#2331=EDGE_CURVE('',#2773,#2917,#221,.T.);
#2332=EDGE_CURVE('',#2917,#2918,#222,.T.);
#2333=EDGE_CURVE('',#2774,#2918,#223,.T.);
#2334=EDGE_CURVE('',#2918,#2919,#224,.T.);
#2335=EDGE_CURVE('',#2775,#2919,#225,.T.);
#2336=EDGE_CURVE('',#2919,#2920,#226,.F.);
#2337=EDGE_CURVE('',#2776,#2920,#227,.T.);
#2338=EDGE_CURVE('',#2777,#2921,#228,.T.);
#2339=EDGE_CURVE('',#2921,#2922,#229,.T.);
#2340=EDGE_CURVE('',#2778,#2922,#230,.T.);
#2341=EDGE_CURVE('',#2922,#2923,#231,.F.);
#2342=EDGE_CURVE('',#2779,#2923,#232,.T.);
#2343=EDGE_CURVE('',#2923,#2924,#233,.F.);
#2344=EDGE_CURVE('',#2780,#2924,#234,.T.);
#2345=EDGE_CURVE('',#2925,#2926,#235,.F.);
#2346=EDGE_CURVE('',#2926,#2927,#236,.F.);
#2347=EDGE_CURVE('',#2927,#2928,#237,.T.);
#2348=EDGE_CURVE('',#2928,#2925,#238,.T.);
#2349=EDGE_CURVE('',#2929,#2930,#239,.F.);
#2350=EDGE_CURVE('',#2930,#2931,#240,.T.);
#2351=EDGE_CURVE('',#2931,#2932,#241,.T.);
#2352=EDGE_CURVE('',#2932,#2929,#242,.F.);
#2353=EDGE_CURVE('',#2796,#2933,#682,.T.);
#2354=EDGE_CURVE('',#2933,#2934,#243,.T.);
#2355=EDGE_CURVE('',#2934,#2935,#244,.F.);
#2356=EDGE_CURVE('',#2797,#2935,#245,.T.);
#2357=EDGE_CURVE('',#2935,#2936,#246,.F.);
#2358=EDGE_CURVE('',#2798,#2936,#247,.T.);
#2359=EDGE_CURVE('',#2937,#2938,#248,.F.);
#2360=EDGE_CURVE('',#2938,#2799,#683,.F.);
#2361=EDGE_CURVE('',#2936,#2937,#249,.F.);
#2362=EDGE_CURVE('',#2939,#2940,#250,.F.);
#2363=EDGE_CURVE('',#2940,#2941,#251,.T.);
#2364=EDGE_CURVE('',#2941,#2942,#252,.T.);
#2365=EDGE_CURVE('',#2942,#2939,#253,.F.);
#2366=EDGE_CURVE('',#2943,#2944,#254,.F.);
#2367=EDGE_CURVE('',#2944,#2945,#255,.T.);
#2368=EDGE_CURVE('',#2945,#2946,#256,.T.);
#2369=EDGE_CURVE('',#2946,#2943,#257,.F.);
#2370=EDGE_CURVE('',#2947,#2948,#258,.F.);
#2371=EDGE_CURVE('',#2948,#2949,#259,.F.);
#2372=EDGE_CURVE('',#2949,#2950,#260,.T.);
#2373=EDGE_CURVE('',#2950,#2947,#261,.T.);
#2374=EDGE_CURVE('',#2951,#2952,#262,.F.);
#2375=EDGE_CURVE('',#2952,#2953,#263,.T.);
#2376=EDGE_CURVE('',#2953,#2954,#264,.T.);
#2377=EDGE_CURVE('',#2954,#2951,#265,.F.);
#2378=EDGE_CURVE('',#2805,#2955,#266,.T.);
#2379=EDGE_CURVE('',#2955,#2956,#267,.F.);
#2380=EDGE_CURVE('',#2806,#2956,#268,.T.);
#2381=EDGE_CURVE('',#2956,#2957,#269,.T.);
#2382=EDGE_CURVE('',#2807,#2957,#270,.T.);
#2383=EDGE_CURVE('',#2957,#2958,#271,.T.);
#2384=EDGE_CURVE('',#2958,#2832,#272,.F.);
#2385=EDGE_CURVE('',#2959,#2960,#273,.F.);
#2386=EDGE_CURVE('',#2960,#2961,#274,.T.);
#2387=EDGE_CURVE('',#2961,#2962,#275,.T.);
#2388=EDGE_CURVE('',#2962,#2959,#276,.F.);
#2389=EDGE_CURVE('',#2831,#2963,#277,.T.);
#2390=EDGE_CURVE('',#2963,#2964,#278,.F.);
#2391=EDGE_CURVE('',#2810,#2964,#279,.T.);
#2392=EDGE_CURVE('',#2964,#2965,#280,.T.);
#2393=EDGE_CURVE('',#2811,#2965,#281,.T.);
#2394=EDGE_CURVE('',#2965,#2966,#282,.T.);
#2395=EDGE_CURVE('',#2966,#2812,#283,.F.);
#2396=EDGE_CURVE('',#2967,#2968,#284,.F.);
#2397=EDGE_CURVE('',#2968,#2969,#285,.T.);
#2398=EDGE_CURVE('',#2969,#2970,#286,.T.);
#2399=EDGE_CURVE('',#2970,#2967,#287,.F.);
#2400=EDGE_CURVE('',#2971,#2972,#288,.F.);
#2401=EDGE_CURVE('',#2972,#2973,#289,.F.);
#2402=EDGE_CURVE('',#2973,#2974,#290,.T.);
#2403=EDGE_CURVE('',#2974,#2971,#291,.T.);
#2404=EDGE_CURVE('',#2975,#2976,#292,.F.);
#2405=EDGE_CURVE('',#2976,#2977,#293,.F.);
#2406=EDGE_CURVE('',#2977,#2978,#294,.T.);
#2407=EDGE_CURVE('',#2978,#2975,#295,.T.);
#2408=EDGE_CURVE('',#2979,#2980,#296,.F.);
#2409=EDGE_CURVE('',#2980,#2981,#297,.F.);
#2410=EDGE_CURVE('',#2981,#2982,#298,.T.);
#2411=EDGE_CURVE('',#2982,#2979,#299,.T.);
#2412=EDGE_CURVE('',#2818,#2983,#684,.T.);
#2413=EDGE_CURVE('',#2983,#2984,#300,.T.);
#2414=EDGE_CURVE('',#2984,#2985,#301,.F.);
#2415=EDGE_CURVE('',#2819,#2985,#302,.T.);
#2416=EDGE_CURVE('',#2985,#2986,#303,.F.);
#2417=EDGE_CURVE('',#2820,#2986,#304,.T.);
#2418=EDGE_CURVE('',#2987,#2988,#305,.F.);
#2419=EDGE_CURVE('',#2988,#2821,#685,.F.);
#2420=EDGE_CURVE('',#2986,#2987,#306,.F.);
#2421=EDGE_CURVE('',#2989,#2990,#307,.F.);
#2422=EDGE_CURVE('',#2990,#2991,#308,.F.);
#2423=EDGE_CURVE('',#2991,#2992,#309,.T.);
#2424=EDGE_CURVE('',#2992,#2989,#310,.T.);
#2425=EDGE_CURVE('',#2993,#2994,#311,.F.);
#2426=EDGE_CURVE('',#2994,#2995,#312,.T.);
#2427=EDGE_CURVE('',#2995,#2996,#313,.T.);
#2428=EDGE_CURVE('',#2996,#2993,#314,.F.);
#2429=EDGE_CURVE('',#2997,#2998,#315,.F.);
#2430=EDGE_CURVE('',#2998,#2999,#316,.F.);
#2431=EDGE_CURVE('',#2999,#3000,#317,.T.);
#2432=EDGE_CURVE('',#3000,#2997,#318,.T.);
#2433=EDGE_CURVE('',#3001,#3002,#319,.F.);
#2434=EDGE_CURVE('',#3002,#3003,#320,.T.);
#2435=EDGE_CURVE('',#3003,#3004,#321,.T.);
#2436=EDGE_CURVE('',#3004,#3001,#322,.F.);
#2437=EDGE_CURVE('',#2827,#3005,#323,.T.);
#2438=EDGE_CURVE('',#3005,#3006,#324,.F.);
#2439=EDGE_CURVE('',#2828,#3006,#325,.T.);
#2440=EDGE_CURVE('',#3006,#3007,#326,.T.);
#2441=EDGE_CURVE('',#2785,#3007,#327,.T.);
#2442=EDGE_CURVE('',#3007,#3008,#328,.T.);
#2443=EDGE_CURVE('',#3008,#3009,#329,.F.);
#2444=EDGE_CURVE('',#2785,#3009,#330,.T.);
#2445=EDGE_CURVE('',#3010,#3011,#331,.F.);
#2446=EDGE_CURVE('',#3011,#3012,#332,.T.);
#2447=EDGE_CURVE('',#3012,#3013,#333,.T.);
#2448=EDGE_CURVE('',#3013,#3010,#334,.F.);
#2449=EDGE_CURVE('',#2788,#3014,#335,.T.);
#2450=EDGE_CURVE('',#3014,#3015,#336,.T.);
#2451=EDGE_CURVE('',#3015,#3016,#337,.F.);
#2452=EDGE_CURVE('',#2788,#3016,#338,.T.);
#2453=EDGE_CURVE('',#3016,#3017,#339,.T.);
#2454=EDGE_CURVE('',#2789,#3017,#340,.T.);
#2455=EDGE_CURVE('',#3017,#3018,#341,.T.);
#2456=EDGE_CURVE('',#3018,#2790,#342,.F.);
#2457=EDGE_CURVE('',#3019,#3020,#343,.F.);
#2458=EDGE_CURVE('',#3020,#3021,#344,.T.);
#2459=EDGE_CURVE('',#3021,#3022,#345,.T.);
#2460=EDGE_CURVE('',#3022,#3019,#346,.F.);
#2461=EDGE_CURVE('',#3023,#3023,#3176,.F.);
#2462=EDGE_CURVE('',#3024,#3024,#3177,.F.);
#2463=EDGE_CURVE('',#3025,#3025,#3178,.F.);
#2464=EDGE_CURVE('',#2920,#2917,#347,.T.);
#2465=EDGE_CURVE('',#2924,#2921,#348,.T.);
#2466=EDGE_CURVE('',#3026,#3026,#3179,.F.);
#2467=EDGE_CURVE('',#3027,#3027,#3180,.F.);
#2468=EDGE_CURVE('',#3028,#3028,#3181,.F.);
#2469=EDGE_CURVE('',#3029,#3029,#3182,.T.);
#2470=EDGE_CURVE('',#3030,#3030,#3183,.F.);
#2471=EDGE_CURVE('',#3031,#3031,#3184,.T.);
#2472=EDGE_CURVE('',#3032,#3032,#3185,.F.);
#2473=EDGE_CURVE('',#3033,#3033,#3186,.F.);
#2474=EDGE_CURVE('',#3034,#3034,#3187,.F.);
#2475=EDGE_CURVE('',#3035,#3035,#3188,.F.);
#2476=EDGE_CURVE('',#3036,#3037,#349,.F.);
#2477=EDGE_CURVE('',#3037,#3038,#350,.F.);
#2478=EDGE_CURVE('',#3038,#3039,#351,.T.);
#2479=EDGE_CURVE('',#3039,#3036,#352,.T.);
#2480=EDGE_CURVE('',#3040,#3040,#3189,.F.);
#2481=EDGE_CURVE('',#2785,#2788,#353,.T.);
#2482=EDGE_CURVE('',#3009,#3014,#354,.F.);
#2483=EDGE_CURVE('',#3041,#3042,#355,.F.);
#2484=EDGE_CURVE('',#3042,#3043,#3190,.T.);
#2485=EDGE_CURVE('',#3043,#3044,#356,.F.);
#2486=EDGE_CURVE('',#3044,#3041,#357,.T.);
#2487=EDGE_CURVE('',#2791,#3020,#3191,.T.);
#2488=EDGE_CURVE('',#3021,#2790,#62,.F.);
#2489=EDGE_CURVE('',#3022,#3018,#3192,.T.);
#2490=EDGE_CURVE('',#2791,#3038,#3193,.F.);
#2491=EDGE_CURVE('',#3038,#3020,#3194,.F.);
#2492=EDGE_CURVE('',#3041,#3018,#3195,.F.);
#2493=EDGE_CURVE('',#3022,#3041,#3196,.F.);
#2494=EDGE_CURVE('',#3019,#3044,#3197,.T.);
#2495=EDGE_CURVE('',#3039,#3019,#3198,.T.);
#2496=EDGE_CURVE('',#2792,#3037,#3199,.T.);
#2497=EDGE_CURVE('',#2888,#3017,#63,.F.);
#2498=EDGE_CURVE('',#3042,#2887,#686,.T.);
#2499=EDGE_CURVE('',#3043,#2886,#687,.F.);
#2500=EDGE_CURVE('',#3039,#3044,#3200,.F.);
#2501=EDGE_CURVE('',#2792,#2927,#3201,.F.);
#2502=EDGE_CURVE('',#2927,#3037,#3202,.F.);
#2503=EDGE_CURVE('',#2889,#3016,#64,.F.);
#2504=EDGE_CURVE('',#2891,#2890,#688,.F.);
#2505=EDGE_CURVE('',#3036,#2885,#3203,.T.);
#2506=EDGE_CURVE('',#2928,#3036,#3204,.T.);
#2507=EDGE_CURVE('',#2793,#2926,#3205,.T.);
#2508=EDGE_CURVE('',#3015,#3010,#3206,.T.);
#2509=EDGE_CURVE('',#3011,#3014,#65,.F.);
#2510=EDGE_CURVE('',#2892,#3015,#3207,.T.);
#2511=EDGE_CURVE('',#2928,#2885,#3208,.F.);
#2512=EDGE_CURVE('',#2931,#2926,#3209,.T.);
#2513=EDGE_CURVE('',#2794,#2931,#3210,.F.);
#2514=EDGE_CURVE('',#3012,#3009,#66,.F.);
#2515=EDGE_CURVE('',#2892,#3010,#3211,.F.);
#2516=EDGE_CURVE('',#2875,#2874,#689,.F.);
#2517=EDGE_CURVE('',#2925,#2884,#3212,.T.);
#2518=EDGE_CURVE('',#2932,#2925,#3213,.T.);
#2519=EDGE_CURVE('',#2795,#2930,#3214,.T.);
#2520=EDGE_CURVE('',#3013,#3008,#3215,.T.);
#2521=EDGE_CURVE('',#2893,#3013,#3216,.T.);
#2522=EDGE_CURVE('',#2918,#2873,#67,.T.);
#2523=EDGE_CURVE('',#2876,#2917,#68,.F.);
#2524=EDGE_CURVE('',#2932,#2883,#3217,.F.);
#2525=EDGE_CURVE('',#2933,#2930,#3218,.T.);
#2526=EDGE_CURVE('',#2893,#3008,#3219,.F.);
#2527=EDGE_CURVE('',#2895,#2894,#690,.F.);
#2528=EDGE_CURVE('',#2919,#2872,#69,.T.);
#2529=EDGE_CURVE('',#2877,#2920,#70,.F.);
#2530=EDGE_CURVE('',#2929,#2882,#3220,.T.);
#2531=EDGE_CURVE('',#2934,#2929,#3221,.T.);
#2532=EDGE_CURVE('',#3003,#2826,#3222,.T.);
#2533=EDGE_CURVE('',#2827,#3002,#71,.T.);
#2534=EDGE_CURVE('',#3005,#3001,#3223,.T.);
#2535=EDGE_CURVE('',#2896,#3007,#72,.F.);
#2536=EDGE_CURVE('',#2878,#2871,#691,.T.);
#2537=EDGE_CURVE('',#2934,#2881,#3224,.F.);
#2538=EDGE_CURVE('',#3003,#2998,#3225,.F.);
#2539=EDGE_CURVE('',#2998,#2826,#3226,.F.);
#2540=EDGE_CURVE('',#3005,#2844,#3227,.F.);
#2541=EDGE_CURVE('',#2844,#3001,#3228,.F.);
#2542=EDGE_CURVE('',#2897,#3006,#73,.F.);
#2543=EDGE_CURVE('',#2879,#2870,#692,.F.);
#2544=EDGE_CURVE('',#2935,#2880,#74,.T.);
#2545=EDGE_CURVE('',#2999,#2825,#3229,.T.);
#2546=EDGE_CURVE('',#3004,#2997,#3230,.T.);
#2547=EDGE_CURVE('',#2841,#3004,#3231,.T.);
#2548=EDGE_CURVE('',#2898,#2843,#693,.T.);
#2549=EDGE_CURVE('',#2936,#2869,#75,.T.);
#2550=EDGE_CURVE('',#2941,#2938,#3232,.T.);
#2551=EDGE_CURVE('',#2800,#2941,#3233,.T.);
#2552=EDGE_CURVE('',#2999,#2994,#3234,.F.);
#2553=EDGE_CURVE('',#2994,#2825,#3235,.F.);
#2554=EDGE_CURVE('',#2841,#2997,#3236,.F.);
#2555=EDGE_CURVE('',#2899,#2842,#694,.F.);
#2556=EDGE_CURVE('',#2937,#2868,#3237,.T.);
#2557=EDGE_CURVE('',#2942,#2937,#3238,.T.);
#2558=EDGE_CURVE('',#2801,#2940,#3239,.T.);
#2559=EDGE_CURVE('',#2995,#2824,#3240,.T.);
#2560=EDGE_CURVE('',#3000,#2993,#3241,.T.);
#2561=EDGE_CURVE('',#2900,#3000,#3242,.T.);
#2562=EDGE_CURVE('',#2942,#2867,#3243,.F.);
#2563=EDGE_CURVE('',#2945,#2940,#3244,.T.);
#2564=EDGE_CURVE('',#2802,#2945,#3245,.F.);
#2565=EDGE_CURVE('',#2990,#2823,#3246,.F.);
#2566=EDGE_CURVE('',#2995,#2990,#3247,.T.);
#2567=EDGE_CURVE('',#2900,#2993,#3248,.F.);
#2568=EDGE_CURVE('',#2939,#2866,#3249,.T.);
#2569=EDGE_CURVE('',#2946,#2939,#3250,.T.);
#2570=EDGE_CURVE('',#2803,#2944,#3251,.T.);
#2571=EDGE_CURVE('',#2991,#2822,#3252,.T.);
#2572=EDGE_CURVE('',#2996,#2989,#3253,.T.);
#2573=EDGE_CURVE('',#2901,#2996,#3254,.T.);
#2574=EDGE_CURVE('',#2911,#2910,#695,.F.);
#2575=EDGE_CURVE('',#2946,#2865,#3255,.F.);
#2576=EDGE_CURVE('',#2949,#2944,#3256,.F.);
#2577=EDGE_CURVE('',#2803,#2949,#3257,.F.);
#2578=EDGE_CURVE('',#2804,#2948,#3258,.T.);
#2579=EDGE_CURVE('',#2991,#2988,#3259,.T.);
#2580=EDGE_CURVE('',#2902,#2989,#3260,.F.);
#2581=EDGE_CURVE('',#2923,#2909,#76,.T.);
#2582=EDGE_CURVE('',#2912,#2922,#77,.F.);
#2583=EDGE_CURVE('',#2943,#2864,#3261,.T.);
#2584=EDGE_CURVE('',#2950,#2943,#3262,.T.);
#2585=EDGE_CURVE('',#2948,#2953,#3263,.T.);
#2586=EDGE_CURVE('',#2954,#2947,#3264,.T.);
#2587=EDGE_CURVE('',#2804,#2953,#3265,.F.);
#2588=EDGE_CURVE('',#2992,#2987,#3266,.T.);
#2589=EDGE_CURVE('',#2903,#2992,#3267,.T.);
#2590=EDGE_CURVE('',#2924,#2908,#78,.T.);
#2591=EDGE_CURVE('',#2913,#2921,#79,.F.);
#2592=EDGE_CURVE('',#2950,#2864,#3268,.F.);
#2593=EDGE_CURVE('',#2954,#2833,#3269,.F.);
#2594=EDGE_CURVE('',#2833,#2947,#3270,.F.);
#2595=EDGE_CURVE('',#2805,#2952,#80,.T.);
#2596=EDGE_CURVE('',#2904,#2987,#3271,.F.);
#2597=EDGE_CURVE('',#2914,#2907,#696,.T.);
#2598=EDGE_CURVE('',#2834,#2863,#697,.T.);
#2599=EDGE_CURVE('',#2951,#2836,#3272,.T.);
#2600=EDGE_CURVE('',#2955,#2951,#3273,.T.);
#2601=EDGE_CURVE('',#2905,#2986,#81,.F.);
#2602=EDGE_CURVE('',#2915,#2906,#698,.F.);
#2603=EDGE_CURVE('',#2835,#2862,#699,.F.);
#2604=EDGE_CURVE('',#2955,#2836,#3274,.F.);
#2605=EDGE_CURVE('',#2916,#2985,#82,.F.);
#2606=EDGE_CURVE('',#2956,#2861,#83,.T.);
#2607=EDGE_CURVE('',#2846,#2984,#3275,.T.);
#2608=EDGE_CURVE('',#2859,#2858,#700,.F.);
#2609=EDGE_CURVE('',#2957,#2860,#84,.T.);
#2610=EDGE_CURVE('',#2979,#2984,#3276,.F.);
#2611=EDGE_CURVE('',#2845,#2979,#3277,.F.);
#2612=EDGE_CURVE('',#2958,#2857,#3278,.T.);
#2613=EDGE_CURVE('',#2832,#2961,#85,.T.);
#2614=EDGE_CURVE('',#2962,#2958,#3279,.T.);
#2615=EDGE_CURVE('',#2980,#2983,#3280,.F.);
#2616=EDGE_CURVE('',#2847,#2982,#3281,.T.);
#2617=EDGE_CURVE('',#2962,#2857,#3282,.F.);
#2618=EDGE_CURVE('',#2831,#2960,#86,.T.);
#2619=EDGE_CURVE('',#2980,#2817,#3283,.T.);
#2620=EDGE_CURVE('',#2975,#2982,#3284,.F.);
#2621=EDGE_CURVE('',#2848,#2975,#3285,.F.);
#2622=EDGE_CURVE('',#2959,#2856,#3286,.T.);
#2623=EDGE_CURVE('',#2963,#2959,#3287,.T.);
#2624=EDGE_CURVE('',#2981,#2816,#3288,.T.);
#2625=EDGE_CURVE('',#2976,#2981,#3289,.F.);
#2626=EDGE_CURVE('',#2849,#2978,#3290,.T.);
#2627=EDGE_CURVE('',#2855,#2854,#701,.F.);
#2628=EDGE_CURVE('',#2963,#2856,#3291,.F.);
#2629=EDGE_CURVE('',#2976,#2815,#3292,.F.);
#2630=EDGE_CURVE('',#2849,#2971,#3293,.F.);
#2631=EDGE_CURVE('',#2971,#2978,#3294,.F.);
#2632=EDGE_CURVE('',#2964,#2853,#87,.T.);
#2633=EDGE_CURVE('',#2977,#2814,#3295,.T.);
#2634=EDGE_CURVE('',#2972,#2977,#3296,.T.);
#2635=EDGE_CURVE('',#2840,#2974,#3297,.T.);
#2636=EDGE_CURVE('',#2850,#2839,#702,.T.);
#2637=EDGE_CURVE('',#2851,#2838,#703,.F.);
#2638=EDGE_CURVE('',#2965,#2852,#88,.T.);
#2639=EDGE_CURVE('',#2972,#2814,#3298,.F.);
#2640=EDGE_CURVE('',#2967,#2974,#3299,.F.);
#2641=EDGE_CURVE('',#2840,#2967,#3300,.F.);
#2642=EDGE_CURVE('',#2837,#2970,#3301,.T.);
#2643=EDGE_CURVE('',#2966,#2837,#3302,.T.);
#2644=EDGE_CURVE('',#2973,#2813,#3303,.T.);
#2645=EDGE_CURVE('',#2968,#2973,#3304,.T.);
#2646=EDGE_CURVE('',#2966,#2970,#3305,.F.);
#2647=EDGE_CURVE('',#2968,#2813,#3306,.F.);
#2648=EDGE_CURVE('',#2812,#2969,#89,.T.);
#2649=EDGE_CURVE('',#3045,#3045,#3307,.T.);
#2650=EDGE_CURVE('',#3046,#3046,#3308,.T.);
#2651=EDGE_CURVE('',#3047,#3048,#358,.T.);
#2652=EDGE_CURVE('',#3049,#3047,#359,.T.);
#2653=EDGE_CURVE('',#3049,#3050,#360,.T.);
#2654=EDGE_CURVE('',#3050,#3048,#361,.T.);
#2655=EDGE_CURVE('',#2810,#3047,#362,.T.);
#2656=EDGE_CURVE('',#2809,#3049,#363,.T.);
#2657=EDGE_CURVE('',#2807,#3048,#364,.T.);
#2658=EDGE_CURVE('',#2808,#3050,#365,.T.);
#2659=EDGE_CURVE('',#3051,#3051,#3309,.T.);
#2660=EDGE_CURVE('',#3052,#3052,#3310,.T.);
#2661=EDGE_CURVE('',#3053,#3054,#366,.T.);
#2662=EDGE_CURVE('',#3055,#3053,#367,.T.);
#2663=EDGE_CURVE('',#3055,#3056,#368,.T.);
#2664=EDGE_CURVE('',#3056,#3054,#369,.T.);
#2665=EDGE_CURVE('',#2786,#3053,#370,.T.);
#2666=EDGE_CURVE('',#2785,#3055,#371,.T.);
#2667=EDGE_CURVE('',#2787,#3054,#372,.T.);
#2668=EDGE_CURVE('',#2788,#3056,#373,.T.);
#2669=EDGE_CURVE('',#3057,#3057,#3311,.T.);
#2670=EDGE_CURVE('',#3058,#3058,#3312,.T.);
#2671=EDGE_CURVE('',#3059,#3059,#3313,.T.);
#2672=EDGE_CURVE('',#3060,#3060,#3314,.T.);
#2673=VERTEX_POINT('',#6535);
#2674=VERTEX_POINT('',#6537);
#2675=VERTEX_POINT('',#6539);
#2676=VERTEX_POINT('',#6541);
#2677=VERTEX_POINT('',#6543);
#2678=VERTEX_POINT('',#6545);
#2679=VERTEX_POINT('',#6547);
#2680=VERTEX_POINT('',#6549);
#2681=VERTEX_POINT('',#6551);
#2682=VERTEX_POINT('',#6553);
#2683=VERTEX_POINT('',#6556);
#2684=VERTEX_POINT('',#6558);
#2685=VERTEX_POINT('',#6560);
#2686=VERTEX_POINT('',#6562);
#2687=VERTEX_POINT('',#6564);
#2688=VERTEX_POINT('',#6566);
#2689=VERTEX_POINT('',#6568);
#2690=VERTEX_POINT('',#6570);
#2691=VERTEX_POINT('',#6572);
#2692=VERTEX_POINT('',#6574);
#2693=VERTEX_POINT('',#6577);
#2694=VERTEX_POINT('',#6581);
#2695=VERTEX_POINT('',#6584);
#2696=VERTEX_POINT('',#6587);
#2697=VERTEX_POINT('',#6590);
#2698=VERTEX_POINT('',#6593);
#2699=VERTEX_POINT('',#6606);
#2700=VERTEX_POINT('',#6608);
#2701=VERTEX_POINT('',#6610);
#2702=VERTEX_POINT('',#6612);
#2703=VERTEX_POINT('',#6614);
#2704=VERTEX_POINT('',#6617);
#2705=VERTEX_POINT('',#6618);
#2706=VERTEX_POINT('',#6623);
#2707=VERTEX_POINT('',#6625);
#2708=VERTEX_POINT('',#6631);
#2709=VERTEX_POINT('',#6632);
#2710=VERTEX_POINT('',#6637);
#2711=VERTEX_POINT('',#6639);
#2712=VERTEX_POINT('',#6645);
#2713=VERTEX_POINT('',#6646);
#2714=VERTEX_POINT('',#6651);
#2715=VERTEX_POINT('',#6653);
#2716=VERTEX_POINT('',#6659);
#2717=VERTEX_POINT('',#6660);
#2718=VERTEX_POINT('',#6665);
#2719=VERTEX_POINT('',#6667);
#2720=VERTEX_POINT('',#6673);
#2721=VERTEX_POINT('',#6674);
#2722=VERTEX_POINT('',#6679);
#2723=VERTEX_POINT('',#6681);
#2724=VERTEX_POINT('',#6687);
#2725=VERTEX_POINT('',#6688);
#2726=VERTEX_POINT('',#6693);
#2727=VERTEX_POINT('',#6695);
#2728=VERTEX_POINT('',#6701);
#2729=VERTEX_POINT('',#6704);
#2730=VERTEX_POINT('',#6707);
#2731=VERTEX_POINT('',#6710);
#2732=VERTEX_POINT('',#6716);
#2733=VERTEX_POINT('',#6717);
#2734=VERTEX_POINT('',#6719);
#2735=VERTEX_POINT('',#6724);
#2736=VERTEX_POINT('',#6730);
#2737=VERTEX_POINT('',#6731);
#2738=VERTEX_POINT('',#6733);
#2739=VERTEX_POINT('',#6738);
#2740=VERTEX_POINT('',#6744);
#2741=VERTEX_POINT('',#6745);
#2742=VERTEX_POINT('',#6747);
#2743=VERTEX_POINT('',#6752);
#2744=VERTEX_POINT('',#6758);
#2745=VERTEX_POINT('',#6759);
#2746=VERTEX_POINT('',#6761);
#2747=VERTEX_POINT('',#6766);
#2748=VERTEX_POINT('',#6772);
#2749=VERTEX_POINT('',#6773);
#2750=VERTEX_POINT('',#6775);
#2751=VERTEX_POINT('',#6780);
#2752=VERTEX_POINT('',#6786);
#2753=VERTEX_POINT('',#6787);
#2754=VERTEX_POINT('',#6789);
#2755=VERTEX_POINT('',#6794);
#2756=VERTEX_POINT('',#6797);
#2757=VERTEX_POINT('',#6800);
#2758=VERTEX_POINT('',#6802);
#2759=VERTEX_POINT('',#6804);
#2760=VERTEX_POINT('',#6806);
#2761=VERTEX_POINT('',#6857);
#2762=VERTEX_POINT('',#6861);
#2763=VERTEX_POINT('',#6865);
#2764=VERTEX_POINT('',#6869);
#2765=VERTEX_POINT('',#6873);
#2766=VERTEX_POINT('',#6877);
#2767=VERTEX_POINT('',#6881);
#2768=VERTEX_POINT('',#6885);
#2769=VERTEX_POINT('',#6890);
#2770=VERTEX_POINT('',#6892);
#2771=VERTEX_POINT('',#6894);
#2772=VERTEX_POINT('',#6896);
#2773=VERTEX_POINT('',#6898);
#2774=VERTEX_POINT('',#6899);
#2775=VERTEX_POINT('',#6901);
#2776=VERTEX_POINT('',#6903);
#2777=VERTEX_POINT('',#6906);
#2778=VERTEX_POINT('',#6907);
#2779=VERTEX_POINT('',#6909);
#2780=VERTEX_POINT('',#6911);
#2781=VERTEX_POINT('',#6914);
#2782=VERTEX_POINT('',#6916);
#2783=VERTEX_POINT('',#6918);
#2784=VERTEX_POINT('',#6920);
#2785=VERTEX_POINT('',#6922);
#2786=VERTEX_POINT('',#6923);
#2787=VERTEX_POINT('',#6925);
#2788=VERTEX_POINT('',#6927);
#2789=VERTEX_POINT('',#6929);
#2790=VERTEX_POINT('',#6931);
#2791=VERTEX_POINT('',#6933);
#2792=VERTEX_POINT('',#6935);
#2793=VERTEX_POINT('',#6937);
#2794=VERTEX_POINT('',#6939);
#2795=VERTEX_POINT('',#6941);
#2796=VERTEX_POINT('',#6943);
#2797=VERTEX_POINT('',#6945);
#2798=VERTEX_POINT('',#6947);
#2799=VERTEX_POINT('',#6949);
#2800=VERTEX_POINT('',#6951);
#2801=VERTEX_POINT('',#6953);
#2802=VERTEX_POINT('',#6955);
#2803=VERTEX_POINT('',#6957);
#2804=VERTEX_POINT('',#6959);
#2805=VERTEX_POINT('',#6961);
#2806=VERTEX_POINT('',#6963);
#2807=VERTEX_POINT('',#6965);
#2808=VERTEX_POINT('',#6967);
#2809=VERTEX_POINT('',#6969);
#2810=VERTEX_POINT('',#6971);
#2811=VERTEX_POINT('',#6973);
#2812=VERTEX_POINT('',#6975);
#2813=VERTEX_POINT('',#6977);
#2814=VERTEX_POINT('',#6979);
#2815=VERTEX_POINT('',#6981);
#2816=VERTEX_POINT('',#6983);
#2817=VERTEX_POINT('',#6985);
#2818=VERTEX_POINT('',#6987);
#2819=VERTEX_POINT('',#6989);
#2820=VERTEX_POINT('',#6991);
#2821=VERTEX_POINT('',#6993);
#2822=VERTEX_POINT('',#6995);
#2823=VERTEX_POINT('',#6997);
#2824=VERTEX_POINT('',#6999);
#2825=VERTEX_POINT('',#7001);
#2826=VERTEX_POINT('',#7003);
#2827=VERTEX_POINT('',#7005);
#2828=VERTEX_POINT('',#7007);
#2829=VERTEX_POINT('',#7011);
#2830=VERTEX_POINT('',#7013);
#2831=VERTEX_POINT('',#7015);
#2832=VERTEX_POINT('',#7018);
#2833=VERTEX_POINT('',#7022);
#2834=VERTEX_POINT('',#7023);
#2835=VERTEX_POINT('',#7025);
#2836=VERTEX_POINT('',#7027);
#2837=VERTEX_POINT('',#7031);
#2838=VERTEX_POINT('',#7032);
#2839=VERTEX_POINT('',#7034);
#2840=VERTEX_POINT('',#7036);
#2841=VERTEX_POINT('',#7040);
#2842=VERTEX_POINT('',#7041);
#2843=VERTEX_POINT('',#7043);
#2844=VERTEX_POINT('',#7045);
#2845=VERTEX_POINT('',#7049);
#2846=VERTEX_POINT('',#7050);
#2847=VERTEX_POINT('',#7052);
#2848=VERTEX_POINT('',#7054);
#2849=VERTEX_POINT('',#7056);
#2850=VERTEX_POINT('',#7058);
#2851=VERTEX_POINT('',#7060);
#2852=VERTEX_POINT('',#7062);
#2853=VERTEX_POINT('',#7064);
#2854=VERTEX_POINT('',#7066);
#2855=VERTEX_POINT('',#7068);
#2856=VERTEX_POINT('',#7070);
#2857=VERTEX_POINT('',#7072);
#2858=VERTEX_POINT('',#7074);
#2859=VERTEX_POINT('',#7076);
#2860=VERTEX_POINT('',#7078);
#2861=VERTEX_POINT('',#7080);
#2862=VERTEX_POINT('',#7082);
#2863=VERTEX_POINT('',#7084);
#2864=VERTEX_POINT('',#7086);
#2865=VERTEX_POINT('',#7088);
#2866=VERTEX_POINT('',#7090);
#2867=VERTEX_POINT('',#7092);
#2868=VERTEX_POINT('',#7094);
#2869=VERTEX_POINT('',#7096);
#2870=VERTEX_POINT('',#7098);
#2871=VERTEX_POINT('',#7100);
#2872=VERTEX_POINT('',#7102);
#2873=VERTEX_POINT('',#7104);
#2874=VERTEX_POINT('',#7106);
#2875=VERTEX_POINT('',#7108);
#2876=VERTEX_POINT('',#7110);
#2877=VERTEX_POINT('',#7112);
#2878=VERTEX_POINT('',#7114);
#2879=VERTEX_POINT('',#7116);
#2880=VERTEX_POINT('',#7118);
#2881=VERTEX_POINT('',#7120);
#2882=VERTEX_POINT('',#7122);
#2883=VERTEX_POINT('',#7124);
#2884=VERTEX_POINT('',#7126);
#2885=VERTEX_POINT('',#7128);
#2886=VERTEX_POINT('',#7130);
#2887=VERTEX_POINT('',#7132);
#2888=VERTEX_POINT('',#7134);
#2889=VERTEX_POINT('',#7136);
#2890=VERTEX_POINT('',#7138);
#2891=VERTEX_POINT('',#7140);
#2892=VERTEX_POINT('',#7142);
#2893=VERTEX_POINT('',#7144);
#2894=VERTEX_POINT('',#7146);
#2895=VERTEX_POINT('',#7148);
#2896=VERTEX_POINT('',#7150);
#2897=VERTEX_POINT('',#7152);
#2898=VERTEX_POINT('',#7154);
#2899=VERTEX_POINT('',#7156);
#2900=VERTEX_POINT('',#7158);
#2901=VERTEX_POINT('',#7160);
#2902=VERTEX_POINT('',#7162);
#2903=VERTEX_POINT('',#7164);
#2904=VERTEX_POINT('',#7166);
#2905=VERTEX_POINT('',#7168);
#2906=VERTEX_POINT('',#7170);
#2907=VERTEX_POINT('',#7172);
#2908=VERTEX_POINT('',#7174);
#2909=VERTEX_POINT('',#7176);
#2910=VERTEX_POINT('',#7178);
#2911=VERTEX_POINT('',#7180);
#2912=VERTEX_POINT('',#7182);
#2913=VERTEX_POINT('',#7184);
#2914=VERTEX_POINT('',#7186);
#2915=VERTEX_POINT('',#7188);
#2916=VERTEX_POINT('',#7190);
#2917=VERTEX_POINT('',#7194);
#2918=VERTEX_POINT('',#7196);
#2919=VERTEX_POINT('',#7200);
#2920=VERTEX_POINT('',#7204);
#2921=VERTEX_POINT('',#7208);
#2922=VERTEX_POINT('',#7210);
#2923=VERTEX_POINT('',#7214);
#2924=VERTEX_POINT('',#7218);
#2925=VERTEX_POINT('',#7222);
#2926=VERTEX_POINT('',#7223);
#2927=VERTEX_POINT('',#7225);
#2928=VERTEX_POINT('',#7227);
#2929=VERTEX_POINT('',#7231);
#2930=VERTEX_POINT('',#7232);
#2931=VERTEX_POINT('',#7234);
#2932=VERTEX_POINT('',#7236);
#2933=VERTEX_POINT('',#7244);
#2934=VERTEX_POINT('',#7246);
#2935=VERTEX_POINT('',#7248);
#2936=VERTEX_POINT('',#7252);
#2937=VERTEX_POINT('',#7256);
#2938=VERTEX_POINT('',#7257);
#2939=VERTEX_POINT('',#7266);
#2940=VERTEX_POINT('',#7267);
#2941=VERTEX_POINT('',#7269);
#2942=VERTEX_POINT('',#7271);
#2943=VERTEX_POINT('',#7275);
#2944=VERTEX_POINT('',#7276);
#2945=VERTEX_POINT('',#7278);
#2946=VERTEX_POINT('',#7280);
#2947=VERTEX_POINT('',#7284);
#2948=VERTEX_POINT('',#7285);
#2949=VERTEX_POINT('',#7287);
#2950=VERTEX_POINT('',#7289);
#2951=VERTEX_POINT('',#7293);
#2952=VERTEX_POINT('',#7294);
#2953=VERTEX_POINT('',#7296);
#2954=VERTEX_POINT('',#7298);
#2955=VERTEX_POINT('',#7302);
#2956=VERTEX_POINT('',#7304);
#2957=VERTEX_POINT('',#7308);
#2958=VERTEX_POINT('',#7312);
#2959=VERTEX_POINT('',#7316);
#2960=VERTEX_POINT('',#7317);
#2961=VERTEX_POINT('',#7319);
#2962=VERTEX_POINT('',#7321);
#2963=VERTEX_POINT('',#7325);
#2964=VERTEX_POINT('',#7327);
#2965=VERTEX_POINT('',#7331);
#2966=VERTEX_POINT('',#7335);
#2967=VERTEX_POINT('',#7339);
#2968=VERTEX_POINT('',#7340);
#2969=VERTEX_POINT('',#7342);
#2970=VERTEX_POINT('',#7344);
#2971=VERTEX_POINT('',#7348);
#2972=VERTEX_POINT('',#7349);
#2973=VERTEX_POINT('',#7351);
#2974=VERTEX_POINT('',#7353);
#2975=VERTEX_POINT('',#7357);
#2976=VERTEX_POINT('',#7358);
#2977=VERTEX_POINT('',#7360);
#2978=VERTEX_POINT('',#7362);
#2979=VERTEX_POINT('',#7366);
#2980=VERTEX_POINT('',#7367);
#2981=VERTEX_POINT('',#7369);
#2982=VERTEX_POINT('',#7371);
#2983=VERTEX_POINT('',#7379);
#2984=VERTEX_POINT('',#7381);
#2985=VERTEX_POINT('',#7383);
#2986=VERTEX_POINT('',#7387);
#2987=VERTEX_POINT('',#7391);
#2988=VERTEX_POINT('',#7392);
#2989=VERTEX_POINT('',#7401);
#2990=VERTEX_POINT('',#7402);
#2991=VERTEX_POINT('',#7404);
#2992=VERTEX_POINT('',#7406);
#2993=VERTEX_POINT('',#7410);
#2994=VERTEX_POINT('',#7411);
#2995=VERTEX_POINT('',#7413);
#2996=VERTEX_POINT('',#7415);
#2997=VERTEX_POINT('',#7419);
#2998=VERTEX_POINT('',#7420);
#2999=VERTEX_POINT('',#7422);
#3000=VERTEX_POINT('',#7424);
#3001=VERTEX_POINT('',#7428);
#3002=VERTEX_POINT('',#7429);
#3003=VERTEX_POINT('',#7431);
#3004=VERTEX_POINT('',#7433);
#3005=VERTEX_POINT('',#7437);
#3006=VERTEX_POINT('',#7439);
#3007=VERTEX_POINT('',#7443);
#3008=VERTEX_POINT('',#7447);
#3009=VERTEX_POINT('',#7449);
#3010=VERTEX_POINT('',#7453);
#3011=VERTEX_POINT('',#7454);
#3012=VERTEX_POINT('',#7456);
#3013=VERTEX_POINT('',#7458);
#3014=VERTEX_POINT('',#7462);
#3015=VERTEX_POINT('',#7464);
#3016=VERTEX_POINT('',#7466);
#3017=VERTEX_POINT('',#7470);
#3018=VERTEX_POINT('',#7474);
#3019=VERTEX_POINT('',#7478);
#3020=VERTEX_POINT('',#7479);
#3021=VERTEX_POINT('',#7481);
#3022=VERTEX_POINT('',#7483);
#3023=VERTEX_POINT('',#7487);
#3024=VERTEX_POINT('',#7490);
#3025=VERTEX_POINT('',#7493);
#3026=VERTEX_POINT('',#7500);
#3027=VERTEX_POINT('',#7503);
#3028=VERTEX_POINT('',#7506);
#3029=VERTEX_POINT('',#7508);
#3030=VERTEX_POINT('',#7511);
#3031=VERTEX_POINT('',#7513);
#3032=VERTEX_POINT('',#7516);
#3033=VERTEX_POINT('',#7519);
#3034=VERTEX_POINT('',#7522);
#3035=VERTEX_POINT('',#7525);
#3036=VERTEX_POINT('',#7528);
#3037=VERTEX_POINT('',#7529);
#3038=VERTEX_POINT('',#7531);
#3039=VERTEX_POINT('',#7533);
#3040=VERTEX_POINT('',#7537);
#3041=VERTEX_POINT('',#7543);
#3042=VERTEX_POINT('',#7544);
#3043=VERTEX_POINT('',#7546);
#3044=VERTEX_POINT('',#7548);
#3045=VERTEX_POINT('',#7924);
#3046=VERTEX_POINT('',#7926);
#3047=VERTEX_POINT('',#7928);
#3048=VERTEX_POINT('',#7929);
#3049=VERTEX_POINT('',#7931);
#3050=VERTEX_POINT('',#7933);
#3051=VERTEX_POINT('',#7945);
#3052=VERTEX_POINT('',#7947);
#3053=VERTEX_POINT('',#7949);
#3054=VERTEX_POINT('',#7950);
#3055=VERTEX_POINT('',#7952);
#3056=VERTEX_POINT('',#7954);
#3057=VERTEX_POINT('',#7966);
#3058=VERTEX_POINT('',#7970);
#3059=VERTEX_POINT('',#7974);
#3060=VERTEX_POINT('',#7978);
#3061=CIRCLE('',#4540,0.002);
#3062=CIRCLE('',#4541,0.002);
#3063=CIRCLE('',#4542,0.002);
#3064=CIRCLE('',#4543,0.002);
#3065=CIRCLE('',#4544,0.002);
#3066=CIRCLE('',#4545,0.0499261486595832);
#3067=CIRCLE('',#4546,0.0452356905627044);
#3068=CIRCLE('',#4547,0.002);
#3069=CIRCLE('',#4548,0.002);
#3070=CIRCLE('',#4549,0.002);
#3071=CIRCLE('',#4551,0.002);
#3072=CIRCLE('',#4552,0.002);
#3073=CIRCLE('',#4553,0.002);
#3074=CIRCLE('',#4554,0.002);
#3075=CIRCLE('',#4555,0.002);
#3076=CIRCLE('',#4556,0.0445503819518211);
#3077=CIRCLE('',#4557,0.0498);
#3078=CIRCLE('',#4558,0.002);
#3079=CIRCLE('',#4559,0.002);
#3080=CIRCLE('',#4560,0.002);
#3081=CIRCLE('',#4562,0.0291558951252417);
#3082=CIRCLE('',#4565,0.028537956229618);
#3083=CIRCLE('',#4567,0.0183707275995484);
#3084=CIRCLE('',#4569,1.69602431528736E-5);
#3085=CIRCLE('',#4571,1.69602431528736E-5);
#3086=CIRCLE('',#4573,0.0186507509522808);
#3087=CIRCLE('',#4585,0.0015);
#3088=CIRCLE('',#4586,0.0015);
#3089=CIRCLE('',#4587,0.0015);
#3090=CIRCLE('',#4588,0.0015);
#3091=CIRCLE('',#4589,0.04);
#3092=CIRCLE('',#4591,0.0474665060058535);
#3093=CIRCLE('',#4592,0.0452650353353898);
#3094=CIRCLE('',#4593,0.0474665060058535);
#3095=CIRCLE('',#4594,0.0452650353353898);
#3096=CIRCLE('',#4595,0.0474665060058535);
#3097=CIRCLE('',#4596,0.0452650353353898);
#3098=CIRCLE('',#4597,0.0474665060058535);
#3099=CIRCLE('',#4598,0.0452650353353898);
#3100=CIRCLE('',#4599,0.0474665060058535);
#3101=CIRCLE('',#4600,0.0452650353353898);
#3102=CIRCLE('',#4601,0.0474665060058535);
#3103=CIRCLE('',#4602,0.0452650353353898);
#3104=CIRCLE('',#4603,0.05);
#3105=CIRCLE('',#4605,0.0498);
#3106=CIRCLE('',#4607,0.0499261486595832);
#3107=CIRCLE('',#4609,0.0494261486595832);
#3108=CIRCLE('',#4611,0.0464043059957485);
#3109=CIRCLE('',#4612,0.0441920717518264);
#3110=CIRCLE('',#4613,0.0464043059957485);
#3111=CIRCLE('',#4614,0.0441920717518264);
#3112=CIRCLE('',#4615,0.0464043059957485);
#3113=CIRCLE('',#4616,0.0441920717518264);
#3114=CIRCLE('',#4617,0.0464043059957485);
#3115=CIRCLE('',#4618,0.0441920717518264);
#3116=CIRCLE('',#4619,0.0464043059957485);
#3117=CIRCLE('',#4620,0.0441920717518264);
#3118=CIRCLE('',#4621,0.0464043059957485);
#3119=CIRCLE('',#4622,0.0441920717518264);
#3120=CIRCLE('',#4623,0.0394875071933177);
#3121=CIRCLE('',#4625,0.001);
#3122=CIRCLE('',#4626,0.001);
#3123=CIRCLE('',#4627,0.001);
#3124=CIRCLE('',#4628,0.001);
#3125=CIRCLE('',#4654,0.001);
#3126=CIRCLE('',#4657,0.001);
#3127=CIRCLE('',#4660,0.001);
#3128=CIRCLE('',#4663,0.001);
#3129=CIRCLE('',#4666,0.0015);
#3130=CIRCLE('',#4669,0.0015);
#3131=CIRCLE('',#4672,0.0015);
#3132=CIRCLE('',#4675,0.0015);
#3133=CIRCLE('',#4679,0.001);
#3134=CIRCLE('',#4680,0.001);
#3135=CIRCLE('',#4681,0.001);
#3136=CIRCLE('',#4682,0.001);
#3137=CIRCLE('',#4683,0.001);
#3138=CIRCLE('',#4684,0.001);
#3139=CIRCLE('',#4685,0.001);
#3140=CIRCLE('',#4686,0.001);
#3141=CIRCLE('',#4687,0.002);
#3142=CIRCLE('',#4688,0.002);
#3143=CIRCLE('',#4689,0.002);
#3144=CIRCLE('',#4690,0.002);
#3145=CIRCLE('',#4691,0.002);
#3146=CIRCLE('',#4692,0.002);
#3147=CIRCLE('',#4693,0.002);
#3148=CIRCLE('',#4694,0.002);
#3149=CIRCLE('',#4696,0.001);
#3150=CIRCLE('',#4697,0.001);
#3151=CIRCLE('',#4699,0.002);
#3152=CIRCLE('',#4701,0.002);
#3153=CIRCLE('',#4703,0.002);
#3154=CIRCLE('',#4705,0.002);
#3155=CIRCLE('',#4706,0.002);
#3156=CIRCLE('',#4707,0.002);
#3157=CIRCLE('',#4708,0.002);
#3158=CIRCLE('',#4709,0.002);
#3159=CIRCLE('',#4710,0.002);
#3160=CIRCLE('',#4711,0.002);
#3161=CIRCLE('',#4712,0.002);
#3162=CIRCLE('',#4713,0.002);
#3163=CIRCLE('',#4714,0.002);
#3164=CIRCLE('',#4715,0.002);
#3165=CIRCLE('',#4716,0.002);
#3166=CIRCLE('',#4717,0.002);
#3167=CIRCLE('',#4718,0.002);
#3168=CIRCLE('',#4719,0.002);
#3169=CIRCLE('',#4720,0.002);
#3170=CIRCLE('',#4721,0.002);
#3171=CIRCLE('',#4722,0.002);
#3172=CIRCLE('',#4723,0.002);
#3173=CIRCLE('',#4724,0.002);
#3174=CIRCLE('',#4725,0.002);
#3175=CIRCLE('',#4726,0.002);
#3176=CIRCLE('',#4769,0.001);
#3177=CIRCLE('',#4771,0.001);
#3178=CIRCLE('',#4773,0.001);
#3179=CIRCLE('',#4777,0.001);
#3180=CIRCLE('',#4779,0.001);
#3181=CIRCLE('',#4781,0.001);
#3182=CIRCLE('',#4782,0.001);
#3183=CIRCLE('',#4784,0.001);
#3184=CIRCLE('',#4785,0.001);
#3185=CIRCLE('',#4787,0.001);
#3186=CIRCLE('',#4789,0.001);
#3187=CIRCLE('',#4791,0.001);
#3188=CIRCLE('',#4793,0.001);
#3189=CIRCLE('',#4796,0.001);
#3190=CIRCLE('',#4799,0.002);
#3191=CIRCLE('',#4801,0.001);
#3192=CIRCLE('',#4804,0.001);
#3193=CIRCLE('',#4806,0.001);
#3194=CIRCLE('',#4807,0.001);
#3195=CIRCLE('',#4809,0.001);
#3196=CIRCLE('',#4810,0.001);
#3197=CIRCLE('',#4812,0.001);
#3198=CIRCLE('',#4814,0.001);
#3199=CIRCLE('',#4816,0.001);
#3200=CIRCLE('',#4821,0.001);
#3201=CIRCLE('',#4823,0.001);
#3202=CIRCLE('',#4824,0.001);
#3203=CIRCLE('',#4829,0.001);
#3204=CIRCLE('',#4831,0.001);
#3205=CIRCLE('',#4833,0.001);
#3206=CIRCLE('',#4835,0.001);
#3207=CIRCLE('',#4838,0.001);
#3208=CIRCLE('',#4840,0.001);
#3209=CIRCLE('',#4842,0.001);
#3210=CIRCLE('',#4843,0.001);
#3211=CIRCLE('',#4847,0.001);
#3212=CIRCLE('',#4850,0.001);
#3213=CIRCLE('',#4852,0.001);
#3214=CIRCLE('',#4854,0.001);
#3215=CIRCLE('',#4856,0.001);
#3216=CIRCLE('',#4858,0.001);
#3217=CIRCLE('',#4863,0.001);
#3218=CIRCLE('',#4865,0.001);
#3219=CIRCLE('',#4867,0.001);
#3220=CIRCLE('',#4874,0.001);
#3221=CIRCLE('',#4876,0.001);
#3222=CIRCLE('',#4878,0.001);
#3223=CIRCLE('',#4881,0.001);
#3224=CIRCLE('',#4886,0.001);
#3225=CIRCLE('',#4888,0.001);
#3226=CIRCLE('',#4889,0.001);
#3227=CIRCLE('',#4891,0.001);
#3228=CIRCLE('',#4892,0.001);
#3229=CIRCLE('',#4899,0.001);
#3230=CIRCLE('',#4901,0.001);
#3231=CIRCLE('',#4903,0.001);
#3232=CIRCLE('',#4908,0.001);
#3233=CIRCLE('',#4909,0.001);
#3234=CIRCLE('',#4911,0.001);
#3235=CIRCLE('',#4912,0.001);
#3236=CIRCLE('',#4914,0.001);
#3237=CIRCLE('',#4917,0.001);
#3238=CIRCLE('',#4919,0.001);
#3239=CIRCLE('',#4921,0.001);
#3240=CIRCLE('',#4923,0.001);
#3241=CIRCLE('',#4925,0.001);
#3242=CIRCLE('',#4927,0.001);
#3243=CIRCLE('',#4929,0.001);
#3244=CIRCLE('',#4931,0.001);
#3245=CIRCLE('',#4932,0.001);
#3246=CIRCLE('',#4934,0.001);
#3247=CIRCLE('',#4935,0.001);
#3248=CIRCLE('',#4937,0.001);
#3249=CIRCLE('',#4939,0.001);
#3250=CIRCLE('',#4941,0.001);
#3251=CIRCLE('',#4943,0.001);
#3252=CIRCLE('',#4945,0.001);
#3253=CIRCLE('',#4947,0.001);
#3254=CIRCLE('',#4949,0.001);
#3255=CIRCLE('',#4952,0.001);
#3256=CIRCLE('',#4954,0.001);
#3257=CIRCLE('',#4955,0.001);
#3258=CIRCLE('',#4957,0.001);
#3259=CIRCLE('',#4959,0.001);
#3260=CIRCLE('',#4961,0.001);
#3261=CIRCLE('',#4966,0.001);
#3262=CIRCLE('',#4968,0.001);
#3263=CIRCLE('',#4970,0.001);
#3264=CIRCLE('',#4971,0.001);
#3265=CIRCLE('',#4973,0.001);
#3266=CIRCLE('',#4975,0.001);
#3267=CIRCLE('',#4977,0.001);
#3268=CIRCLE('',#4983,0.001);
#3269=CIRCLE('',#4985,0.001);
#3270=CIRCLE('',#4986,0.001);
#3271=CIRCLE('',#4990,0.001);
#3272=CIRCLE('',#4994,0.001);
#3273=CIRCLE('',#4996,0.001);
#3274=CIRCLE('',#5002,0.001);
#3275=CIRCLE('',#5008,0.001);
#3276=CIRCLE('',#5013,0.001);
#3277=CIRCLE('',#5014,0.001);
#3278=CIRCLE('',#5016,0.001);
#3279=CIRCLE('',#5019,0.001);
#3280=CIRCLE('',#5021,0.001);
#3281=CIRCLE('',#5023,0.001);
#3282=CIRCLE('',#5025,0.001);
#3283=CIRCLE('',#5029,0.001);
#3284=CIRCLE('',#5031,0.001);
#3285=CIRCLE('',#5032,0.001);
#3286=CIRCLE('',#5034,0.001);
#3287=CIRCLE('',#5036,0.001);
#3288=CIRCLE('',#5038,0.001);
#3289=CIRCLE('',#5040,0.001);
#3290=CIRCLE('',#5042,0.001);
#3291=CIRCLE('',#5045,0.001);
#3292=CIRCLE('',#5047,0.001);
#3293=CIRCLE('',#5049,0.001);
#3294=CIRCLE('',#5050,0.001);
#3295=CIRCLE('',#5054,0.001);
#3296=CIRCLE('',#5056,0.001);
#3297=CIRCLE('',#5058,0.001);
#3298=CIRCLE('',#5063,0.001);
#3299=CIRCLE('',#5065,0.001);
#3300=CIRCLE('',#5066,0.001);
#3301=CIRCLE('',#5068,0.001);
#3302=CIRCLE('',#5070,0.001);
#3303=CIRCLE('',#5072,0.001);
#3304=CIRCLE('',#5074,0.001);
#3305=CIRCLE('',#5076,0.001);
#3306=CIRCLE('',#5078,0.001);
#3307=CIRCLE('',#5083,0.0015);
#3308=CIRCLE('',#5084,0.0015);
#3309=CIRCLE('',#5090,0.0015);
#3310=CIRCLE('',#5091,0.0015);
#3311=CIRCLE('',#5097,0.0015);
#3312=CIRCLE('',#5100,0.0015);
#3313=CIRCLE('',#5103,0.0015);
#3314=CIRCLE('',#5106,0.0015);
#3315=EDGE_LOOP('',(#837));
#3316=EDGE_LOOP('',(#838));
#3317=EDGE_LOOP('',(#839));
#3318=EDGE_LOOP('',(#840));
#3319=EDGE_LOOP('',(#841));
#3320=EDGE_LOOP('',(#842));
#3321=EDGE_LOOP('',(#843));
#3322=EDGE_LOOP('',(#844));
#3323=EDGE_LOOP('',(#845));
#3324=EDGE_LOOP('',(#846));
#3325=EDGE_LOOP('',(#847));
#3326=EDGE_LOOP('',(#848));
#3327=EDGE_LOOP('',(#849));
#3328=EDGE_LOOP('',(#850));
#3329=EDGE_LOOP('',(#851));
#3330=EDGE_LOOP('',(#852));
#3331=EDGE_LOOP('',(#853));
#3332=EDGE_LOOP('',(#854));
#3333=EDGE_LOOP('',(#855));
#3334=EDGE_LOOP('',(#856));
#3335=EDGE_LOOP('',(#857));
#3336=EDGE_LOOP('',(#858));
#3337=EDGE_LOOP('',(#859));
#3338=EDGE_LOOP('',(#860));
#3339=EDGE_LOOP('',(#861));
#3340=EDGE_LOOP('',(#862));
#3341=EDGE_LOOP('',(#863));
#3342=EDGE_LOOP('',(#864));
#3343=EDGE_LOOP('',(#865));
#3344=EDGE_LOOP('',(#866));
#3345=EDGE_LOOP('',(#867));
#3346=EDGE_LOOP('',(#868));
#3347=EDGE_LOOP('',(#869));
#3348=EDGE_LOOP('',(#870));
#3349=EDGE_LOOP('',(#871));
#3350=EDGE_LOOP('',(#872));
#3351=EDGE_LOOP('',(#873));
#3352=EDGE_LOOP('',(#874));
#3353=EDGE_LOOP('',(#875));
#3354=EDGE_LOOP('',(#876));
#3355=EDGE_LOOP('',(#877));
#3356=EDGE_LOOP('',(#878));
#3357=EDGE_LOOP('',(#879));
#3358=EDGE_LOOP('',(#880));
#3359=EDGE_LOOP('',(#881));
#3360=EDGE_LOOP('',(#882));
#3361=EDGE_LOOP('',(#883));
#3362=EDGE_LOOP('',(#884));
#3363=EDGE_LOOP('',(#885));
#3364=EDGE_LOOP('',(#886));
#3365=EDGE_LOOP('',(#887));
#3366=EDGE_LOOP('',(#888));
#3367=EDGE_LOOP('',(#889));
#3368=EDGE_LOOP('',(#890));
#3369=EDGE_LOOP('',(#891));
#3370=EDGE_LOOP('',(#892));
#3371=EDGE_LOOP('',(#893));
#3372=EDGE_LOOP('',(#894,#895,#896,#897));
#3373=EDGE_LOOP('',(#898,#899,#900,#901));
#3374=EDGE_LOOP('',(#902,#903,#904,#905));
#3375=EDGE_LOOP('',(#906,#907,#908,#909));
#3376=EDGE_LOOP('',(#910,#911,#912,#913));
#3377=EDGE_LOOP('',(#914,#915,#916,#917));
#3378=EDGE_LOOP('',(#918));
#3379=EDGE_LOOP('',(#919));
#3380=EDGE_LOOP('',(#920));
#3381=EDGE_LOOP('',(#921));
#3382=EDGE_LOOP('',(#922));
#3383=EDGE_LOOP('',(#923));
#3384=EDGE_LOOP('',(#924));
#3385=EDGE_LOOP('',(#925));
#3386=EDGE_LOOP('',(#926,#927,#928,#929));
#3387=EDGE_LOOP('',(#930,#931,#932,#933));
#3388=EDGE_LOOP('',(#934,#935,#936,#937));
#3389=EDGE_LOOP('',(#938,#939,#940,#941));
#3390=EDGE_LOOP('',(#942,#943,#944,#945));
#3391=EDGE_LOOP('',(#946,#947,#948,#949));
#3392=EDGE_LOOP('',(#950));
#3393=EDGE_LOOP('',(#951));
#3394=EDGE_LOOP('',(#952));
#3395=EDGE_LOOP('',(#953));
#3396=EDGE_LOOP('',(#954));
#3397=EDGE_LOOP('',(#955));
#3398=EDGE_LOOP('',(#956));
#3399=EDGE_LOOP('',(#957,#958,#959,#960));
#3400=EDGE_LOOP('',(#961,#962,#963,#964));
#3401=EDGE_LOOP('',(#965,#966,#967,#968));
#3402=EDGE_LOOP('',(#969,#970,#971,#972));
#3403=EDGE_LOOP('',(#973,#974,#975,#976));
#3404=EDGE_LOOP('',(#977,#978,#979,#980));
#3405=EDGE_LOOP('',(#981,#982,#983,#984));
#3406=EDGE_LOOP('',(#985,#986,#987,#988));
#3407=EDGE_LOOP('',(#989,#990,#991,#992));
#3408=EDGE_LOOP('',(#993,#994,#995,#996));
#3409=EDGE_LOOP('',(#997,#998,#999,#1000));
#3410=EDGE_LOOP('',(#1001,#1002,#1003,#1004));
#3411=EDGE_LOOP('',(#1005,#1006,#1007,#1008));
#3412=EDGE_LOOP('',(#1009,#1010,#1011,#1012));
#3413=EDGE_LOOP('',(#1013,#1014,#1015,#1016));
#3414=EDGE_LOOP('',(#1017,#1018,#1019,#1020));
#3415=EDGE_LOOP('',(#1021,#1022,#1023,#1024));
#3416=EDGE_LOOP('',(#1025,#1026,#1027,#1028));
#3417=EDGE_LOOP('',(#1029,#1030,#1031,#1032));
#3418=EDGE_LOOP('',(#1033,#1034,#1035,#1036));
#3419=EDGE_LOOP('',(#1037,#1038,#1039,#1040));
#3420=EDGE_LOOP('',(#1041,#1042,#1043,#1044));
#3421=EDGE_LOOP('',(#1045,#1046,#1047,#1048));
#3422=EDGE_LOOP('',(#1049,#1050,#1051,#1052));
#3423=EDGE_LOOP('',(#1053));
#3424=EDGE_LOOP('',(#1054));
#3425=EDGE_LOOP('',(#1055));
#3426=EDGE_LOOP('',(#1056));
#3427=EDGE_LOOP('',(#1057));
#3428=EDGE_LOOP('',(#1058));
#3429=EDGE_LOOP('',(#1059));
#3430=EDGE_LOOP('',(#1060));
#3431=EDGE_LOOP('',(#1061));
#3432=EDGE_LOOP('',(#1062));
#3433=EDGE_LOOP('',(#1063));
#3434=EDGE_LOOP('',(#1064));
#3435=EDGE_LOOP('',(#1065));
#3436=EDGE_LOOP('',(#1066));
#3437=EDGE_LOOP('',(#1067));
#3438=EDGE_LOOP('',(#1068));
#3439=EDGE_LOOP('',(#1069));
#3440=EDGE_LOOP('',(#1070));
#3441=EDGE_LOOP('',(#1071));
#3442=EDGE_LOOP('',(#1072));
#3443=EDGE_LOOP('',(#1073));
#3444=EDGE_LOOP('',(#1074));
#3445=EDGE_LOOP('',(#1075));
#3446=EDGE_LOOP('',(#1076));
#3447=EDGE_LOOP('',(#1077));
#3448=EDGE_LOOP('',(#1078));
#3449=EDGE_LOOP('',(#1079));
#3450=EDGE_LOOP('',(#1080));
#3451=EDGE_LOOP('',(#1081,#1082,#1083,#1084));
#3452=EDGE_LOOP('',(#1085,#1086,#1087,#1088));
#3453=EDGE_LOOP('',(#1089));
#3454=EDGE_LOOP('',(#1090));
#3455=EDGE_LOOP('',(#1091));
#3456=EDGE_LOOP('',(#1092));
#3457=EDGE_LOOP('',(#1093,#1094,#1095,#1096,#1097,#1098,#1099,#1100,#1101,
#1102,#1103,#1104,#1105,#1106,#1107,#1108,#1109,#1110,#1111,#1112,#1113,
#1114,#1115,#1116,#1117,#1118,#1119,#1120,#1121,#1122,#1123,#1124,#1125,
#1126,#1127,#1128,#1129,#1130,#1131,#1132,#1133,#1134,#1135,#1136));
#3458=EDGE_LOOP('',(#1137));
#3459=EDGE_LOOP('',(#1138));
#3460=EDGE_LOOP('',(#1139,#1140,#1141,#1142));
#3461=EDGE_LOOP('',(#1143,#1144,#1145,#1146));
#3462=EDGE_LOOP('',(#1147,#1148,#1149,#1150));
#3463=EDGE_LOOP('',(#1151,#1152,#1153,#1154));
#3464=EDGE_LOOP('',(#1155,#1156,#1157,#1158,#1159,#1160,#1161,#1162,#1163,
#1164,#1165,#1166,#1167,#1168,#1169,#1170,#1171,#1172,#1173,#1174,#1175,
#1176,#1177,#1178,#1179,#1180,#1181,#1182,#1183,#1184,#1185,#1186,#1187,
#1188,#1189,#1190,#1191,#1192,#1193,#1194,#1195,#1196,#1197,#1198,#1199,
#1200,#1201,#1202,#1203,#1204,#1205,#1206,#1207,#1208,#1209,#1210,#1211,
#1212,#1213,#1214,#1215,#1216,#1217,#1218,#1219,#1220,#1221,#1222,#1223,
#1224,#1225,#1226));
#3465=EDGE_LOOP('',(#1227,#1228,#1229,#1230));
#3466=EDGE_LOOP('',(#1231,#1232,#1233,#1234));
#3467=EDGE_LOOP('',(#1235,#1236,#1237,#1238));
#3468=EDGE_LOOP('',(#1239,#1240,#1241,#1242));
#3469=EDGE_LOOP('',(#1243,#1244,#1245,#1246));
#3470=EDGE_LOOP('',(#1247,#1248,#1249,#1250));
#3471=EDGE_LOOP('',(#1251,#1252,#1253,#1254));
#3472=EDGE_LOOP('',(#1255,#1256,#1257,#1258));
#3473=EDGE_LOOP('',(#1259,#1260,#1261,#1262,#1263));
#3474=EDGE_LOOP('',(#1264,#1265,#1266,#1267));
#3475=EDGE_LOOP('',(#1268,#1269,#1270,#1271,#1272));
#3476=EDGE_LOOP('',(#1273,#1274,#1275,#1276));
#3477=EDGE_LOOP('',(#1277,#1278,#1279,#1280));
#3478=EDGE_LOOP('',(#1281,#1282,#1283,#1284));
#3479=EDGE_LOOP('',(#1285,#1286,#1287,#1288));
#3480=EDGE_LOOP('',(#1289,#1290,#1291,#1292));
#3481=EDGE_LOOP('',(#1293,#1294,#1295,#1296));
#3482=EDGE_LOOP('',(#1297,#1298,#1299,#1300));
#3483=EDGE_LOOP('',(#1301,#1302,#1303,#1304));
#3484=EDGE_LOOP('',(#1305,#1306,#1307,#1308));
#3485=EDGE_LOOP('',(#1309,#1310,#1311,#1312));
#3486=EDGE_LOOP('',(#1313,#1314,#1315,#1316));
#3487=EDGE_LOOP('',(#1317,#1318,#1319,#1320));
#3488=EDGE_LOOP('',(#1321,#1322,#1323,#1324));
#3489=EDGE_LOOP('',(#1325,#1326,#1327,#1328));
#3490=EDGE_LOOP('',(#1329,#1330,#1331,#1332));
#3491=EDGE_LOOP('',(#1333,#1334,#1335,#1336,#1337));
#3492=EDGE_LOOP('',(#1338,#1339,#1340,#1341));
#3493=EDGE_LOOP('',(#1342,#1343,#1344,#1345,#1346));
#3494=EDGE_LOOP('',(#1347,#1348,#1349,#1350));
#3495=EDGE_LOOP('',(#1351,#1352,#1353,#1354));
#3496=EDGE_LOOP('',(#1355,#1356,#1357,#1358));
#3497=EDGE_LOOP('',(#1359,#1360,#1361,#1362));
#3498=EDGE_LOOP('',(#1363,#1364,#1365,#1366));
#3499=EDGE_LOOP('',(#1367,#1368,#1369,#1370));
#3500=EDGE_LOOP('',(#1371,#1372,#1373,#1374));
#3501=EDGE_LOOP('',(#1375,#1376,#1377,#1378));
#3502=EDGE_LOOP('',(#1379,#1380,#1381,#1382));
#3503=EDGE_LOOP('',(#1383,#1384,#1385,#1386));
#3504=EDGE_LOOP('',(#1387,#1388,#1389,#1390));
#3505=EDGE_LOOP('',(#1391,#1392,#1393,#1394));
#3506=EDGE_LOOP('',(#1395));
#3507=EDGE_LOOP('',(#1396));
#3508=EDGE_LOOP('',(#1397));
#3509=EDGE_LOOP('',(#1398));
#3510=EDGE_LOOP('',(#1399));
#3511=EDGE_LOOP('',(#1400));
#3512=EDGE_LOOP('',(#1401,#1402,#1403,#1404));
#3513=EDGE_LOOP('',(#1405,#1406,#1407,#1408));
#3514=EDGE_LOOP('',(#1409));
#3515=EDGE_LOOP('',(#1410));
#3516=EDGE_LOOP('',(#1411));
#3517=EDGE_LOOP('',(#1412));
#3518=EDGE_LOOP('',(#1413));
#3519=EDGE_LOOP('',(#1414));
#3520=EDGE_LOOP('',(#1415));
#3521=EDGE_LOOP('',(#1416));
#3522=EDGE_LOOP('',(#1417));
#3523=EDGE_LOOP('',(#1418));
#3524=EDGE_LOOP('',(#1419));
#3525=EDGE_LOOP('',(#1420));
#3526=EDGE_LOOP('',(#1421));
#3527=EDGE_LOOP('',(#1422));
#3528=EDGE_LOOP('',(#1423));
#3529=EDGE_LOOP('',(#1424));
#3530=EDGE_LOOP('',(#1425,#1426,#1427,#1428));
#3531=EDGE_LOOP('',(#1429));
#3532=EDGE_LOOP('',(#1430));
#3533=EDGE_LOOP('',(#1431,#1432,#1433,#1434));
#3534=EDGE_LOOP('',(#1435));
#3535=EDGE_LOOP('',(#1436));
#3536=EDGE_LOOP('',(#1437,#1438,#1439,#1440));
#3537=EDGE_LOOP('',(#1441,#1442,#1443,#1444));
#3538=EDGE_LOOP('',(#1445,#1446,#1447,#1448));
#3539=EDGE_LOOP('',(#1449,#1450,#1451));
#3540=EDGE_LOOP('',(#1452,#1453,#1454));
#3541=EDGE_LOOP('',(#1455,#1456,#1457,#1458));
#3542=EDGE_LOOP('',(#1459,#1460,#1461,#1462));
#3543=EDGE_LOOP('',(#1463,#1464,#1465,#1466));
#3544=EDGE_LOOP('',(#1467,#1468,#1469,#1470,#1471,#1472));
#3545=EDGE_LOOP('',(#1473));
#3546=EDGE_LOOP('',(#1474,#1475,#1476,#1477));
#3547=EDGE_LOOP('',(#1478,#1479,#1480));
#3548=EDGE_LOOP('',(#1481,#1482,#1483));
#3549=EDGE_LOOP('',(#1484,#1485,#1486,#1487));
#3550=EDGE_LOOP('',(#1488));
#3551=EDGE_LOOP('',(#1489,#1490));
#3552=EDGE_LOOP('',(#1491,#1492,#1493,#1494,#1495,#1496));
#3553=EDGE_LOOP('',(#1497,#1498,#1499,#1500));
#3554=EDGE_LOOP('',(#1501,#1502,#1503,#1504));
#3555=EDGE_LOOP('',(#1505,#1506,#1507,#1508));
#3556=EDGE_LOOP('',(#1509,#1510,#1511,#1512,#1513,#1514));
#3557=EDGE_LOOP('',(#1515,#1516,#1517));
#3558=EDGE_LOOP('',(#1518,#1519,#1520,#1521));
#3559=EDGE_LOOP('',(#1522,#1523,#1524,#1525));
#3560=EDGE_LOOP('',(#1526,#1527,#1528));
#3561=EDGE_LOOP('',(#1529));
#3562=EDGE_LOOP('',(#1530,#1531));
#3563=EDGE_LOOP('',(#1532,#1533,#1534,#1535));
#3564=EDGE_LOOP('',(#1536,#1537,#1538,#1539));
#3565=EDGE_LOOP('',(#1540,#1541,#1542,#1543));
#3566=EDGE_LOOP('',(#1544,#1545,#1546,#1547));
#3567=EDGE_LOOP('',(#1548,#1549,#1550,#1551));
#3568=EDGE_LOOP('',(#1552,#1553,#1554,#1555,#1556,#1557));
#3569=EDGE_LOOP('',(#1558,#1559,#1560,#1561));
#3570=EDGE_LOOP('',(#1562,#1563,#1564,#1565));
#3571=EDGE_LOOP('',(#1566,#1567,#1568));
#3572=EDGE_LOOP('',(#1569));
#3573=EDGE_LOOP('',(#1570,#1571));
#3574=EDGE_LOOP('',(#1572,#1573,#1574,#1575));
#3575=EDGE_LOOP('',(#1576,#1577,#1578,#1579));
#3576=EDGE_LOOP('',(#1580,#1581,#1582,#1583));
#3577=EDGE_LOOP('',(#1584,#1585,#1586,#1587));
#3578=EDGE_LOOP('',(#1588,#1589,#1590,#1591));
#3579=EDGE_LOOP('',(#1592,#1593,#1594,#1595));
#3580=EDGE_LOOP('',(#1596,#1597,#1598,#1599,#1600,#1601));
#3581=EDGE_LOOP('',(#1602,#1603,#1604,#1605,#1606,#1607));
#3582=EDGE_LOOP('',(#1608,#1609,#1610,#1611));
#3583=EDGE_LOOP('',(#1612,#1613,#1614));
#3584=EDGE_LOOP('',(#1615,#1616,#1617));
#3585=EDGE_LOOP('',(#1618,#1619,#1620,#1621));
#3586=EDGE_LOOP('',(#1622));
#3587=EDGE_LOOP('',(#1623,#1624,#1625,#1626));
#3588=EDGE_LOOP('',(#1627,#1628,#1629,#1630));
#3589=EDGE_LOOP('',(#1631,#1632,#1633,#1634));
#3590=EDGE_LOOP('',(#1635,#1636,#1637,#1638));
#3591=EDGE_LOOP('',(#1639,#1640,#1641,#1642));
#3592=EDGE_LOOP('',(#1643,#1644,#1645,#1646,#1647,#1648));
#3593=EDGE_LOOP('',(#1649,#1650,#1651,#1652,#1653,#1654));
#3594=EDGE_LOOP('',(#1655,#1656,#1657,#1658));
#3595=EDGE_LOOP('',(#1659,#1660,#1661));
#3596=EDGE_LOOP('',(#1662,#1663,#1664));
#3597=EDGE_LOOP('',(#1665));
#3598=EDGE_LOOP('',(#1666,#1667,#1668,#1669));
#3599=EDGE_LOOP('',(#1670,#1671,#1672,#1673));
#3600=EDGE_LOOP('',(#1674,#1675,#1676,#1677));
#3601=EDGE_LOOP('',(#1678,#1679,#1680,#1681));
#3602=EDGE_LOOP('',(#1682,#1683,#1684,#1685));
#3603=EDGE_LOOP('',(#1686,#1687,#1688,#1689));
#3604=EDGE_LOOP('',(#1690,#1691,#1692,#1693,#1694,#1695));
#3605=EDGE_LOOP('',(#1696,#1697,#1698,#1699));
#3606=EDGE_LOOP('',(#1700,#1701,#1702,#1703));
#3607=EDGE_LOOP('',(#1704,#1705,#1706,#1707));
#3608=EDGE_LOOP('',(#1708,#1709,#1710));
#3609=EDGE_LOOP('',(#1711,#1712,#1713,#1714));
#3610=EDGE_LOOP('',(#1715,#1716,#1717,#1718));
#3611=EDGE_LOOP('',(#1719,#1720,#1721,#1722));
#3612=EDGE_LOOP('',(#1723,#1724,#1725,#1726));
#3613=EDGE_LOOP('',(#1727,#1728,#1729,#1730));
#3614=EDGE_LOOP('',(#1731,#1732,#1733,#1734));
#3615=EDGE_LOOP('',(#1735));
#3616=EDGE_LOOP('',(#1736,#1737));
#3617=EDGE_LOOP('',(#1738,#1739,#1740,#1741));
#3618=EDGE_LOOP('',(#1742,#1743,#1744));
#3619=EDGE_LOOP('',(#1745,#1746,#1747,#1748));
#3620=EDGE_LOOP('',(#1749,#1750,#1751,#1752));
#3621=EDGE_LOOP('',(#1753,#1754,#1755,#1756));
#3622=EDGE_LOOP('',(#1757,#1758,#1759,#1760,#1761,#1762));
#3623=EDGE_LOOP('',(#1763,#1764,#1765,#1766));
#3624=EDGE_LOOP('',(#1767,#1768,#1769,#1770));
#3625=EDGE_LOOP('',(#1771,#1772,#1773,#1774));
#3626=EDGE_LOOP('',(#1775,#1776,#1777));
#3627=EDGE_LOOP('',(#1778,#1779,#1780,#1781));
#3628=EDGE_LOOP('',(#1782,#1783,#1784,#1785));
#3629=EDGE_LOOP('',(#1786,#1787,#1788,#1789));
#3630=EDGE_LOOP('',(#1790,#1791,#1792,#1793));
#3631=EDGE_LOOP('',(#1794,#1795,#1796));
#3632=EDGE_LOOP('',(#1797,#1798,#1799));
#3633=EDGE_LOOP('',(#1800,#1801,#1802,#1803));
#3634=EDGE_LOOP('',(#1804,#1805,#1806,#1807));
#3635=EDGE_LOOP('',(#1808,#1809,#1810,#1811,#1812,#1813));
#3636=EDGE_LOOP('',(#1814,#1815,#1816,#1817,#1818,#1819));
#3637=EDGE_LOOP('',(#1820,#1821,#1822,#1823));
#3638=EDGE_LOOP('',(#1824,#1825,#1826,#1827));
#3639=EDGE_LOOP('',(#1828,#1829,#1830,#1831));
#3640=EDGE_LOOP('',(#1832));
#3641=EDGE_LOOP('',(#1833,#1834,#1835,#1836));
#3642=EDGE_LOOP('',(#1837));
#3643=EDGE_LOOP('',(#1838,#1839,#1840,#1841));
#3644=EDGE_LOOP('',(#1842,#1843,#1844));
#3645=EDGE_LOOP('',(#1845,#1846,#1847,#1848,#1849,#1850));
#3646=EDGE_LOOP('',(#1851,#1852,#1853,#1854,#1855,#1856));
#3647=EDGE_LOOP('',(#1857,#1858,#1859,#1860));
#3648=EDGE_LOOP('',(#1861));
#3649=EDGE_LOOP('',(#1862,#1863));
#3650=EDGE_LOOP('',(#1864,#1865,#1866,#1867));
#3651=EDGE_LOOP('',(#1868,#1869,#1870,#1871));
#3652=EDGE_LOOP('',(#1872,#1873,#1874,#1875,#1876,#1877));
#3653=EDGE_LOOP('',(#1878,#1879,#1880,#1881));
#3654=EDGE_LOOP('',(#1882,#1883,#1884,#1885));
#3655=EDGE_LOOP('',(#1886,#1887,#1888,#1889));
#3656=EDGE_LOOP('',(#1890,#1891,#1892));
#3657=EDGE_LOOP('',(#1893,#1894,#1895,#1896));
#3658=EDGE_LOOP('',(#1897,#1898,#1899,#1900));
#3659=EDGE_LOOP('',(#1901,#1902,#1903,#1904));
#3660=EDGE_LOOP('',(#1905,#1906,#1907,#1908));
#3661=EDGE_LOOP('',(#1909,#1910,#1911,#1912));
#3662=EDGE_LOOP('',(#1913,#1914,#1915,#1916));
#3663=EDGE_LOOP('',(#1917,#1918,#1919,#1920));
#3664=EDGE_LOOP('',(#1921,#1922,#1923,#1924));
#3665=EDGE_LOOP('',(#1925));
#3666=EDGE_LOOP('',(#1926,#1927));
#3667=EDGE_LOOP('',(#1928,#1929,#1930));
#3668=EDGE_LOOP('',(#1931,#1932,#1933,#1934));
#3669=EDGE_LOOP('',(#1935,#1936,#1937));
#3670=EDGE_LOOP('',(#1938,#1939,#1940,#1941,#1942,#1943));
#3671=EDGE_LOOP('',(#1944,#1945,#1946,#1947));
#3672=EDGE_LOOP('',(#1948,#1949,#1950,#1951));
#3673=EDGE_LOOP('',(#1952,#1953,#1954,#1955,#1956,#1957));
#3674=EDGE_LOOP('',(#1958));
#3675=EDGE_LOOP('',(#1959,#1960,#1961,#1962));
#3676=EDGE_LOOP('',(#1963,#1964,#1965,#1966));
#3677=EDGE_LOOP('',(#1967,#1968,#1969));
#3678=EDGE_LOOP('',(#1970,#1971,#1972));
#3679=EDGE_LOOP('',(#1973,#1974,#1975,#1976));
#3680=EDGE_LOOP('',(#1977,#1978,#1979,#1980,#1981,#1982));
#3681=EDGE_LOOP('',(#1983,#1984,#1985,#1986));
#3682=EDGE_LOOP('',(#1987,#1988,#1989,#1990));
#3683=EDGE_LOOP('',(#1991,#1992,#1993));
#3684=EDGE_LOOP('',(#1994,#1995,#1996));
#3685=EDGE_LOOP('',(#1997,#1998,#1999,#2000));
#3686=EDGE_LOOP('',(#2001,#2002,#2003,#2004));
#3687=EDGE_LOOP('',(#2005));
#3688=EDGE_LOOP('',(#2006));
#3689=EDGE_LOOP('',(#2007,#2008,#2009,#2010));
#3690=EDGE_LOOP('',(#2011,#2012,#2013,#2014));
#3691=EDGE_LOOP('',(#2015,#2016,#2017,#2018));
#3692=EDGE_LOOP('',(#2019,#2020,#2021,#2022));
#3693=EDGE_LOOP('',(#2023,#2024,#2025,#2026));
#3694=EDGE_LOOP('',(#2027));
#3695=EDGE_LOOP('',(#2028));
#3696=EDGE_LOOP('',(#2029,#2030,#2031,#2032));
#3697=EDGE_LOOP('',(#2033,#2034,#2035,#2036));
#3698=EDGE_LOOP('',(#2037,#2038,#2039,#2040));
#3699=EDGE_LOOP('',(#2041,#2042,#2043,#2044));
#3700=EDGE_LOOP('',(#2045,#2046,#2047,#2048));
#3701=EDGE_LOOP('',(#2049));
#3702=EDGE_LOOP('',(#2050));
#3703=EDGE_LOOP('',(#2051));
#3704=EDGE_LOOP('',(#2052));
#3705=EDGE_LOOP('',(#2053));
#3706=EDGE_LOOP('',(#2054));
#3707=EDGE_LOOP('',(#2055));
#3708=EDGE_LOOP('',(#2056));
#3709=EDGE_LOOP('',(#2057));
#3710=EDGE_LOOP('',(#2058));
#3711=EDGE_LOOP('',(#2059));
#3712=EDGE_LOOP('',(#2060));
#3713=FACE_BOUND('',#3315,.T.);
#3714=FACE_BOUND('',#3316,.T.);
#3715=FACE_BOUND('',#3317,.T.);
#3716=FACE_BOUND('',#3318,.T.);
#3717=FACE_BOUND('',#3319,.T.);
#3718=FACE_BOUND('',#3320,.T.);
#3719=FACE_BOUND('',#3321,.T.);
#3720=FACE_BOUND('',#3322,.T.);
#3721=FACE_BOUND('',#3323,.T.);
#3722=FACE_BOUND('',#3324,.T.);
#3723=FACE_BOUND('',#3325,.T.);
#3724=FACE_BOUND('',#3326,.T.);
#3725=FACE_BOUND('',#3327,.T.);
#3726=FACE_BOUND('',#3328,.T.);
#3727=FACE_BOUND('',#3329,.T.);
#3728=FACE_BOUND('',#3330,.T.);
#3729=FACE_BOUND('',#3331,.T.);
#3730=FACE_BOUND('',#3332,.T.);
#3731=FACE_BOUND('',#3333,.T.);
#3732=FACE_BOUND('',#3334,.T.);
#3733=FACE_BOUND('',#3335,.T.);
#3734=FACE_BOUND('',#3336,.T.);
#3735=FACE_BOUND('',#3337,.T.);
#3736=FACE_BOUND('',#3338,.T.);
#3737=FACE_BOUND('',#3339,.T.);
#3738=FACE_BOUND('',#3340,.T.);
#3739=FACE_BOUND('',#3341,.T.);
#3740=FACE_BOUND('',#3342,.T.);
#3741=FACE_BOUND('',#3343,.T.);
#3742=FACE_BOUND('',#3344,.T.);
#3743=FACE_BOUND('',#3345,.T.);
#3744=FACE_BOUND('',#3346,.T.);
#3745=FACE_BOUND('',#3347,.T.);
#3746=FACE_BOUND('',#3348,.T.);
#3747=FACE_BOUND('',#3349,.T.);
#3748=FACE_BOUND('',#3350,.T.);
#3749=FACE_BOUND('',#3351,.T.);
#3750=FACE_BOUND('',#3352,.T.);
#3751=FACE_BOUND('',#3353,.T.);
#3752=FACE_BOUND('',#3354,.T.);
#3753=FACE_BOUND('',#3355,.T.);
#3754=FACE_BOUND('',#3356,.T.);
#3755=FACE_BOUND('',#3357,.T.);
#3756=FACE_BOUND('',#3358,.T.);
#3757=FACE_BOUND('',#3359,.T.);
#3758=FACE_BOUND('',#3360,.T.);
#3759=FACE_BOUND('',#3361,.T.);
#3760=FACE_BOUND('',#3362,.T.);
#3761=FACE_BOUND('',#3363,.T.);
#3762=FACE_BOUND('',#3364,.T.);
#3763=FACE_BOUND('',#3365,.T.);
#3764=FACE_BOUND('',#3366,.T.);
#3765=FACE_BOUND('',#3367,.T.);
#3766=FACE_BOUND('',#3368,.T.);
#3767=FACE_BOUND('',#3369,.T.);
#3768=FACE_BOUND('',#3370,.T.);
#3769=FACE_BOUND('',#3371,.T.);
#3770=FACE_BOUND('',#3372,.T.);
#3771=FACE_BOUND('',#3373,.T.);
#3772=FACE_BOUND('',#3374,.T.);
#3773=FACE_BOUND('',#3375,.T.);
#3774=FACE_BOUND('',#3376,.T.);
#3775=FACE_BOUND('',#3377,.T.);
#3776=FACE_BOUND('',#3378,.T.);
#3777=FACE_BOUND('',#3379,.T.);
#3778=FACE_BOUND('',#3380,.T.);
#3779=FACE_BOUND('',#3381,.T.);
#3780=FACE_BOUND('',#3382,.T.);
#3781=FACE_BOUND('',#3383,.T.);
#3782=FACE_BOUND('',#3384,.T.);
#3783=FACE_BOUND('',#3385,.T.);
#3784=FACE_BOUND('',#3386,.T.);
#3785=FACE_BOUND('',#3387,.T.);
#3786=FACE_BOUND('',#3388,.T.);
#3787=FACE_BOUND('',#3389,.T.);
#3788=FACE_BOUND('',#3390,.T.);
#3789=FACE_BOUND('',#3391,.T.);
#3790=FACE_BOUND('',#3392,.T.);
#3791=FACE_BOUND('',#3393,.T.);
#3792=FACE_BOUND('',#3394,.T.);
#3793=FACE_BOUND('',#3395,.T.);
#3794=FACE_BOUND('',#3396,.T.);
#3795=FACE_BOUND('',#3397,.T.);
#3796=FACE_BOUND('',#3398,.T.);
#3797=FACE_BOUND('',#3399,.T.);
#3798=FACE_BOUND('',#3400,.T.);
#3799=FACE_BOUND('',#3401,.T.);
#3800=FACE_BOUND('',#3402,.T.);
#3801=FACE_BOUND('',#3403,.T.);
#3802=FACE_BOUND('',#3404,.T.);
#3803=FACE_BOUND('',#3405,.T.);
#3804=FACE_BOUND('',#3406,.T.);
#3805=FACE_BOUND('',#3407,.T.);
#3806=FACE_BOUND('',#3408,.T.);
#3807=FACE_BOUND('',#3409,.T.);
#3808=FACE_BOUND('',#3410,.T.);
#3809=FACE_BOUND('',#3411,.T.);
#3810=FACE_BOUND('',#3412,.T.);
#3811=FACE_BOUND('',#3413,.T.);
#3812=FACE_BOUND('',#3414,.T.);
#3813=FACE_BOUND('',#3415,.T.);
#3814=FACE_BOUND('',#3416,.T.);
#3815=FACE_BOUND('',#3417,.T.);
#3816=FACE_BOUND('',#3418,.T.);
#3817=FACE_BOUND('',#3419,.T.);
#3818=FACE_BOUND('',#3420,.T.);
#3819=FACE_BOUND('',#3421,.T.);
#3820=FACE_BOUND('',#3422,.T.);
#3821=FACE_BOUND('',#3423,.T.);
#3822=FACE_BOUND('',#3424,.T.);
#3823=FACE_BOUND('',#3425,.T.);
#3824=FACE_BOUND('',#3426,.T.);
#3825=FACE_BOUND('',#3427,.T.);
#3826=FACE_BOUND('',#3428,.T.);
#3827=FACE_BOUND('',#3429,.T.);
#3828=FACE_BOUND('',#3430,.T.);
#3829=FACE_BOUND('',#3431,.T.);
#3830=FACE_BOUND('',#3432,.T.);
#3831=FACE_BOUND('',#3433,.T.);
#3832=FACE_BOUND('',#3434,.T.);
#3833=FACE_BOUND('',#3435,.T.);
#3834=FACE_BOUND('',#3436,.T.);
#3835=FACE_BOUND('',#3437,.T.);
#3836=FACE_BOUND('',#3438,.T.);
#3837=FACE_BOUND('',#3439,.T.);
#3838=FACE_BOUND('',#3440,.T.);
#3839=FACE_BOUND('',#3441,.T.);
#3840=FACE_BOUND('',#3442,.T.);
#3841=FACE_BOUND('',#3443,.T.);
#3842=FACE_BOUND('',#3444,.T.);
#3843=FACE_BOUND('',#3445,.T.);
#3844=FACE_BOUND('',#3446,.T.);
#3845=FACE_BOUND('',#3447,.T.);
#3846=FACE_BOUND('',#3448,.T.);
#3847=FACE_BOUND('',#3449,.T.);
#3848=FACE_BOUND('',#3450,.T.);
#3849=FACE_BOUND('',#3451,.T.);
#3850=FACE_BOUND('',#3452,.T.);
#3851=FACE_BOUND('',#3453,.T.);
#3852=FACE_BOUND('',#3454,.T.);
#3853=FACE_BOUND('',#3455,.T.);
#3854=FACE_BOUND('',#3456,.T.);
#3855=FACE_BOUND('',#3457,.T.);
#3856=FACE_BOUND('',#3458,.T.);
#3857=FACE_BOUND('',#3459,.T.);
#3858=FACE_BOUND('',#3460,.T.);
#3859=FACE_BOUND('',#3461,.T.);
#3860=FACE_BOUND('',#3462,.T.);
#3861=FACE_BOUND('',#3463,.T.);
#3862=FACE_BOUND('',#3464,.T.);
#3863=FACE_BOUND('',#3465,.T.);
#3864=FACE_BOUND('',#3466,.T.);
#3865=FACE_BOUND('',#3467,.T.);
#3866=FACE_BOUND('',#3468,.T.);
#3867=FACE_BOUND('',#3469,.T.);
#3868=FACE_BOUND('',#3470,.T.);
#3869=FACE_BOUND('',#3471,.T.);
#3870=FACE_BOUND('',#3472,.T.);
#3871=FACE_BOUND('',#3473,.T.);
#3872=FACE_BOUND('',#3474,.T.);
#3873=FACE_BOUND('',#3475,.T.);
#3874=FACE_BOUND('',#3476,.T.);
#3875=FACE_BOUND('',#3477,.T.);
#3876=FACE_BOUND('',#3478,.T.);
#3877=FACE_BOUND('',#3479,.T.);
#3878=FACE_BOUND('',#3480,.T.);
#3879=FACE_BOUND('',#3481,.T.);
#3880=FACE_BOUND('',#3482,.T.);
#3881=FACE_BOUND('',#3483,.T.);
#3882=FACE_BOUND('',#3484,.T.);
#3883=FACE_BOUND('',#3485,.T.);
#3884=FACE_BOUND('',#3486,.T.);
#3885=FACE_BOUND('',#3487,.T.);
#3886=FACE_BOUND('',#3488,.T.);
#3887=FACE_BOUND('',#3489,.T.);
#3888=FACE_BOUND('',#3490,.T.);
#3889=FACE_BOUND('',#3491,.T.);
#3890=FACE_BOUND('',#3492,.T.);
#3891=FACE_BOUND('',#3493,.T.);
#3892=FACE_BOUND('',#3494,.T.);
#3893=FACE_BOUND('',#3495,.T.);
#3894=FACE_BOUND('',#3496,.T.);
#3895=FACE_BOUND('',#3497,.T.);
#3896=FACE_BOUND('',#3498,.T.);
#3897=FACE_BOUND('',#3499,.T.);
#3898=FACE_BOUND('',#3500,.T.);
#3899=FACE_BOUND('',#3501,.T.);
#3900=FACE_BOUND('',#3502,.T.);
#3901=FACE_BOUND('',#3503,.T.);
#3902=FACE_BOUND('',#3504,.T.);
#3903=FACE_BOUND('',#3505,.T.);
#3904=FACE_BOUND('',#3506,.T.);
#3905=FACE_BOUND('',#3507,.T.);
#3906=FACE_BOUND('',#3508,.T.);
#3907=FACE_BOUND('',#3509,.T.);
#3908=FACE_BOUND('',#3510,.T.);
#3909=FACE_BOUND('',#3511,.T.);
#3910=FACE_BOUND('',#3512,.T.);
#3911=FACE_BOUND('',#3513,.T.);
#3912=FACE_BOUND('',#3514,.T.);
#3913=FACE_BOUND('',#3515,.T.);
#3914=FACE_BOUND('',#3516,.T.);
#3915=FACE_BOUND('',#3517,.T.);
#3916=FACE_BOUND('',#3518,.T.);
#3917=FACE_BOUND('',#3519,.T.);
#3918=FACE_BOUND('',#3520,.T.);
#3919=FACE_BOUND('',#3521,.T.);
#3920=FACE_BOUND('',#3522,.T.);
#3921=FACE_BOUND('',#3523,.T.);
#3922=FACE_BOUND('',#3524,.T.);
#3923=FACE_BOUND('',#3525,.T.);
#3924=FACE_BOUND('',#3526,.T.);
#3925=FACE_BOUND('',#3527,.T.);
#3926=FACE_BOUND('',#3528,.T.);
#3927=FACE_BOUND('',#3529,.T.);
#3928=FACE_BOUND('',#3530,.T.);
#3929=FACE_BOUND('',#3531,.T.);
#3930=FACE_BOUND('',#3532,.T.);
#3931=FACE_BOUND('',#3533,.T.);
#3932=FACE_BOUND('',#3534,.T.);
#3933=FACE_BOUND('',#3535,.T.);
#3934=FACE_BOUND('',#3536,.T.);
#3935=FACE_BOUND('',#3537,.T.);
#3936=FACE_BOUND('',#3538,.T.);
#3937=FACE_BOUND('',#3539,.T.);
#3938=FACE_BOUND('',#3540,.T.);
#3939=FACE_BOUND('',#3541,.T.);
#3940=FACE_BOUND('',#3542,.T.);
#3941=FACE_BOUND('',#3543,.T.);
#3942=FACE_BOUND('',#3544,.T.);
#3943=FACE_BOUND('',#3545,.T.);
#3944=FACE_BOUND('',#3546,.T.);
#3945=FACE_BOUND('',#3547,.T.);
#3946=FACE_BOUND('',#3548,.T.);
#3947=FACE_BOUND('',#3549,.T.);
#3948=FACE_BOUND('',#3550,.T.);
#3949=FACE_BOUND('',#3551,.T.);
#3950=FACE_BOUND('',#3552,.T.);
#3951=FACE_BOUND('',#3553,.T.);
#3952=FACE_BOUND('',#3554,.T.);
#3953=FACE_BOUND('',#3555,.T.);
#3954=FACE_BOUND('',#3556,.T.);
#3955=FACE_BOUND('',#3557,.T.);
#3956=FACE_BOUND('',#3558,.T.);
#3957=FACE_BOUND('',#3559,.T.);
#3958=FACE_BOUND('',#3560,.T.);
#3959=FACE_BOUND('',#3561,.T.);
#3960=FACE_BOUND('',#3562,.T.);
#3961=FACE_BOUND('',#3563,.T.);
#3962=FACE_BOUND('',#3564,.T.);
#3963=FACE_BOUND('',#3565,.T.);
#3964=FACE_BOUND('',#3566,.T.);
#3965=FACE_BOUND('',#3567,.T.);
#3966=FACE_BOUND('',#3568,.T.);
#3967=FACE_BOUND('',#3569,.T.);
#3968=FACE_BOUND('',#3570,.T.);
#3969=FACE_BOUND('',#3571,.T.);
#3970=FACE_BOUND('',#3572,.T.);
#3971=FACE_BOUND('',#3573,.T.);
#3972=FACE_BOUND('',#3574,.T.);
#3973=FACE_BOUND('',#3575,.T.);
#3974=FACE_BOUND('',#3576,.T.);
#3975=FACE_BOUND('',#3577,.T.);
#3976=FACE_BOUND('',#3578,.T.);
#3977=FACE_BOUND('',#3579,.T.);
#3978=FACE_BOUND('',#3580,.T.);
#3979=FACE_BOUND('',#3581,.T.);
#3980=FACE_BOUND('',#3582,.T.);
#3981=FACE_BOUND('',#3583,.T.);
#3982=FACE_BOUND('',#3584,.T.);
#3983=FACE_BOUND('',#3585,.T.);
#3984=FACE_BOUND('',#3586,.T.);
#3985=FACE_BOUND('',#3587,.T.);
#3986=FACE_BOUND('',#3588,.T.);
#3987=FACE_BOUND('',#3589,.T.);
#3988=FACE_BOUND('',#3590,.T.);
#3989=FACE_BOUND('',#3591,.T.);
#3990=FACE_BOUND('',#3592,.T.);
#3991=FACE_BOUND('',#3593,.T.);
#3992=FACE_BOUND('',#3594,.T.);
#3993=FACE_BOUND('',#3595,.T.);
#3994=FACE_BOUND('',#3596,.T.);
#3995=FACE_BOUND('',#3597,.T.);
#3996=FACE_BOUND('',#3598,.T.);
#3997=FACE_BOUND('',#3599,.T.);
#3998=FACE_BOUND('',#3600,.T.);
#3999=FACE_BOUND('',#3601,.T.);
#4000=FACE_BOUND('',#3602,.T.);
#4001=FACE_BOUND('',#3603,.T.);
#4002=FACE_BOUND('',#3604,.T.);
#4003=FACE_BOUND('',#3605,.T.);
#4004=FACE_BOUND('',#3606,.T.);
#4005=FACE_BOUND('',#3607,.T.);
#4006=FACE_BOUND('',#3608,.T.);
#4007=FACE_BOUND('',#3609,.T.);
#4008=FACE_BOUND('',#3610,.T.);
#4009=FACE_BOUND('',#3611,.T.);
#4010=FACE_BOUND('',#3612,.T.);
#4011=FACE_BOUND('',#3613,.T.);
#4012=FACE_BOUND('',#3614,.T.);
#4013=FACE_BOUND('',#3615,.T.);
#4014=FACE_BOUND('',#3616,.T.);
#4015=FACE_BOUND('',#3617,.T.);
#4016=FACE_BOUND('',#3618,.T.);
#4017=FACE_BOUND('',#3619,.T.);
#4018=FACE_BOUND('',#3620,.T.);
#4019=FACE_BOUND('',#3621,.T.);
#4020=FACE_BOUND('',#3622,.T.);
#4021=FACE_BOUND('',#3623,.T.);
#4022=FACE_BOUND('',#3624,.T.);
#4023=FACE_BOUND('',#3625,.T.);
#4024=FACE_BOUND('',#3626,.T.);
#4025=FACE_BOUND('',#3627,.T.);
#4026=FACE_BOUND('',#3628,.T.);
#4027=FACE_BOUND('',#3629,.T.);
#4028=FACE_BOUND('',#3630,.T.);
#4029=FACE_BOUND('',#3631,.T.);
#4030=FACE_BOUND('',#3632,.T.);
#4031=FACE_BOUND('',#3633,.T.);
#4032=FACE_BOUND('',#3634,.T.);
#4033=FACE_BOUND('',#3635,.T.);
#4034=FACE_BOUND('',#3636,.T.);
#4035=FACE_BOUND('',#3637,.T.);
#4036=FACE_BOUND('',#3638,.T.);
#4037=FACE_BOUND('',#3639,.T.);
#4038=FACE_BOUND('',#3640,.T.);
#4039=FACE_BOUND('',#3641,.T.);
#4040=FACE_BOUND('',#3642,.T.);
#4041=FACE_BOUND('',#3643,.T.);
#4042=FACE_BOUND('',#3644,.T.);
#4043=FACE_BOUND('',#3645,.T.);
#4044=FACE_BOUND('',#3646,.T.);
#4045=FACE_BOUND('',#3647,.T.);
#4046=FACE_BOUND('',#3648,.T.);
#4047=FACE_BOUND('',#3649,.T.);
#4048=FACE_BOUND('',#3650,.T.);
#4049=FACE_BOUND('',#3651,.T.);
#4050=FACE_BOUND('',#3652,.T.);
#4051=FACE_BOUND('',#3653,.T.);
#4052=FACE_BOUND('',#3654,.T.);
#4053=FACE_BOUND('',#3655,.T.);
#4054=FACE_BOUND('',#3656,.T.);
#4055=FACE_BOUND('',#3657,.T.);
#4056=FACE_BOUND('',#3658,.T.);
#4057=FACE_BOUND('',#3659,.T.);
#4058=FACE_BOUND('',#3660,.T.);
#4059=FACE_BOUND('',#3661,.T.);
#4060=FACE_BOUND('',#3662,.T.);
#4061=FACE_BOUND('',#3663,.T.);
#4062=FACE_BOUND('',#3664,.T.);
#4063=FACE_BOUND('',#3665,.T.);
#4064=FACE_BOUND('',#3666,.T.);
#4065=FACE_BOUND('',#3667,.T.);
#4066=FACE_BOUND('',#3668,.T.);
#4067=FACE_BOUND('',#3669,.T.);
#4068=FACE_BOUND('',#3670,.T.);
#4069=FACE_BOUND('',#3671,.T.);
#4070=FACE_BOUND('',#3672,.T.);
#4071=FACE_BOUND('',#3673,.T.);
#4072=FACE_BOUND('',#3674,.T.);
#4073=FACE_BOUND('',#3675,.T.);
#4074=FACE_BOUND('',#3676,.T.);
#4075=FACE_BOUND('',#3677,.T.);
#4076=FACE_BOUND('',#3678,.T.);
#4077=FACE_BOUND('',#3679,.T.);
#4078=FACE_BOUND('',#3680,.T.);
#4079=FACE_BOUND('',#3681,.T.);
#4080=FACE_BOUND('',#3682,.T.);
#4081=FACE_BOUND('',#3683,.T.);
#4082=FACE_BOUND('',#3684,.T.);
#4083=FACE_BOUND('',#3685,.T.);
#4084=FACE_BOUND('',#3686,.T.);
#4085=FACE_BOUND('',#3687,.T.);
#4086=FACE_BOUND('',#3688,.T.);
#4087=FACE_BOUND('',#3689,.T.);
#4088=FACE_BOUND('',#3690,.T.);
#4089=FACE_BOUND('',#3691,.T.);
#4090=FACE_BOUND('',#3692,.T.);
#4091=FACE_BOUND('',#3693,.T.);
#4092=FACE_BOUND('',#3694,.T.);
#4093=FACE_BOUND('',#3695,.T.);
#4094=FACE_BOUND('',#3696,.T.);
#4095=FACE_BOUND('',#3697,.T.);
#4096=FACE_BOUND('',#3698,.T.);
#4097=FACE_BOUND('',#3699,.T.);
#4098=FACE_BOUND('',#3700,.T.);
#4099=FACE_BOUND('',#3701,.T.);
#4100=FACE_BOUND('',#3702,.T.);
#4101=FACE_BOUND('',#3703,.T.);
#4102=FACE_BOUND('',#3704,.T.);
#4103=FACE_BOUND('',#3705,.T.);
#4104=FACE_BOUND('',#3706,.T.);
#4105=FACE_BOUND('',#3707,.T.);
#4106=FACE_BOUND('',#3708,.T.);
#4107=FACE_BOUND('',#3709,.T.);
#4108=FACE_BOUND('',#3710,.T.);
#4109=FACE_BOUND('',#3711,.T.);
#4110=FACE_BOUND('',#3712,.T.);
#4111=PLANE('',#4539);
#4112=PLANE('',#4550);
#4113=PLANE('',#4568);
#4114=PLANE('',#4572);
#4115=PLANE('',#4584);
#4116=PLANE('',#4604);
#4117=PLANE('',#4608);
#4118=PLANE('',#4624);
#4119=PLANE('',#4629);
#4120=PLANE('',#4630);
#4121=PLANE('',#4631);
#4122=PLANE('',#4632);
#4123=PLANE('',#4633);
#4124=PLANE('',#4634);
#4125=PLANE('',#4635);
#4126=PLANE('',#4636);
#4127=PLANE('',#4637);
#4128=PLANE('',#4638);
#4129=PLANE('',#4639);
#4130=PLANE('',#4640);
#4131=PLANE('',#4641);
#4132=PLANE('',#4642);
#4133=PLANE('',#4643);
#4134=PLANE('',#4644);
#4135=PLANE('',#4645);
#4136=PLANE('',#4646);
#4137=PLANE('',#4647);
#4138=PLANE('',#4648);
#4139=PLANE('',#4649);
#4140=PLANE('',#4650);
#4141=PLANE('',#4651);
#4142=PLANE('',#4652);
#4143=PLANE('',#4655);
#4144=PLANE('',#4658);
#4145=PLANE('',#4661);
#4146=PLANE('',#4664);
#4147=PLANE('',#4667);
#4148=PLANE('',#4670);
#4149=PLANE('',#4673);
#4150=PLANE('',#4676);
#4151=PLANE('',#4678);
#4152=PLANE('',#4695);
#4153=PLANE('',#4698);
#4154=PLANE('',#4700);
#4155=PLANE('',#4702);
#4156=PLANE('',#4704);
#4157=PLANE('',#4727);
#4158=PLANE('',#4728);
#4159=PLANE('',#4729);
#4160=PLANE('',#4730);
#4161=PLANE('',#4731);
#4162=PLANE('',#4732);
#4163=PLANE('',#4733);
#4164=PLANE('',#4734);
#4165=PLANE('',#4735);
#4166=PLANE('',#4736);
#4167=PLANE('',#4737);
#4168=PLANE('',#4738);
#4169=PLANE('',#4739);
#4170=PLANE('',#4740);
#4171=PLANE('',#4741);
#4172=PLANE('',#4742);
#4173=PLANE('',#4743);
#4174=PLANE('',#4744);
#4175=PLANE('',#4745);
#4176=PLANE('',#4746);
#4177=PLANE('',#4747);
#4178=PLANE('',#4748);
#4179=PLANE('',#4749);
#4180=PLANE('',#4750);
#4181=PLANE('',#4751);
#4182=PLANE('',#4752);
#4183=PLANE('',#4753);
#4184=PLANE('',#4754);
#4185=PLANE('',#4755);
#4186=PLANE('',#4756);
#4187=PLANE('',#4757);
#4188=PLANE('',#4758);
#4189=PLANE('',#4759);
#4190=PLANE('',#4760);
#4191=PLANE('',#4761);
#4192=PLANE('',#4762);
#4193=PLANE('',#4763);
#4194=PLANE('',#4764);
#4195=PLANE('',#4765);
#4196=PLANE('',#4766);
#4197=PLANE('',#4767);
#4198=PLANE('',#4774);
#4199=PLANE('',#4775);
#4200=PLANE('',#4794);
#4201=PLANE('',#4797);
#4202=PLANE('',#4798);
#4203=PLANE('',#5082);
#4204=PLANE('',#5085);
#4205=PLANE('',#5086);
#4206=PLANE('',#5087);
#4207=PLANE('',#5088);
#4208=PLANE('',#5089);
#4209=PLANE('',#5092);
#4210=PLANE('',#5093);
#4211=PLANE('',#5094);
#4212=PLANE('',#5095);
#4213=PLANE('',#5098);
#4214=PLANE('',#5101);
#4215=PLANE('',#5104);
#4216=PLANE('',#5107);
#4217=ADVANCED_FACE('',(#3713,#3714,#3715,#3716,#3717,#3718,#3719,#3720,
#3721,#3722),#4111,.T.);
#4218=ADVANCED_FACE('',(#3723,#3724,#3725,#3726,#3727,#3728,#3729,#3730,
#3731,#3732),#4112,.T.);
#4219=ADVANCED_FACE('',(#3733,#3734),#833,.F.);
#4220=ADVANCED_FACE('',(#3735,#3736),#829,.T.);
#4221=ADVANCED_FACE('',(#3737,#3738),#834,.T.);
#4222=ADVANCED_FACE('',(#3739,#3740),#830,.F.);
#4223=ADVANCED_FACE('',(#3741,#3742),#4113,.T.);
#4224=ADVANCED_FACE('',(#3743,#3744),#710,.F.);
#4225=ADVANCED_FACE('',(#3745,#3746),#4114,.F.);
#4226=ADVANCED_FACE('',(#3747,#3748),#831,.T.);
#4227=ADVANCED_FACE('',(#3749,#3750),#711,.F.);
#4228=ADVANCED_FACE('',(#3751,#3752),#712,.F.);
#4229=ADVANCED_FACE('',(#3753,#3754),#713,.F.);
#4230=ADVANCED_FACE('',(#3755,#3756),#714,.F.);
#4231=ADVANCED_FACE('',(#3757,#3758),#715,.F.);
#4232=ADVANCED_FACE('',(#3759,#3760),#716,.F.);
#4233=ADVANCED_FACE('',(#3761,#3762),#717,.F.);
#4234=ADVANCED_FACE('',(#3763,#3764),#718,.F.);
#4235=ADVANCED_FACE('',(#3765,#3766,#3767,#3768,#3769),#4115,.T.);
#4236=ADVANCED_FACE('',(#3770,#3771,#3772,#3773,#3774,#3775,#3776,#3777),
#835,.F.);
#4237=ADVANCED_FACE('',(#3778,#3779),#4116,.F.);
#4238=ADVANCED_FACE('',(#3780,#3781),#832,.F.);
#4239=ADVANCED_FACE('',(#3782,#3783),#4117,.F.);
#4240=ADVANCED_FACE('',(#3784,#3785,#3786,#3787,#3788,#3789,#3790,#3791),
#836,.T.);
#4241=ADVANCED_FACE('',(#3792,#3793,#3794,#3795,#3796),#4118,.F.);
#4242=ADVANCED_FACE('',(#3797),#4119,.F.);
#4243=ADVANCED_FACE('',(#3798),#4120,.T.);
#4244=ADVANCED_FACE('',(#3799),#4121,.T.);
#4245=ADVANCED_FACE('',(#3800),#4122,.F.);
#4246=ADVANCED_FACE('',(#3801),#4123,.F.);
#4247=ADVANCED_FACE('',(#3802),#4124,.T.);
#4248=ADVANCED_FACE('',(#3803),#4125,.F.);
#4249=ADVANCED_FACE('',(#3804),#4126,.T.);
#4250=ADVANCED_FACE('',(#3805),#4127,.T.);
#4251=ADVANCED_FACE('',(#3806),#4128,.F.);
#4252=ADVANCED_FACE('',(#3807),#4129,.T.);
#4253=ADVANCED_FACE('',(#3808),#4130,.F.);
#4254=ADVANCED_FACE('',(#3809),#4131,.T.);
#4255=ADVANCED_FACE('',(#3810),#4132,.F.);
#4256=ADVANCED_FACE('',(#3811),#4133,.T.);
#4257=ADVANCED_FACE('',(#3812),#4134,.F.);
#4258=ADVANCED_FACE('',(#3813),#4135,.T.);
#4259=ADVANCED_FACE('',(#3814),#4136,.F.);
#4260=ADVANCED_FACE('',(#3815),#4137,.T.);
#4261=ADVANCED_FACE('',(#3816),#4138,.F.);
#4262=ADVANCED_FACE('',(#3817),#4139,.T.);
#4263=ADVANCED_FACE('',(#3818),#4140,.F.);
#4264=ADVANCED_FACE('',(#3819),#4141,.F.);
#4265=ADVANCED_FACE('',(#3820),#4142,.T.);
#4266=ADVANCED_FACE('',(#3821,#3822),#719,.T.);
#4267=ADVANCED_FACE('',(#3823),#4143,.T.);
#4268=ADVANCED_FACE('',(#3824,#3825),#720,.T.);
#4269=ADVANCED_FACE('',(#3826),#4144,.T.);
#4270=ADVANCED_FACE('',(#3827,#3828),#721,.T.);
#4271=ADVANCED_FACE('',(#3829),#4145,.T.);
#4272=ADVANCED_FACE('',(#3830,#3831),#722,.T.);
#4273=ADVANCED_FACE('',(#3832),#4146,.T.);
#4274=ADVANCED_FACE('',(#3833,#3834),#723,.T.);
#4275=ADVANCED_FACE('',(#3835),#4147,.F.);
#4276=ADVANCED_FACE('',(#3836,#3837),#724,.T.);
#4277=ADVANCED_FACE('',(#3838),#4148,.F.);
#4278=ADVANCED_FACE('',(#3839,#3840),#725,.T.);
#4279=ADVANCED_FACE('',(#3841),#4149,.F.);
#4280=ADVANCED_FACE('',(#3842,#3843),#726,.T.);
#4281=ADVANCED_FACE('',(#3844),#4150,.F.);
#4282=ADVANCED_FACE('',(#3845,#3846,#3847,#3848,#3849,#3850,#3851,#3852,
#3853,#3854,#3855),#4151,.T.);
#4283=ADVANCED_FACE('',(#3856,#3857,#3858),#4152,.T.);
#4284=ADVANCED_FACE('',(#3859),#4153,.F.);
#4285=ADVANCED_FACE('',(#3860),#4154,.F.);
#4286=ADVANCED_FACE('',(#3861),#4155,.F.);
#4287=ADVANCED_FACE('',(#3862),#4156,.F.);
#4288=ADVANCED_FACE('',(#3863),#4157,.F.);
#4289=ADVANCED_FACE('',(#3864),#4158,.F.);
#4290=ADVANCED_FACE('',(#3865),#4159,.T.);
#4291=ADVANCED_FACE('',(#3866),#4160,.F.);
#4292=ADVANCED_FACE('',(#3867),#4161,.T.);
#4293=ADVANCED_FACE('',(#3868),#4162,.T.);
#4294=ADVANCED_FACE('',(#3869),#4163,.F.);
#4295=ADVANCED_FACE('',(#3870),#4164,.T.);
#4296=ADVANCED_FACE('',(#3871),#4165,.T.);
#4297=ADVANCED_FACE('',(#3872),#4166,.T.);
#4298=ADVANCED_FACE('',(#3873),#4167,.T.);
#4299=ADVANCED_FACE('',(#3874),#4168,.T.);
#4300=ADVANCED_FACE('',(#3875),#4169,.T.);
#4301=ADVANCED_FACE('',(#3876),#4170,.F.);
#4302=ADVANCED_FACE('',(#3877),#4171,.T.);
#4303=ADVANCED_FACE('',(#3878),#4172,.T.);
#4304=ADVANCED_FACE('',(#3879),#4173,.F.);
#4305=ADVANCED_FACE('',(#3880),#4174,.F.);
#4306=ADVANCED_FACE('',(#3881),#4175,.T.);
#4307=ADVANCED_FACE('',(#3882),#4176,.T.);
#4308=ADVANCED_FACE('',(#3883),#4177,.F.);
#4309=ADVANCED_FACE('',(#3884),#4178,.F.);
#4310=ADVANCED_FACE('',(#3885),#4179,.T.);
#4311=ADVANCED_FACE('',(#3886),#4180,.F.);
#4312=ADVANCED_FACE('',(#3887),#4181,.F.);
#4313=ADVANCED_FACE('',(#3888),#4182,.F.);
#4314=ADVANCED_FACE('',(#3889),#4183,.T.);
#4315=ADVANCED_FACE('',(#3890),#4184,.T.);
#4316=ADVANCED_FACE('',(#3891),#4185,.T.);
#4317=ADVANCED_FACE('',(#3892),#4186,.F.);
#4318=ADVANCED_FACE('',(#3893),#4187,.T.);
#4319=ADVANCED_FACE('',(#3894),#4188,.F.);
#4320=ADVANCED_FACE('',(#3895),#4189,.T.);
#4321=ADVANCED_FACE('',(#3896),#4190,.T.);
#4322=ADVANCED_FACE('',(#3897),#4191,.F.);
#4323=ADVANCED_FACE('',(#3898),#4192,.F.);
#4324=ADVANCED_FACE('',(#3899),#4193,.T.);
#4325=ADVANCED_FACE('',(#3900),#4194,.T.);
#4326=ADVANCED_FACE('',(#3901),#4195,.F.);
#4327=ADVANCED_FACE('',(#3902),#4196,.F.);
#4328=ADVANCED_FACE('',(#3903),#4197,.T.);
#4329=ADVANCED_FACE('',(#3904,#3905),#727,.F.);
#4330=ADVANCED_FACE('',(#3906,#3907),#728,.F.);
#4331=ADVANCED_FACE('',(#3908,#3909),#729,.F.);
#4332=ADVANCED_FACE('',(#3910),#4198,.F.);
#4333=ADVANCED_FACE('',(#3911),#4199,.F.);
#4334=ADVANCED_FACE('',(#3912,#3913),#730,.F.);
#4335=ADVANCED_FACE('',(#3914,#3915),#731,.F.);
#4336=ADVANCED_FACE('',(#3916,#3917),#732,.F.);
#4337=ADVANCED_FACE('',(#3918,#3919),#733,.F.);
#4338=ADVANCED_FACE('',(#3920,#3921),#734,.F.);
#4339=ADVANCED_FACE('',(#3922,#3923),#735,.F.);
#4340=ADVANCED_FACE('',(#3924,#3925),#736,.F.);
#4341=ADVANCED_FACE('',(#3926,#3927),#737,.F.);
#4342=ADVANCED_FACE('',(#3928),#4200,.F.);
#4343=ADVANCED_FACE('',(#3929,#3930),#738,.F.);
#4344=ADVANCED_FACE('',(#3931,#3932,#3933),#4201,.T.);
#4345=ADVANCED_FACE('',(#3934),#4202,.F.);
#4346=ADVANCED_FACE('',(#3935),#739,.T.);
#4347=ADVANCED_FACE('',(#3936),#740,.T.);
#4348=ADVANCED_FACE('',(#3937),#38,.T.);
#4349=ADVANCED_FACE('',(#3938),#39,.T.);
#4350=ADVANCED_FACE('',(#3939),#741,.T.);
#4351=ADVANCED_FACE('',(#3940),#742,.T.);
#4352=ADVANCED_FACE('',(#3941),#743,.T.);
#4353=ADVANCED_FACE('',(#3942),#744,.T.);
#4354=ADVANCED_FACE('',(#3943,#3944),#10,.T.);
#4355=ADVANCED_FACE('',(#3945),#40,.T.);
#4356=ADVANCED_FACE('',(#3946),#41,.T.);
#4357=ADVANCED_FACE('',(#3947),#745,.T.);
#4358=ADVANCED_FACE('',(#3948,#3949),#11,.T.);
#4359=ADVANCED_FACE('',(#3950),#746,.T.);
#4360=ADVANCED_FACE('',(#3951),#747,.T.);
#4361=ADVANCED_FACE('',(#3952),#748,.T.);
#4362=ADVANCED_FACE('',(#3953),#749,.T.);
#4363=ADVANCED_FACE('',(#3954),#750,.T.);
#4364=ADVANCED_FACE('',(#3955),#42,.T.);
#4365=ADVANCED_FACE('',(#3956),#12,.T.);
#4366=ADVANCED_FACE('',(#3957),#751,.T.);
#4367=ADVANCED_FACE('',(#3958),#43,.T.);
#4368=ADVANCED_FACE('',(#3959,#3960),#13,.T.);
#4369=ADVANCED_FACE('',(#3961),#752,.T.);
#4370=ADVANCED_FACE('',(#3962),#753,.F.);
#4371=ADVANCED_FACE('',(#3963),#754,.T.);
#4372=ADVANCED_FACE('',(#3964),#755,.T.);
#4373=ADVANCED_FACE('',(#3965),#756,.T.);
#4374=ADVANCED_FACE('',(#3966),#757,.T.);
#4375=ADVANCED_FACE('',(#3967),#14,.T.);
#4376=ADVANCED_FACE('',(#3968),#15,.T.);
#4377=ADVANCED_FACE('',(#3969),#44,.T.);
#4378=ADVANCED_FACE('',(#3970,#3971),#16,.T.);
#4379=ADVANCED_FACE('',(#3972),#758,.T.);
#4380=ADVANCED_FACE('',(#3973),#759,.T.);
#4381=ADVANCED_FACE('',(#3974),#760,.T.);
#4382=ADVANCED_FACE('',(#3975),#761,.F.);
#4383=ADVANCED_FACE('',(#3976),#762,.T.);
#4384=ADVANCED_FACE('',(#3977),#763,.T.);
#4385=ADVANCED_FACE('',(#3978),#764,.T.);
#4386=ADVANCED_FACE('',(#3979),#765,.T.);
#4387=ADVANCED_FACE('',(#3980),#17,.T.);
#4388=ADVANCED_FACE('',(#3981),#45,.T.);
#4389=ADVANCED_FACE('',(#3982),#46,.T.);
#4390=ADVANCED_FACE('',(#3983),#766,.T.);
#4391=ADVANCED_FACE('',(#3984,#3985),#18,.T.);
#4392=ADVANCED_FACE('',(#3986),#767,.T.);
#4393=ADVANCED_FACE('',(#3987),#768,.T.);
#4394=ADVANCED_FACE('',(#3988),#769,.T.);
#4395=ADVANCED_FACE('',(#3989),#770,.T.);
#4396=ADVANCED_FACE('',(#3990),#771,.T.);
#4397=ADVANCED_FACE('',(#3991),#772,.T.);
#4398=ADVANCED_FACE('',(#3992),#19,.T.);
#4399=ADVANCED_FACE('',(#3993),#47,.T.);
#4400=ADVANCED_FACE('',(#3994),#48,.T.);
#4401=ADVANCED_FACE('',(#3995,#3996),#20,.T.);
#4402=ADVANCED_FACE('',(#3997),#773,.T.);
#4403=ADVANCED_FACE('',(#3998),#774,.F.);
#4404=ADVANCED_FACE('',(#3999),#775,.T.);
#4405=ADVANCED_FACE('',(#4000),#776,.T.);
#4406=ADVANCED_FACE('',(#4001),#777,.T.);
#4407=ADVANCED_FACE('',(#4002),#778,.T.);
#4408=ADVANCED_FACE('',(#4003),#21,.T.);
#4409=ADVANCED_FACE('',(#4004),#22,.T.);
#4410=ADVANCED_FACE('',(#4005),#23,.T.);
#4411=ADVANCED_FACE('',(#4006),#49,.T.);
#4412=ADVANCED_FACE('',(#4007),#779,.T.);
#4413=ADVANCED_FACE('',(#4008),#780,.F.);
#4414=ADVANCED_FACE('',(#4009),#781,.T.);
#4415=ADVANCED_FACE('',(#4010),#782,.T.);
#4416=ADVANCED_FACE('',(#4011),#783,.F.);
#4417=ADVANCED_FACE('',(#4012),#784,.T.);
#4418=ADVANCED_FACE('',(#4013,#4014),#24,.T.);
#4419=ADVANCED_FACE('',(#4015),#25,.T.);
#4420=ADVANCED_FACE('',(#4016),#50,.T.);
#4421=ADVANCED_FACE('',(#4017),#785,.T.);
#4422=ADVANCED_FACE('',(#4018),#26,.T.);
#4423=ADVANCED_FACE('',(#4019),#27,.T.);
#4424=ADVANCED_FACE('',(#4020),#786,.T.);
#4425=ADVANCED_FACE('',(#4021),#787,.T.);
#4426=ADVANCED_FACE('',(#4022),#788,.T.);
#4427=ADVANCED_FACE('',(#4023),#789,.T.);
#4428=ADVANCED_FACE('',(#4024),#51,.T.);
#4429=ADVANCED_FACE('',(#4025),#790,.F.);
#4430=ADVANCED_FACE('',(#4026),#791,.T.);
#4431=ADVANCED_FACE('',(#4027),#792,.T.);
#4432=ADVANCED_FACE('',(#4028),#793,.T.);
#4433=ADVANCED_FACE('',(#4029),#52,.T.);
#4434=ADVANCED_FACE('',(#4030),#53,.T.);
#4435=ADVANCED_FACE('',(#4031),#794,.T.);
#4436=ADVANCED_FACE('',(#4032),#28,.T.);
#4437=ADVANCED_FACE('',(#4033),#795,.T.);
#4438=ADVANCED_FACE('',(#4034),#796,.T.);
#4439=ADVANCED_FACE('',(#4035),#797,.T.);
#4440=ADVANCED_FACE('',(#4036),#798,.T.);
#4441=ADVANCED_FACE('',(#4037),#799,.T.);
#4442=ADVANCED_FACE('',(#4038,#4039),#29,.T.);
#4443=ADVANCED_FACE('',(#4040,#4041),#30,.T.);
#4444=ADVANCED_FACE('',(#4042),#54,.T.);
#4445=ADVANCED_FACE('',(#4043),#800,.T.);
#4446=ADVANCED_FACE('',(#4044),#801,.T.);
#4447=ADVANCED_FACE('',(#4045),#802,.T.);
#4448=ADVANCED_FACE('',(#4046,#4047),#31,.T.);
#4449=ADVANCED_FACE('',(#4048),#803,.T.);
#4450=ADVANCED_FACE('',(#4049),#32,.T.);
#4451=ADVANCED_FACE('',(#4050),#804,.T.);
#4452=ADVANCED_FACE('',(#4051),#805,.T.);
#4453=ADVANCED_FACE('',(#4052),#806,.F.);
#4454=ADVANCED_FACE('',(#4053),#807,.T.);
#4455=ADVANCED_FACE('',(#4054),#55,.T.);
#4456=ADVANCED_FACE('',(#4055),#808,.T.);
#4457=ADVANCED_FACE('',(#4056),#33,.T.);
#4458=ADVANCED_FACE('',(#4057),#34,.T.);
#4459=ADVANCED_FACE('',(#4058),#809,.T.);
#4460=ADVANCED_FACE('',(#4059),#810,.T.);
#4461=ADVANCED_FACE('',(#4060),#811,.T.);
#4462=ADVANCED_FACE('',(#4061),#812,.F.);
#4463=ADVANCED_FACE('',(#4062),#813,.T.);
#4464=ADVANCED_FACE('',(#4063,#4064),#35,.T.);
#4465=ADVANCED_FACE('',(#4065),#56,.T.);
#4466=ADVANCED_FACE('',(#4066),#36,.T.);
#4467=ADVANCED_FACE('',(#4067),#57,.T.);
#4468=ADVANCED_FACE('',(#4068),#814,.T.);
#4469=ADVANCED_FACE('',(#4069),#815,.T.);
#4470=ADVANCED_FACE('',(#4070),#816,.T.);
#4471=ADVANCED_FACE('',(#4071),#817,.T.);
#4472=ADVANCED_FACE('',(#4072,#4073),#37,.T.);
#4473=ADVANCED_FACE('',(#4074),#818,.T.);
#4474=ADVANCED_FACE('',(#4075),#58,.T.);
#4475=ADVANCED_FACE('',(#4076),#59,.T.);
#4476=ADVANCED_FACE('',(#4077),#819,.T.);
#4477=ADVANCED_FACE('',(#4078),#820,.T.);
#4478=ADVANCED_FACE('',(#4079),#821,.T.);
#4479=ADVANCED_FACE('',(#4080),#822,.T.);
#4480=ADVANCED_FACE('',(#4081),#60,.T.);
#4481=ADVANCED_FACE('',(#4082),#61,.T.);
#4482=ADVANCED_FACE('',(#4083),#823,.T.);
#4483=ADVANCED_FACE('',(#4084),#824,.T.);
#4484=ADVANCED_FACE('',(#4085,#4086,#4087),#4203,.T.);
#4485=ADVANCED_FACE('',(#4088),#4204,.T.);
#4486=ADVANCED_FACE('',(#4089),#4205,.F.);
#4487=ADVANCED_FACE('',(#4090),#4206,.T.);
#4488=ADVANCED_FACE('',(#4091),#4207,.F.);
#4489=ADVANCED_FACE('',(#4092,#4093,#4094),#4208,.T.);
#4490=ADVANCED_FACE('',(#4095),#4209,.T.);
#4491=ADVANCED_FACE('',(#4096),#4210,.F.);
#4492=ADVANCED_FACE('',(#4097),#4211,.T.);
#4493=ADVANCED_FACE('',(#4098),#4212,.F.);
#4494=ADVANCED_FACE('',(#4099,#4100),#825,.F.);
#4495=ADVANCED_FACE('',(#4101),#4213,.T.);
#4496=ADVANCED_FACE('',(#4102,#4103),#826,.F.);
#4497=ADVANCED_FACE('',(#4104),#4214,.T.);
#4498=ADVANCED_FACE('',(#4105,#4106),#827,.F.);
#4499=ADVANCED_FACE('',(#4107),#4215,.T.);
#4500=ADVANCED_FACE('',(#4108,#4109),#828,.F.);
#4501=ADVANCED_FACE('',(#4110),#4216,.T.);
#4502=CLOSED_SHELL('',(#4217,#4218,#4219,#4220,#4221,#4222,#4223,#4224,
#4225,#4226,#4227,#4228,#4229,#4230,#4231,#4232,#4233,#4234));
#4503=CLOSED_SHELL('',(#4235,#4236,#4237,#4238,#4239,#4240,#4241,#4242,
#4243,#4244,#4245,#4246,#4247,#4248,#4249,#4250,#4251,#4252,#4253,#4254,
#4255,#4256,#4257,#4258,#4259,#4260,#4261,#4262,#4263,#4264,#4265,#4266,
#4267,#4268,#4269,#4270,#4271,#4272,#4273,#4274,#4275,#4276,#4277,#4278,
#4279,#4280,#4281));
#4504=CLOSED_SHELL('',(#4282,#4283,#4284,#4285,#4286,#4287,#4288,#4289,
#4290,#4291,#4292,#4293,#4294,#4295,#4296,#4297,#4298,#4299,#4300,#4301,
#4302,#4303,#4304,#4305,#4306,#4307,#4308,#4309,#4310,#4311,#4312,#4313,
#4314,#4315,#4316,#4317,#4318,#4319,#4320,#4321,#4322,#4323,#4324,#4325,
#4326,#4327,#4328,#4329,#4330,#4331,#4332,#4333,#4334,#4335,#4336,#4337,
#4338,#4339,#4340,#4341,#4342,#4343,#4344,#4345,#4346,#4347,#4348,#4349,
#4350,#4351,#4352,#4353,#4354,#4355,#4356,#4357,#4358,#4359,#4360,#4361,
#4362,#4363,#4364,#4365,#4366,#4367,#4368,#4369,#4370,#4371,#4372,#4373,
#4374,#4375,#4376,#4377,#4378,#4379,#4380,#4381,#4382,#4383,#4384,#4385,
#4386,#4387,#4388,#4389,#4390,#4391,#4392,#4393,#4394,#4395,#4396,#4397,
#4398,#4399,#4400,#4401,#4402,#4403,#4404,#4405,#4406,#4407,#4408,#4409,
#4410,#4411,#4412,#4413,#4414,#4415,#4416,#4417,#4418,#4419,#4420,#4421,
#4422,#4423,#4424,#4425,#4426,#4427,#4428,#4429,#4430,#4431,#4432,#4433,
#4434,#4435,#4436,#4437,#4438,#4439,#4440,#4441,#4442,#4443,#4444,#4445,
#4446,#4447,#4448,#4449,#4450,#4451,#4452,#4453,#4454,#4455,#4456,#4457,
#4458,#4459,#4460,#4461,#4462,#4463,#4464,#4465,#4466,#4467,#4468,#4469,
#4470,#4471,#4472,#4473,#4474,#4475,#4476,#4477,#4478,#4479,#4480,#4481,
#4482,#4483,#4484,#4485,#4486,#4487,#4488,#4489,#4490,#4491,#4492,#4493,
#4494,#4495,#4496,#4497,#4498,#4499,#4500,#4501));
#4505=STYLED_ITEM('',(#4508),#4529);
#4506=STYLED_ITEM('',(#4509),#4530);
#4507=STYLED_ITEM('',(#4510),#4531);
#4508=PRESENTATION_STYLE_ASSIGNMENT((#4511));
#4509=PRESENTATION_STYLE_ASSIGNMENT((#4512));
#4510=PRESENTATION_STYLE_ASSIGNMENT((#4513));
#4511=SURFACE_STYLE_USAGE(.BOTH.,#4514);
#4512=SURFACE_STYLE_USAGE(.BOTH.,#4515);
#4513=SURFACE_STYLE_USAGE(.BOTH.,#4516);
#4514=SURFACE_SIDE_STYLE('',(#4517));
#4515=SURFACE_SIDE_STYLE('',(#4518));
#4516=SURFACE_SIDE_STYLE('',(#4519));
#4517=SURFACE_STYLE_FILL_AREA(#4520);
#4518=SURFACE_STYLE_FILL_AREA(#4521);
#4519=SURFACE_STYLE_FILL_AREA(#4522);
#4520=FILL_AREA_STYLE('',(#4523));
#4521=FILL_AREA_STYLE('',(#4524));
#4522=FILL_AREA_STYLE('',(#4525));
#4523=FILL_AREA_STYLE_COLOUR('',#4526);
#4524=FILL_AREA_STYLE_COLOUR('',#4527);
#4525=FILL_AREA_STYLE_COLOUR('',#4528);
#4526=COLOUR_RGB('',0.231372549019608,0.380392156862745,0.705882352941177);
#4527=COLOUR_RGB('',0.647058823529412,0.647058823529412,0.647058823529412);
#4528=COLOUR_RGB('',0.615686274509804,0.811764705882353,0.929411764705882);
#4529=MANIFOLD_SOLID_BREP('Part 3',#4502);
#4530=MANIFOLD_SOLID_BREP('Part 2',#4503);
#4531=MANIFOLD_SOLID_BREP('Part 1',#4504);
#4532=SHAPE_DEFINITION_REPRESENTATION(#7998,#4535);
#4533=SHAPE_DEFINITION_REPRESENTATION(#7999,#4536);
#4534=SHAPE_DEFINITION_REPRESENTATION(#8000,#4537);
#4535=SHAPE_REPRESENTATION('Part 3',(#4538),#7983);
#4536=SHAPE_REPRESENTATION('Part 2',(#4583),#7984);
#4537=SHAPE_REPRESENTATION('Part 1',(#4677),#7985);
#4538=AXIS2_PLACEMENT_3D('',#6532,#5108,#5109);
#4539=AXIS2_PLACEMENT_3D('',#6533,#5110,#5111);
#4540=AXIS2_PLACEMENT_3D('',#6534,#5112,#5113);
#4541=AXIS2_PLACEMENT_3D('',#6536,#5114,#5115);
#4542=AXIS2_PLACEMENT_3D('',#6538,#5116,#5117);
#4543=AXIS2_PLACEMENT_3D('',#6540,#5118,#5119);
#4544=AXIS2_PLACEMENT_3D('',#6542,#5120,#5121);
#4545=AXIS2_PLACEMENT_3D('',#6544,#5122,#5123);
#4546=AXIS2_PLACEMENT_3D('',#6546,#5124,#5125);
#4547=AXIS2_PLACEMENT_3D('',#6548,#5126,#5127);
#4548=AXIS2_PLACEMENT_3D('',#6550,#5128,#5129);
#4549=AXIS2_PLACEMENT_3D('',#6552,#5130,#5131);
#4550=AXIS2_PLACEMENT_3D('',#6554,#5132,#5133);
#4551=AXIS2_PLACEMENT_3D('',#6555,#5134,#5135);
#4552=AXIS2_PLACEMENT_3D('',#6557,#5136,#5137);
#4553=AXIS2_PLACEMENT_3D('',#6559,#5138,#5139);
#4554=AXIS2_PLACEMENT_3D('',#6561,#5140,#5141);
#4555=AXIS2_PLACEMENT_3D('',#6563,#5142,#5143);
#4556=AXIS2_PLACEMENT_3D('',#6565,#5144,#5145);
#4557=AXIS2_PLACEMENT_3D('',#6567,#5146,#5147);
#4558=AXIS2_PLACEMENT_3D('',#6569,#5148,#5149);
#4559=AXIS2_PLACEMENT_3D('',#6571,#5150,#5151);
#4560=AXIS2_PLACEMENT_3D('',#6573,#5152,#5153);
#4561=AXIS2_PLACEMENT_3D('',#6575,#5154,#5155);
#4562=AXIS2_PLACEMENT_3D('',#6576,#5156,#5157);
#4563=AXIS2_PLACEMENT_3D('',#6578,#5158,#5159);
#4564=AXIS2_PLACEMENT_3D('',#6579,#5160,#5161);
#4565=AXIS2_PLACEMENT_3D('',#6580,#5162,#5163);
#4566=AXIS2_PLACEMENT_3D('',#6582,#5164,#5165);
#4567=AXIS2_PLACEMENT_3D('',#6583,#5166,#5167);
#4568=AXIS2_PLACEMENT_3D('',#6585,#5168,#5169);
#4569=AXIS2_PLACEMENT_3D('',#6586,#5170,#5171);
#4570=AXIS2_PLACEMENT_3D('',#6588,#5172,#5173);
#4571=AXIS2_PLACEMENT_3D('',#6589,#5174,#5175);
#4572=AXIS2_PLACEMENT_3D('',#6591,#5176,#5177);
#4573=AXIS2_PLACEMENT_3D('',#6592,#5178,#5179);
#4574=AXIS2_PLACEMENT_3D('',#6594,#5180,#5181);
#4575=AXIS2_PLACEMENT_3D('',#6595,#5182,#5183);
#4576=AXIS2_PLACEMENT_3D('',#6596,#5184,#5185);
#4577=AXIS2_PLACEMENT_3D('',#6597,#5186,#5187);
#4578=AXIS2_PLACEMENT_3D('',#6598,#5188,#5189);
#4579=AXIS2_PLACEMENT_3D('',#6599,#5190,#5191);
#4580=AXIS2_PLACEMENT_3D('',#6600,#5192,#5193);
#4581=AXIS2_PLACEMENT_3D('',#6601,#5194,#5195);
#4582=AXIS2_PLACEMENT_3D('',#6602,#5196,#5197);
#4583=AXIS2_PLACEMENT_3D('',#6603,#5198,#5199);
#4584=AXIS2_PLACEMENT_3D('',#6604,#5200,#5201);
#4585=AXIS2_PLACEMENT_3D('',#6605,#5202,#5203);
#4586=AXIS2_PLACEMENT_3D('',#6607,#5204,#5205);
#4587=AXIS2_PLACEMENT_3D('',#6609,#5206,#5207);
#4588=AXIS2_PLACEMENT_3D('',#6611,#5208,#5209);
#4589=AXIS2_PLACEMENT_3D('',#6613,#5210,#5211);
#4590=AXIS2_PLACEMENT_3D('',#6615,#5212,#5213);
#4591=AXIS2_PLACEMENT_3D('',#6616,#5214,#5215);
#4592=AXIS2_PLACEMENT_3D('',#6624,#5216,#5217);
#4593=AXIS2_PLACEMENT_3D('',#6630,#5218,#5219);
#4594=AXIS2_PLACEMENT_3D('',#6638,#5220,#5221);
#4595=AXIS2_PLACEMENT_3D('',#6644,#5222,#5223);
#4596=AXIS2_PLACEMENT_3D('',#6652,#5224,#5225);
#4597=AXIS2_PLACEMENT_3D('',#6658,#5226,#5227);
#4598=AXIS2_PLACEMENT_3D('',#6666,#5228,#5229);
#4599=AXIS2_PLACEMENT_3D('',#6672,#5230,#5231);
#4600=AXIS2_PLACEMENT_3D('',#6680,#5232,#5233);
#4601=AXIS2_PLACEMENT_3D('',#6686,#5234,#5235);
#4602=AXIS2_PLACEMENT_3D('',#6694,#5236,#5237);
#4603=AXIS2_PLACEMENT_3D('',#6700,#5238,#5239);
#4604=AXIS2_PLACEMENT_3D('',#6702,#5240,#5241);
#4605=AXIS2_PLACEMENT_3D('',#6703,#5242,#5243);
#4606=AXIS2_PLACEMENT_3D('',#6705,#5244,#5245);
#4607=AXIS2_PLACEMENT_3D('',#6706,#5246,#5247);
#4608=AXIS2_PLACEMENT_3D('',#6708,#5248,#5249);
#4609=AXIS2_PLACEMENT_3D('',#6709,#5250,#5251);
#4610=AXIS2_PLACEMENT_3D('',#6711,#5252,#5253);
#4611=AXIS2_PLACEMENT_3D('',#6718,#5254,#5255);
#4612=AXIS2_PLACEMENT_3D('',#6725,#5256,#5257);
#4613=AXIS2_PLACEMENT_3D('',#6732,#5258,#5259);
#4614=AXIS2_PLACEMENT_3D('',#6739,#5260,#5261);
#4615=AXIS2_PLACEMENT_3D('',#6746,#5262,#5263);
#4616=AXIS2_PLACEMENT_3D('',#6753,#5264,#5265);
#4617=AXIS2_PLACEMENT_3D('',#6760,#5266,#5267);
#4618=AXIS2_PLACEMENT_3D('',#6767,#5268,#5269);
#4619=AXIS2_PLACEMENT_3D('',#6774,#5270,#5271);
#4620=AXIS2_PLACEMENT_3D('',#6781,#5272,#5273);
#4621=AXIS2_PLACEMENT_3D('',#6788,#5274,#5275);
#4622=AXIS2_PLACEMENT_3D('',#6795,#5276,#5277);
#4623=AXIS2_PLACEMENT_3D('',#6796,#5278,#5279);
#4624=AXIS2_PLACEMENT_3D('',#6798,#5280,#5281);
#4625=AXIS2_PLACEMENT_3D('',#6799,#5282,#5283);
#4626=AXIS2_PLACEMENT_3D('',#6801,#5284,#5285);
#4627=AXIS2_PLACEMENT_3D('',#6803,#5286,#5287);
#4628=AXIS2_PLACEMENT_3D('',#6805,#5288,#5289);
#4629=AXIS2_PLACEMENT_3D('',#6807,#5290,#5291);
#4630=AXIS2_PLACEMENT_3D('',#6810,#5294,#5295);
#4631=AXIS2_PLACEMENT_3D('',#6813,#5298,#5299);
#4632=AXIS2_PLACEMENT_3D('',#6814,#5300,#5301);
#4633=AXIS2_PLACEMENT_3D('',#6815,#5302,#5303);
#4634=AXIS2_PLACEMENT_3D('',#6818,#5306,#5307);
#4635=AXIS2_PLACEMENT_3D('',#6821,#5310,#5311);
#4636=AXIS2_PLACEMENT_3D('',#6822,#5312,#5313);
#4637=AXIS2_PLACEMENT_3D('',#6823,#5314,#5315);
#4638=AXIS2_PLACEMENT_3D('',#6826,#5318,#5319);
#4639=AXIS2_PLACEMENT_3D('',#6829,#5322,#5323);
#4640=AXIS2_PLACEMENT_3D('',#6830,#5324,#5325);
#4641=AXIS2_PLACEMENT_3D('',#6831,#5326,#5327);
#4642=AXIS2_PLACEMENT_3D('',#6834,#5330,#5331);
#4643=AXIS2_PLACEMENT_3D('',#6837,#5334,#5335);
#4644=AXIS2_PLACEMENT_3D('',#6838,#5336,#5337);
#4645=AXIS2_PLACEMENT_3D('',#6839,#5338,#5339);
#4646=AXIS2_PLACEMENT_3D('',#6842,#5342,#5343);
#4647=AXIS2_PLACEMENT_3D('',#6845,#5346,#5347);
#4648=AXIS2_PLACEMENT_3D('',#6846,#5348,#5349);
#4649=AXIS2_PLACEMENT_3D('',#6847,#5350,#5351);
#4650=AXIS2_PLACEMENT_3D('',#6850,#5354,#5355);
#4651=AXIS2_PLACEMENT_3D('',#6853,#5358,#5359);
#4652=AXIS2_PLACEMENT_3D('',#6854,#5360,#5361);
#4653=AXIS2_PLACEMENT_3D('',#6855,#5362,#5363);
#4654=AXIS2_PLACEMENT_3D('',#6856,#5364,#5365);
#4655=AXIS2_PLACEMENT_3D('',#6858,#5366,#5367);
#4656=AXIS2_PLACEMENT_3D('',#6859,#5368,#5369);
#4657=AXIS2_PLACEMENT_3D('',#6860,#5370,#5371);
#4658=AXIS2_PLACEMENT_3D('',#6862,#5372,#5373);
#4659=AXIS2_PLACEMENT_3D('',#6863,#5374,#5375);
#4660=AXIS2_PLACEMENT_3D('',#6864,#5376,#5377);
#4661=AXIS2_PLACEMENT_3D('',#6866,#5378,#5379);
#4662=AXIS2_PLACEMENT_3D('',#6867,#5380,#5381);
#4663=AXIS2_PLACEMENT_3D('',#6868,#5382,#5383);
#4664=AXIS2_PLACEMENT_3D('',#6870,#5384,#5385);
#4665=AXIS2_PLACEMENT_3D('',#6871,#5386,#5387);
#4666=AXIS2_PLACEMENT_3D('',#6872,#5388,#5389);
#4667=AXIS2_PLACEMENT_3D('',#6874,#5390,#5391);
#4668=AXIS2_PLACEMENT_3D('',#6875,#5392,#5393);
#4669=AXIS2_PLACEMENT_3D('',#6876,#5394,#5395);
#4670=AXIS2_PLACEMENT_3D('',#6878,#5396,#5397);
#4671=AXIS2_PLACEMENT_3D('',#6879,#5398,#5399);
#4672=AXIS2_PLACEMENT_3D('',#6880,#5400,#5401);
#4673=AXIS2_PLACEMENT_3D('',#6882,#5402,#5403);
#4674=AXIS2_PLACEMENT_3D('',#6883,#5404,#5405);
#4675=AXIS2_PLACEMENT_3D('',#6884,#5406,#5407);
#4676=AXIS2_PLACEMENT_3D('',#6886,#5408,#5409);
#4677=AXIS2_PLACEMENT_3D('',#6887,#5410,#5411);
#4678=AXIS2_PLACEMENT_3D('',#6888,#5412,#5413);
#4679=AXIS2_PLACEMENT_3D('',#6889,#5414,#5415);
#4680=AXIS2_PLACEMENT_3D('',#6891,#5416,#5417);
#4681=AXIS2_PLACEMENT_3D('',#6893,#5418,#5419);
#4682=AXIS2_PLACEMENT_3D('',#6895,#5420,#5421);
#4683=AXIS2_PLACEMENT_3D('',#6913,#5430,#5431);
#4684=AXIS2_PLACEMENT_3D('',#6915,#5432,#5433);
#4685=AXIS2_PLACEMENT_3D('',#6917,#5434,#5435);
#4686=AXIS2_PLACEMENT_3D('',#6919,#5436,#5437);
#4687=AXIS2_PLACEMENT_3D('',#6938,#5446,#5447);
#4688=AXIS2_PLACEMENT_3D('',#6942,#5449,#5450);
#4689=AXIS2_PLACEMENT_3D('',#6950,#5454,#5455);
#4690=AXIS2_PLACEMENT_3D('',#6954,#5457,#5458);
#4691=AXIS2_PLACEMENT_3D('',#6982,#5472,#5473);
#4692=AXIS2_PLACEMENT_3D('',#6986,#5475,#5476);
#4693=AXIS2_PLACEMENT_3D('',#6994,#5480,#5481);
#4694=AXIS2_PLACEMENT_3D('',#6998,#5483,#5484);
#4695=AXIS2_PLACEMENT_3D('',#7009,#5490,#5491);
#4696=AXIS2_PLACEMENT_3D('',#7010,#5492,#5493);
#4697=AXIS2_PLACEMENT_3D('',#7012,#5494,#5495);
#4698=AXIS2_PLACEMENT_3D('',#7020,#5500,#5501);
#4699=AXIS2_PLACEMENT_3D('',#7024,#5503,#5504);
#4700=AXIS2_PLACEMENT_3D('',#7029,#5507,#5508);
#4701=AXIS2_PLACEMENT_3D('',#7033,#5510,#5511);
#4702=AXIS2_PLACEMENT_3D('',#7038,#5514,#5515);
#4703=AXIS2_PLACEMENT_3D('',#7042,#5517,#5518);
#4704=AXIS2_PLACEMENT_3D('',#7047,#5521,#5522);
#4705=AXIS2_PLACEMENT_3D('',#7048,#5523,#5524);
#4706=AXIS2_PLACEMENT_3D('',#7053,#5526,#5527);
#4707=AXIS2_PLACEMENT_3D('',#7059,#5530,#5531);
#4708=AXIS2_PLACEMENT_3D('',#7067,#5535,#5536);
#4709=AXIS2_PLACEMENT_3D('',#7075,#5540,#5541);
#4710=AXIS2_PLACEMENT_3D('',#7083,#5545,#5546);
#4711=AXIS2_PLACEMENT_3D('',#7089,#5549,#5550);
#4712=AXIS2_PLACEMENT_3D('',#7093,#5552,#5553);
#4713=AXIS2_PLACEMENT_3D('',#7099,#5556,#5557);
#4714=AXIS2_PLACEMENT_3D('',#7107,#5561,#5562);
#4715=AXIS2_PLACEMENT_3D('',#7115,#5566,#5567);
#4716=AXIS2_PLACEMENT_3D('',#7121,#5570,#5571);
#4717=AXIS2_PLACEMENT_3D('',#7125,#5573,#5574);
#4718=AXIS2_PLACEMENT_3D('',#7131,#5577,#5578);
#4719=AXIS2_PLACEMENT_3D('',#7139,#5582,#5583);
#4720=AXIS2_PLACEMENT_3D('',#7147,#5587,#5588);
#4721=AXIS2_PLACEMENT_3D('',#7155,#5592,#5593);
#4722=AXIS2_PLACEMENT_3D('',#7161,#5596,#5597);
#4723=AXIS2_PLACEMENT_3D('',#7165,#5599,#5600);
#4724=AXIS2_PLACEMENT_3D('',#7171,#5603,#5604);
#4725=AXIS2_PLACEMENT_3D('',#7179,#5608,#5609);
#4726=AXIS2_PLACEMENT_3D('',#7187,#5613,#5614);
#4727=AXIS2_PLACEMENT_3D('',#7192,#5617,#5618);
#4728=AXIS2_PLACEMENT_3D('',#7198,#5622,#5623);
#4729=AXIS2_PLACEMENT_3D('',#7202,#5626,#5627);
#4730=AXIS2_PLACEMENT_3D('',#7206,#5630,#5631);
#4731=AXIS2_PLACEMENT_3D('',#7212,#5635,#5636);
#4732=AXIS2_PLACEMENT_3D('',#7216,#5639,#5640);
#4733=AXIS2_PLACEMENT_3D('',#7220,#5643,#5644);
#4734=AXIS2_PLACEMENT_3D('',#7229,#5649,#5650);
#4735=AXIS2_PLACEMENT_3D('',#7238,#5655,#5656);
#4736=AXIS2_PLACEMENT_3D('',#7250,#5660,#5661);
#4737=AXIS2_PLACEMENT_3D('',#7254,#5664,#5665);
#4738=AXIS2_PLACEMENT_3D('',#7264,#5668,#5669);
#4739=AXIS2_PLACEMENT_3D('',#7273,#5674,#5675);
#4740=AXIS2_PLACEMENT_3D('',#7282,#5680,#5681);
#4741=AXIS2_PLACEMENT_3D('',#7291,#5686,#5687);
#4742=AXIS2_PLACEMENT_3D('',#7300,#5692,#5693);
#4743=AXIS2_PLACEMENT_3D('',#7306,#5697,#5698);
#4744=AXIS2_PLACEMENT_3D('',#7310,#5701,#5702);
#4745=AXIS2_PLACEMENT_3D('',#7314,#5705,#5706);
#4746=AXIS2_PLACEMENT_3D('',#7323,#5711,#5712);
#4747=AXIS2_PLACEMENT_3D('',#7329,#5716,#5717);
#4748=AXIS2_PLACEMENT_3D('',#7333,#5720,#5721);
#4749=AXIS2_PLACEMENT_3D('',#7337,#5724,#5725);
#4750=AXIS2_PLACEMENT_3D('',#7346,#5730,#5731);
#4751=AXIS2_PLACEMENT_3D('',#7355,#5736,#5737);
#4752=AXIS2_PLACEMENT_3D('',#7364,#5742,#5743);
#4753=AXIS2_PLACEMENT_3D('',#7373,#5748,#5749);
#4754=AXIS2_PLACEMENT_3D('',#7385,#5753,#5754);
#4755=AXIS2_PLACEMENT_3D('',#7389,#5757,#5758);
#4756=AXIS2_PLACEMENT_3D('',#7399,#5761,#5762);
#4757=AXIS2_PLACEMENT_3D('',#7408,#5767,#5768);
#4758=AXIS2_PLACEMENT_3D('',#7417,#5773,#5774);
#4759=AXIS2_PLACEMENT_3D('',#7426,#5779,#5780);
#4760=AXIS2_PLACEMENT_3D('',#7435,#5785,#5786);
#4761=AXIS2_PLACEMENT_3D('',#7441,#5790,#5791);
#4762=AXIS2_PLACEMENT_3D('',#7445,#5794,#5795);
#4763=AXIS2_PLACEMENT_3D('',#7451,#5799,#5800);
#4764=AXIS2_PLACEMENT_3D('',#7460,#5805,#5806);
#4765=AXIS2_PLACEMENT_3D('',#7468,#5811,#5812);
#4766=AXIS2_PLACEMENT_3D('',#7472,#5815,#5816);
#4767=AXIS2_PLACEMENT_3D('',#7476,#5819,#5820);
#4768=AXIS2_PLACEMENT_3D('',#7485,#5825,#5826);
#4769=AXIS2_PLACEMENT_3D('',#7486,#5827,#5828);
#4770=AXIS2_PLACEMENT_3D('',#7488,#5829,#5830);
#4771=AXIS2_PLACEMENT_3D('',#7489,#5831,#5832);
#4772=AXIS2_PLACEMENT_3D('',#7491,#5833,#5834);
#4773=AXIS2_PLACEMENT_3D('',#7492,#5835,#5836);
#4774=AXIS2_PLACEMENT_3D('',#7494,#5837,#5838);
#4775=AXIS2_PLACEMENT_3D('',#7496,#5840,#5841);
#4776=AXIS2_PLACEMENT_3D('',#7498,#5843,#5844);
#4777=AXIS2_PLACEMENT_3D('',#7499,#5845,#5846);
#4778=AXIS2_PLACEMENT_3D('',#7501,#5847,#5848);
#4779=AXIS2_PLACEMENT_3D('',#7502,#5849,#5850);
#4780=AXIS2_PLACEMENT_3D('',#7504,#5851,#5852);
#4781=AXIS2_PLACEMENT_3D('',#7505,#5853,#5854);
#4782=AXIS2_PLACEMENT_3D('',#7507,#5855,#5856);
#4783=AXIS2_PLACEMENT_3D('',#7509,#5857,#5858);
#4784=AXIS2_PLACEMENT_3D('',#7510,#5859,#5860);
#4785=AXIS2_PLACEMENT_3D('',#7512,#5861,#5862);
#4786=AXIS2_PLACEMENT_3D('',#7514,#5863,#5864);
#4787=AXIS2_PLACEMENT_3D('',#7515,#5865,#5866);
#4788=AXIS2_PLACEMENT_3D('',#7517,#5867,#5868);
#4789=AXIS2_PLACEMENT_3D('',#7518,#5869,#5870);
#4790=AXIS2_PLACEMENT_3D('',#7520,#5871,#5872);
#4791=AXIS2_PLACEMENT_3D('',#7521,#5873,#5874);
#4792=AXIS2_PLACEMENT_3D('',#7523,#5875,#5876);
#4793=AXIS2_PLACEMENT_3D('',#7524,#5877,#5878);
#4794=AXIS2_PLACEMENT_3D('',#7526,#5879,#5880);
#4795=AXIS2_PLACEMENT_3D('',#7535,#5885,#5886);
#4796=AXIS2_PLACEMENT_3D('',#7536,#5887,#5888);
#4797=AXIS2_PLACEMENT_3D('',#7538,#5889,#5890);
#4798=AXIS2_PLACEMENT_3D('',#7541,#5893,#5894);
#4799=AXIS2_PLACEMENT_3D('',#7545,#5896,#5897);
#4800=AXIS2_PLACEMENT_3D('',#7550,#5900,#5901);
#4801=AXIS2_PLACEMENT_3D('',#7551,#5902,#5903);
#4802=AXIS2_PLACEMENT_3D('',#7552,#5904,#5905);
#4803=AXIS2_PLACEMENT_3D('',#7553,#5906,#5907);
#4804=AXIS2_PLACEMENT_3D('',#7554,#5908,#5909);
#4805=AXIS2_PLACEMENT_3D('',#7555,#5910,#5911);
#4806=AXIS2_PLACEMENT_3D('',#7556,#5912,#5913);
#4807=AXIS2_PLACEMENT_3D('',#7557,#5914,#5915);
#4808=AXIS2_PLACEMENT_3D('',#7558,#5916,#5917);
#4809=AXIS2_PLACEMENT_3D('',#7559,#5918,#5919);
#4810=AXIS2_PLACEMENT_3D('',#7560,#5920,#5921);
#4811=AXIS2_PLACEMENT_3D('',#7561,#5922,#5923);
#4812=AXIS2_PLACEMENT_3D('',#7562,#5924,#5925);
#4813=AXIS2_PLACEMENT_3D('',#7563,#5926,#5927);
#4814=AXIS2_PLACEMENT_3D('',#7564,#5928,#5929);
#4815=AXIS2_PLACEMENT_3D('',#7565,#5930,#5931);
#4816=AXIS2_PLACEMENT_3D('',#7566,#5932,#5933);
#4817=AXIS2_PLACEMENT_3D('',#7567,#5934,#5935);
#4818=AXIS2_PLACEMENT_3D('',#7568,#5936,#5937);
#4819=AXIS2_PLACEMENT_3D('',#7574,#5938,#5939);
#4820=AXIS2_PLACEMENT_3D('',#7580,#5940,#5941);
#4821=AXIS2_PLACEMENT_3D('',#7581,#5942,#5943);
#4822=AXIS2_PLACEMENT_3D('',#7582,#5944,#5945);
#4823=AXIS2_PLACEMENT_3D('',#7583,#5946,#5947);
#4824=AXIS2_PLACEMENT_3D('',#7584,#5948,#5949);
#4825=AXIS2_PLACEMENT_3D('',#7585,#5950,#5951);
#4826=AXIS2_PLACEMENT_3D('',#7586,#5952,#5953);
#4827=AXIS2_PLACEMENT_3D('',#7587,#5954,#5955);
#4828=AXIS2_PLACEMENT_3D('',#7593,#5956,#5957);
#4829=AXIS2_PLACEMENT_3D('',#7594,#5958,#5959);
#4830=AXIS2_PLACEMENT_3D('',#7595,#5960,#5961);
#4831=AXIS2_PLACEMENT_3D('',#7596,#5962,#5963);
#4832=AXIS2_PLACEMENT_3D('',#7597,#5964,#5965);
#4833=AXIS2_PLACEMENT_3D('',#7598,#5966,#5967);
#4834=AXIS2_PLACEMENT_3D('',#7599,#5968,#5969);
#4835=AXIS2_PLACEMENT_3D('',#7600,#5970,#5971);
#4836=AXIS2_PLACEMENT_3D('',#7601,#5972,#5973);
#4837=AXIS2_PLACEMENT_3D('',#7602,#5974,#5975);
#4838=AXIS2_PLACEMENT_3D('',#7603,#5976,#5977);
#4839=AXIS2_PLACEMENT_3D('',#7604,#5978,#5979);
#4840=AXIS2_PLACEMENT_3D('',#7605,#5980,#5981);
#4841=AXIS2_PLACEMENT_3D('',#7606,#5982,#5983);
#4842=AXIS2_PLACEMENT_3D('',#7607,#5984,#5985);
#4843=AXIS2_PLACEMENT_3D('',#7608,#5986,#5987);
#4844=AXIS2_PLACEMENT_3D('',#7609,#5988,#5989);
#4845=AXIS2_PLACEMENT_3D('',#7610,#5990,#5991);
#4846=AXIS2_PLACEMENT_3D('',#7611,#5992,#5993);
#4847=AXIS2_PLACEMENT_3D('',#7612,#5994,#5995);
#4848=AXIS2_PLACEMENT_3D('',#7613,#5996,#5997);
#4849=AXIS2_PLACEMENT_3D('',#7619,#5998,#5999);
#4850=AXIS2_PLACEMENT_3D('',#7620,#6000,#6001);
#4851=AXIS2_PLACEMENT_3D('',#7621,#6002,#6003);
#4852=AXIS2_PLACEMENT_3D('',#7622,#6004,#6005);
#4853=AXIS2_PLACEMENT_3D('',#7623,#6006,#6007);
#4854=AXIS2_PLACEMENT_3D('',#7624,#6008,#6009);
#4855=AXIS2_PLACEMENT_3D('',#7625,#6010,#6011);
#4856=AXIS2_PLACEMENT_3D('',#7626,#6012,#6013);
#4857=AXIS2_PLACEMENT_3D('',#7627,#6014,#6015);
#4858=AXIS2_PLACEMENT_3D('',#7628,#6016,#6017);
#4859=AXIS2_PLACEMENT_3D('',#7629,#6018,#6019);
#4860=AXIS2_PLACEMENT_3D('',#7630,#6020,#6021);
#4861=AXIS2_PLACEMENT_3D('',#7631,#6022,#6023);
#4862=AXIS2_PLACEMENT_3D('',#7632,#6024,#6025);
#4863=AXIS2_PLACEMENT_3D('',#7633,#6026,#6027);
#4864=AXIS2_PLACEMENT_3D('',#7634,#6028,#6029);
#4865=AXIS2_PLACEMENT_3D('',#7635,#6030,#6031);
#4866=AXIS2_PLACEMENT_3D('',#7636,#6032,#6033);
#4867=AXIS2_PLACEMENT_3D('',#7637,#6034,#6035);
#4868=AXIS2_PLACEMENT_3D('',#7638,#6036,#6037);
#4869=AXIS2_PLACEMENT_3D('',#7644,#6038,#6039);
#4870=AXIS2_PLACEMENT_3D('',#7645,#6040,#6041);
#4871=AXIS2_PLACEMENT_3D('',#7646,#6042,#6043);
#4872=AXIS2_PLACEMENT_3D('',#7647,#6044,#6045);
#4873=AXIS2_PLACEMENT_3D('',#7648,#6046,#6047);
#4874=AXIS2_PLACEMENT_3D('',#7649,#6048,#6049);
#4875=AXIS2_PLACEMENT_3D('',#7650,#6050,#6051);
#4876=AXIS2_PLACEMENT_3D('',#7651,#6052,#6053);
#4877=AXIS2_PLACEMENT_3D('',#7652,#6054,#6055);
#4878=AXIS2_PLACEMENT_3D('',#7653,#6056,#6057);
#4879=AXIS2_PLACEMENT_3D('',#7654,#6058,#6059);
#4880=AXIS2_PLACEMENT_3D('',#7655,#6060,#6061);
#4881=AXIS2_PLACEMENT_3D('',#7656,#6062,#6063);
#4882=AXIS2_PLACEMENT_3D('',#7657,#6064,#6065);
#4883=AXIS2_PLACEMENT_3D('',#7658,#6066,#6067);
#4884=AXIS2_PLACEMENT_3D('',#7659,#6068,#6069);
#4885=AXIS2_PLACEMENT_3D('',#7665,#6070,#6071);
#4886=AXIS2_PLACEMENT_3D('',#7666,#6072,#6073);
#4887=AXIS2_PLACEMENT_3D('',#7667,#6074,#6075);
#4888=AXIS2_PLACEMENT_3D('',#7668,#6076,#6077);
#4889=AXIS2_PLACEMENT_3D('',#7669,#6078,#6079);
#4890=AXIS2_PLACEMENT_3D('',#7670,#6080,#6081);
#4891=AXIS2_PLACEMENT_3D('',#7671,#6082,#6083);
#4892=AXIS2_PLACEMENT_3D('',#7672,#6084,#6085);
#4893=AXIS2_PLACEMENT_3D('',#7673,#6086,#6087);
#4894=AXIS2_PLACEMENT_3D('',#7674,#6088,#6089);
#4895=AXIS2_PLACEMENT_3D('',#7675,#6090,#6091);
#4896=AXIS2_PLACEMENT_3D('',#7681,#6092,#6093);
#4897=AXIS2_PLACEMENT_3D('',#7682,#6094,#6095);
#4898=AXIS2_PLACEMENT_3D('',#7683,#6096,#6097);
#4899=AXIS2_PLACEMENT_3D('',#7684,#6098,#6099);
#4900=AXIS2_PLACEMENT_3D('',#7685,#6100,#6101);
#4901=AXIS2_PLACEMENT_3D('',#7686,#6102,#6103);
#4902=AXIS2_PLACEMENT_3D('',#7687,#6104,#6105);
#4903=AXIS2_PLACEMENT_3D('',#7688,#6106,#6107);
#4904=AXIS2_PLACEMENT_3D('',#7689,#6108,#6109);
#4905=AXIS2_PLACEMENT_3D('',#7695,#6110,#6111);
#4906=AXIS2_PLACEMENT_3D('',#7696,#6112,#6113);
#4907=AXIS2_PLACEMENT_3D('',#7697,#6114,#6115);
#4908=AXIS2_PLACEMENT_3D('',#7698,#6116,#6117);
#4909=AXIS2_PLACEMENT_3D('',#7699,#6118,#6119);
#4910=AXIS2_PLACEMENT_3D('',#7700,#6120,#6121);
#4911=AXIS2_PLACEMENT_3D('',#7701,#6122,#6123);
#4912=AXIS2_PLACEMENT_3D('',#7702,#6124,#6125);
#4913=AXIS2_PLACEMENT_3D('',#7703,#6126,#6127);
#4914=AXIS2_PLACEMENT_3D('',#7704,#6128,#6129);
#4915=AXIS2_PLACEMENT_3D('',#7705,#6130,#6131);
#4916=AXIS2_PLACEMENT_3D('',#7711,#6132,#6133);
#4917=AXIS2_PLACEMENT_3D('',#7712,#6134,#6135);
#4918=AXIS2_PLACEMENT_3D('',#7713,#6136,#6137);
#4919=AXIS2_PLACEMENT_3D('',#7714,#6138,#6139);
#4920=AXIS2_PLACEMENT_3D('',#7715,#6140,#6141);
#4921=AXIS2_PLACEMENT_3D('',#7716,#6142,#6143);
#4922=AXIS2_PLACEMENT_3D('',#7717,#6144,#6145);
#4923=AXIS2_PLACEMENT_3D('',#7718,#6146,#6147);
#4924=AXIS2_PLACEMENT_3D('',#7719,#6148,#6149);
#4925=AXIS2_PLACEMENT_3D('',#7720,#6150,#6151);
#4926=AXIS2_PLACEMENT_3D('',#7721,#6152,#6153);
#4927=AXIS2_PLACEMENT_3D('',#7722,#6154,#6155);
#4928=AXIS2_PLACEMENT_3D('',#7723,#6156,#6157);
#4929=AXIS2_PLACEMENT_3D('',#7724,#6158,#6159);
#4930=AXIS2_PLACEMENT_3D('',#7725,#6160,#6161);
#4931=AXIS2_PLACEMENT_3D('',#7726,#6162,#6163);
#4932=AXIS2_PLACEMENT_3D('',#7727,#6164,#6165);
#4933=AXIS2_PLACEMENT_3D('',#7728,#6166,#6167);
#4934=AXIS2_PLACEMENT_3D('',#7729,#6168,#6169);
#4935=AXIS2_PLACEMENT_3D('',#7730,#6170,#6171);
#4936=AXIS2_PLACEMENT_3D('',#7731,#6172,#6173);
#4937=AXIS2_PLACEMENT_3D('',#7732,#6174,#6175);
#4938=AXIS2_PLACEMENT_3D('',#7733,#6176,#6177);
#4939=AXIS2_PLACEMENT_3D('',#7734,#6178,#6179);
#4940=AXIS2_PLACEMENT_3D('',#7735,#6180,#6181);
#4941=AXIS2_PLACEMENT_3D('',#7736,#6182,#6183);
#4942=AXIS2_PLACEMENT_3D('',#7737,#6184,#6185);
#4943=AXIS2_PLACEMENT_3D('',#7738,#6186,#6187);
#4944=AXIS2_PLACEMENT_3D('',#7739,#6188,#6189);
#4945=AXIS2_PLACEMENT_3D('',#7740,#6190,#6191);
#4946=AXIS2_PLACEMENT_3D('',#7741,#6192,#6193);
#4947=AXIS2_PLACEMENT_3D('',#7742,#6194,#6195);
#4948=AXIS2_PLACEMENT_3D('',#7743,#6196,#6197);
#4949=AXIS2_PLACEMENT_3D('',#7744,#6198,#6199);
#4950=AXIS2_PLACEMENT_3D('',#7745,#6200,#6201);
#4951=AXIS2_PLACEMENT_3D('',#7751,#6202,#6203);
#4952=AXIS2_PLACEMENT_3D('',#7752,#6204,#6205);
#4953=AXIS2_PLACEMENT_3D('',#7753,#6206,#6207);
#4954=AXIS2_PLACEMENT_3D('',#7754,#6208,#6209);
#4955=AXIS2_PLACEMENT_3D('',#7755,#6210,#6211);
#4956=AXIS2_PLACEMENT_3D('',#7756,#6212,#6213);
#4957=AXIS2_PLACEMENT_3D('',#7757,#6214,#6215);
#4958=AXIS2_PLACEMENT_3D('',#7758,#6216,#6217);
#4959=AXIS2_PLACEMENT_3D('',#7759,#6218,#6219);
#4960=AXIS2_PLACEMENT_3D('',#7760,#6220,#6221);
#4961=AXIS2_PLACEMENT_3D('',#7761,#6222,#6223);
#4962=AXIS2_PLACEMENT_3D('',#7762,#6224,#6225);
#4963=AXIS2_PLACEMENT_3D('',#7763,#6226,#6227);
#4964=AXIS2_PLACEMENT_3D('',#7764,#6228,#6229);
#4965=AXIS2_PLACEMENT_3D('',#7765,#6230,#6231);
#4966=AXIS2_PLACEMENT_3D('',#7766,#6232,#6233);
#4967=AXIS2_PLACEMENT_3D('',#7767,#6234,#6235);
#4968=AXIS2_PLACEMENT_3D('',#7768,#6236,#6237);
#4969=AXIS2_PLACEMENT_3D('',#7769,#6238,#6239);
#4970=AXIS2_PLACEMENT_3D('',#7770,#6240,#6241);
#4971=AXIS2_PLACEMENT_3D('',#7771,#6242,#6243);
#4972=AXIS2_PLACEMENT_3D('',#7772,#6244,#6245);
#4973=AXIS2_PLACEMENT_3D('',#7773,#6246,#6247);
#4974=AXIS2_PLACEMENT_3D('',#7774,#6248,#6249);
#4975=AXIS2_PLACEMENT_3D('',#7775,#6250,#6251);
#4976=AXIS2_PLACEMENT_3D('',#7776,#6252,#6253);
#4977=AXIS2_PLACEMENT_3D('',#7777,#6254,#6255);
#4978=AXIS2_PLACEMENT_3D('',#7778,#6256,#6257);
#4979=AXIS2_PLACEMENT_3D('',#7779,#6258,#6259);
#4980=AXIS2_PLACEMENT_3D('',#7780,#6260,#6261);
#4981=AXIS2_PLACEMENT_3D('',#7781,#6262,#6263);
#4982=AXIS2_PLACEMENT_3D('',#7782,#6264,#6265);
#4983=AXIS2_PLACEMENT_3D('',#7783,#6266,#6267);
#4984=AXIS2_PLACEMENT_3D('',#7784,#6268,#6269);
#4985=AXIS2_PLACEMENT_3D('',#7785,#6270,#6271);
#4986=AXIS2_PLACEMENT_3D('',#7786,#6272,#6273);
#4987=AXIS2_PLACEMENT_3D('',#7787,#6274,#6275);
#4988=AXIS2_PLACEMENT_3D('',#7788,#6276,#6277);
#4989=AXIS2_PLACEMENT_3D('',#7789,#6278,#6279);
#4990=AXIS2_PLACEMENT_3D('',#7790,#6280,#6281);
#4991=AXIS2_PLACEMENT_3D('',#7791,#6282,#6283);
#4992=AXIS2_PLACEMENT_3D('',#7797,#6284,#6285);
#4993=AXIS2_PLACEMENT_3D('',#7803,#6286,#6287);
#4994=AXIS2_PLACEMENT_3D('',#7804,#6288,#6289);
#4995=AXIS2_PLACEMENT_3D('',#7805,#6290,#6291);
#4996=AXIS2_PLACEMENT_3D('',#7806,#6292,#6293);
#4997=AXIS2_PLACEMENT_3D('',#7807,#6294,#6295);
#4998=AXIS2_PLACEMENT_3D('',#7808,#6296,#6297);
#4999=AXIS2_PLACEMENT_3D('',#7809,#6298,#6299);
#5000=AXIS2_PLACEMENT_3D('',#7815,#6300,#6301);
#5001=AXIS2_PLACEMENT_3D('',#7821,#6302,#6303);
#5002=AXIS2_PLACEMENT_3D('',#7822,#6304,#6305);
#5003=AXIS2_PLACEMENT_3D('',#7823,#6306,#6307);
#5004=AXIS2_PLACEMENT_3D('',#7824,#6308,#6309);
#5005=AXIS2_PLACEMENT_3D('',#7825,#6310,#6311);
#5006=AXIS2_PLACEMENT_3D('',#7826,#6312,#6313);
#5007=AXIS2_PLACEMENT_3D('',#7827,#6314,#6315);
#5008=AXIS2_PLACEMENT_3D('',#7828,#6316,#6317);
#5009=AXIS2_PLACEMENT_3D('',#7829,#6318,#6319);
#5010=AXIS2_PLACEMENT_3D('',#7835,#6320,#6321);
#5011=AXIS2_PLACEMENT_3D('',#7836,#6322,#6323);
#5012=AXIS2_PLACEMENT_3D('',#7837,#6324,#6325);
#5013=AXIS2_PLACEMENT_3D('',#7838,#6326,#6327);
#5014=AXIS2_PLACEMENT_3D('',#7839,#6328,#6329);
#5015=AXIS2_PLACEMENT_3D('',#7840,#6330,#6331);
#5016=AXIS2_PLACEMENT_3D('',#7841,#6332,#6333);
#5017=AXIS2_PLACEMENT_3D('',#7842,#6334,#6335);
#5018=AXIS2_PLACEMENT_3D('',#7843,#6336,#6337);
#5019=AXIS2_PLACEMENT_3D('',#7844,#6338,#6339);
#5020=AXIS2_PLACEMENT_3D('',#7845,#6340,#6341);
#5021=AXIS2_PLACEMENT_3D('',#7846,#6342,#6343);
#5022=AXIS2_PLACEMENT_3D('',#7847,#6344,#6345);
#5023=AXIS2_PLACEMENT_3D('',#7848,#6346,#6347);
#5024=AXIS2_PLACEMENT_3D('',#7849,#6348,#6349);
#5025=AXIS2_PLACEMENT_3D('',#7850,#6350,#6351);
#5026=AXIS2_PLACEMENT_3D('',#7851,#6352,#6353);
#5027=AXIS2_PLACEMENT_3D('',#7852,#6354,#6355);
#5028=AXIS2_PLACEMENT_3D('',#7853,#6356,#6357);
#5029=AXIS2_PLACEMENT_3D('',#7854,#6358,#6359);
#5030=AXIS2_PLACEMENT_3D('',#7855,#6360,#6361);
#5031=AXIS2_PLACEMENT_3D('',#7856,#6362,#6363);
#5032=AXIS2_PLACEMENT_3D('',#7857,#6364,#6365);
#5033=AXIS2_PLACEMENT_3D('',#7858,#6366,#6367);
#5034=AXIS2_PLACEMENT_3D('',#7859,#6368,#6369);
#5035=AXIS2_PLACEMENT_3D('',#7860,#6370,#6371);
#5036=AXIS2_PLACEMENT_3D('',#7861,#6372,#6373);
#5037=AXIS2_PLACEMENT_3D('',#7862,#6374,#6375);
#5038=AXIS2_PLACEMENT_3D('',#7863,#6376,#6377);
#5039=AXIS2_PLACEMENT_3D('',#7864,#6378,#6379);
#5040=AXIS2_PLACEMENT_3D('',#7865,#6380,#6381);
#5041=AXIS2_PLACEMENT_3D('',#7866,#6382,#6383);
#5042=AXIS2_PLACEMENT_3D('',#7867,#6384,#6385);
#5043=AXIS2_PLACEMENT_3D('',#7868,#6386,#6387);
#5044=AXIS2_PLACEMENT_3D('',#7874,#6388,#6389);
#5045=AXIS2_PLACEMENT_3D('',#7875,#6390,#6391);
#5046=AXIS2_PLACEMENT_3D('',#7876,#6392,#6393);
#5047=AXIS2_PLACEMENT_3D('',#7877,#6394,#6395);
#5048=AXIS2_PLACEMENT_3D('',#7878,#6396,#6397);
#5049=AXIS2_PLACEMENT_3D('',#7879,#6398,#6399);
#5050=AXIS2_PLACEMENT_3D('',#7880,#6400,#6401);
#5051=AXIS2_PLACEMENT_3D('',#7881,#6402,#6403);
#5052=AXIS2_PLACEMENT_3D('',#7882,#6404,#6405);
#5053=AXIS2_PLACEMENT_3D('',#7883,#6406,#6407);
#5054=AXIS2_PLACEMENT_3D('',#7884,#6408,#6409);
#5055=AXIS2_PLACEMENT_3D('',#7885,#6410,#6411);
#5056=AXIS2_PLACEMENT_3D('',#7886,#6412,#6413);
#5057=AXIS2_PLACEMENT_3D('',#7887,#6414,#6415);
#5058=AXIS2_PLACEMENT_3D('',#7888,#6416,#6417);
#5059=AXIS2_PLACEMENT_3D('',#7894,#6418,#6419);
#5060=AXIS2_PLACEMENT_3D('',#7900,#6420,#6421);
#5061=AXIS2_PLACEMENT_3D('',#7901,#6422,#6423);
#5062=AXIS2_PLACEMENT_3D('',#7902,#6424,#6425);
#5063=AXIS2_PLACEMENT_3D('',#7903,#6426,#6427);
#5064=AXIS2_PLACEMENT_3D('',#7904,#6428,#6429);
#5065=AXIS2_PLACEMENT_3D('',#7905,#6430,#6431);
#5066=AXIS2_PLACEMENT_3D('',#7906,#6432,#6433);
#5067=AXIS2_PLACEMENT_3D('',#7907,#6434,#6435);
#5068=AXIS2_PLACEMENT_3D('',#7908,#6436,#6437);
#5069=AXIS2_PLACEMENT_3D('',#7909,#6438,#6439);
#5070=AXIS2_PLACEMENT_3D('',#7910,#6440,#6441);
#5071=AXIS2_PLACEMENT_3D('',#7911,#6442,#6443);
#5072=AXIS2_PLACEMENT_3D('',#7912,#6444,#6445);
#5073=AXIS2_PLACEMENT_3D('',#7913,#6446,#6447);
#5074=AXIS2_PLACEMENT_3D('',#7914,#6448,#6449);
#5075=AXIS2_PLACEMENT_3D('',#7915,#6450,#6451);
#5076=AXIS2_PLACEMENT_3D('',#7916,#6452,#6453);
#5077=AXIS2_PLACEMENT_3D('',#7917,#6454,#6455);
#5078=AXIS2_PLACEMENT_3D('',#7918,#6456,#6457);
#5079=AXIS2_PLACEMENT_3D('',#7919,#6458,#6459);
#5080=AXIS2_PLACEMENT_3D('',#7920,#6460,#6461);
#5081=AXIS2_PLACEMENT_3D('',#7921,#6462,#6463);
#5082=AXIS2_PLACEMENT_3D('',#7922,#6464,#6465);
#5083=AXIS2_PLACEMENT_3D('',#7923,#6466,#6467);
#5084=AXIS2_PLACEMENT_3D('',#7925,#6468,#6469);
#5085=AXIS2_PLACEMENT_3D('',#7935,#6474,#6475);
#5086=AXIS2_PLACEMENT_3D('',#7938,#6478,#6479);
#5087=AXIS2_PLACEMENT_3D('',#7941,#6482,#6483);
#5088=AXIS2_PLACEMENT_3D('',#7942,#6484,#6485);
#5089=AXIS2_PLACEMENT_3D('',#7943,#6486,#6487);
#5090=AXIS2_PLACEMENT_3D('',#7944,#6488,#6489);
#5091=AXIS2_PLACEMENT_3D('',#7946,#6490,#6491);
#5092=AXIS2_PLACEMENT_3D('',#7956,#6496,#6497);
#5093=AXIS2_PLACEMENT_3D('',#7959,#6500,#6501);
#5094=AXIS2_PLACEMENT_3D('',#7962,#6504,#6505);
#5095=AXIS2_PLACEMENT_3D('',#7963,#6506,#6507);
#5096=AXIS2_PLACEMENT_3D('',#7964,#6508,#6509);
#5097=AXIS2_PLACEMENT_3D('',#7965,#6510,#6511);
#5098=AXIS2_PLACEMENT_3D('',#7967,#6512,#6513);
#5099=AXIS2_PLACEMENT_3D('',#7968,#6514,#6515);
#5100=AXIS2_PLACEMENT_3D('',#7969,#6516,#6517);
#5101=AXIS2_PLACEMENT_3D('',#7971,#6518,#6519);
#5102=AXIS2_PLACEMENT_3D('',#7972,#6520,#6521);
#5103=AXIS2_PLACEMENT_3D('',#7973,#6522,#6523);
#5104=AXIS2_PLACEMENT_3D('',#7975,#6524,#6525);
#5105=AXIS2_PLACEMENT_3D('',#7976,#6526,#6527);
#5106=AXIS2_PLACEMENT_3D('',#7977,#6528,#6529);
#5107=AXIS2_PLACEMENT_3D('',#7979,#6530,#6531);
#5108=DIRECTION('',(0.,0.,1.));
#5109=DIRECTION('',(1.,0.,0.));
#5110=DIRECTION('',(0.,0.,-1.));
#5111=DIRECTION('',(-1.,0.,0.));
#5112=DIRECTION('',(0.,0.,-1.));
#5113=DIRECTION('',(-1.,0.,0.));
#5114=DIRECTION('',(0.,0.,-1.));
#5115=DIRECTION('',(-1.,0.,0.));
#5116=DIRECTION('',(0.,0.,-1.));
#5117=DIRECTION('',(-1.,0.,0.));
#5118=DIRECTION('',(0.,0.,-1.));
#5119=DIRECTION('',(-1.,0.,0.));
#5120=DIRECTION('',(0.,0.,-1.));
#5121=DIRECTION('',(-1.,0.,0.));
#5122=DIRECTION('',(0.,0.,-1.));
#5123=DIRECTION('',(-1.,0.,0.));
#5124=DIRECTION('',(0.,0.,-1.));
#5125=DIRECTION('',(-1.,0.,0.));
#5126=DIRECTION('',(0.,0.,-1.));
#5127=DIRECTION('',(-1.,0.,0.));
#5128=DIRECTION('',(0.,0.,-1.));
#5129=DIRECTION('',(-1.,0.,0.));
#5130=DIRECTION('',(0.,0.,-1.));
#5131=DIRECTION('',(-1.,0.,0.));
#5132=DIRECTION('',(0.,0.,1.));
#5133=DIRECTION('',(1.,0.,0.));
#5134=DIRECTION('',(0.,0.,1.));
#5135=DIRECTION('',(1.,0.,0.));
#5136=DIRECTION('',(0.,0.,1.));
#5137=DIRECTION('',(1.,0.,0.));
#5138=DIRECTION('',(0.,0.,1.));
#5139=DIRECTION('',(1.,0.,0.));
#5140=DIRECTION('',(0.,0.,1.));
#5141=DIRECTION('',(1.,0.,0.));
#5142=DIRECTION('',(0.,0.,1.));
#5143=DIRECTION('',(1.,0.,0.));
#5144=DIRECTION('',(0.,0.,-1.));
#5145=DIRECTION('',(-1.,0.,0.));
#5146=DIRECTION('',(0.,0.,-1.));
#5147=DIRECTION('',(-1.,0.,0.));
#5148=DIRECTION('',(0.,0.,-1.));
#5149=DIRECTION('',(1.,0.,0.));
#5150=DIRECTION('',(0.,0.,-1.));
#5151=DIRECTION('',(1.,0.,0.));
#5152=DIRECTION('',(0.,0.,-1.));
#5153=DIRECTION('',(1.,0.,0.));
#5154=DIRECTION('',(0.,0.,-1.));
#5155=DIRECTION('',(-1.,0.,0.));
#5156=DIRECTION('',(0.,0.,-1.));
#5157=DIRECTION('',(-1.,0.,0.));
#5158=DIRECTION('',(0.,0.,-1.));
#5159=DIRECTION('',(-1.,0.,0.));
#5160=DIRECTION('',(0.,0.,-1.));
#5161=DIRECTION('',(-1.,0.,0.));
#5162=DIRECTION('',(0.,0.,-1.));
#5163=DIRECTION('',(-1.,0.,0.));
#5164=DIRECTION('',(0.,0.,1.));
#5165=DIRECTION('',(1.,0.,0.));
#5166=DIRECTION('',(0.,0.,-1.));
#5167=DIRECTION('',(-1.,0.,0.));
#5168=DIRECTION('',(0.,0.,1.));
#5169=DIRECTION('',(1.,0.,0.));
#5170=DIRECTION('',(0.,0.,-1.));
#5171=DIRECTION('',(-1.,0.,0.));
#5172=DIRECTION('',(0.,0.,-1.));
#5173=DIRECTION('',(-1.,0.,0.));
#5174=DIRECTION('',(0.,0.,-1.));
#5175=DIRECTION('',(-1.,0.,0.));
#5176=DIRECTION('',(0.,0.,1.));
#5177=DIRECTION('',(1.,0.,0.));
#5178=DIRECTION('',(0.,0.,-1.));
#5179=DIRECTION('',(-1.,0.,0.));
#5180=DIRECTION('',(0.,0.,1.));
#5181=DIRECTION('',(1.,0.,0.));
#5182=DIRECTION('',(0.,0.,-1.));
#5183=DIRECTION('',(-1.,0.,0.));
#5184=DIRECTION('',(0.,0.,-1.));
#5185=DIRECTION('',(-1.,0.,0.));
#5186=DIRECTION('',(0.,0.,-1.));
#5187=DIRECTION('',(-1.,0.,0.));
#5188=DIRECTION('',(0.,0.,-1.));
#5189=DIRECTION('',(-1.,0.,0.));
#5190=DIRECTION('',(0.,0.,-1.));
#5191=DIRECTION('',(-1.,0.,0.));
#5192=DIRECTION('',(0.,0.,-1.));
#5193=DIRECTION('',(-1.,0.,0.));
#5194=DIRECTION('',(0.,0.,-1.));
#5195=DIRECTION('',(-1.,0.,0.));
#5196=DIRECTION('',(0.,0.,-1.));
#5197=DIRECTION('',(-1.,0.,0.));
#5198=DIRECTION('',(0.,0.,1.));
#5199=DIRECTION('',(1.,0.,0.));
#5200=DIRECTION('',(0.,0.,-1.));
#5201=DIRECTION('',(-1.,0.,0.));
#5202=DIRECTION('',(0.,0.,1.));
#5203=DIRECTION('',(1.,0.,0.));
#5204=DIRECTION('',(0.,0.,1.));
#5205=DIRECTION('',(1.,0.,0.));
#5206=DIRECTION('',(0.,0.,1.));
#5207=DIRECTION('',(1.,0.,0.));
#5208=DIRECTION('',(0.,0.,1.));
#5209=DIRECTION('',(1.,0.,0.));
#5210=DIRECTION('',(0.,0.,-1.));
#5211=DIRECTION('',(-1.,0.,0.));
#5212=DIRECTION('',(0.,0.,-1.));
#5213=DIRECTION('',(-1.,0.,0.));
#5214=DIRECTION('',(0.,0.,1.));
#5215=DIRECTION('',(1.,0.,0.));
#5216=DIRECTION('',(0.,0.,1.));
#5217=DIRECTION('',(1.,0.,0.));
#5218=DIRECTION('',(0.,0.,1.));
#5219=DIRECTION('',(1.,0.,0.));
#5220=DIRECTION('',(0.,0.,1.));
#5221=DIRECTION('',(1.,0.,0.));
#5222=DIRECTION('',(0.,0.,1.));
#5223=DIRECTION('',(1.,0.,0.));
#5224=DIRECTION('',(0.,0.,1.));
#5225=DIRECTION('',(1.,0.,0.));
#5226=DIRECTION('',(0.,0.,1.));
#5227=DIRECTION('',(1.,0.,0.));
#5228=DIRECTION('',(0.,0.,1.));
#5229=DIRECTION('',(1.,0.,0.));
#5230=DIRECTION('',(0.,0.,1.));
#5231=DIRECTION('',(1.,0.,0.));
#5232=DIRECTION('',(0.,0.,1.));
#5233=DIRECTION('',(1.,0.,0.));
#5234=DIRECTION('',(0.,0.,1.));
#5235=DIRECTION('',(1.,0.,0.));
#5236=DIRECTION('',(0.,0.,1.));
#5237=DIRECTION('',(1.,0.,0.));
#5238=DIRECTION('',(0.,0.,-1.));
#5239=DIRECTION('',(-1.,0.,0.));
#5240=DIRECTION('',(0.,0.,-1.));
#5241=DIRECTION('',(-1.,0.,0.));
#5242=DIRECTION('',(0.,0.,-1.));
#5243=DIRECTION('',(-1.,0.,0.));
#5244=DIRECTION('',(0.,0.,-1.));
#5245=DIRECTION('',(-1.,0.,0.));
#5246=DIRECTION('',(0.,0.,-1.));
#5247=DIRECTION('',(-1.,0.,0.));
#5248=DIRECTION('',(0.,0.,-1.));
#5249=DIRECTION('',(-1.,0.,0.));
#5250=DIRECTION('',(0.,0.,-1.));
#5251=DIRECTION('',(-1.,0.,0.));
#5252=DIRECTION('',(0.,0.,-1.));
#5253=DIRECTION('',(-1.,0.,0.));
#5254=DIRECTION('',(0.,0.,1.));
#5255=DIRECTION('',(1.,0.,0.));
#5256=DIRECTION('',(0.,0.,1.));
#5257=DIRECTION('',(1.,0.,0.));
#5258=DIRECTION('',(0.,0.,1.));
#5259=DIRECTION('',(1.,0.,0.));
#5260=DIRECTION('',(0.,0.,1.));
#5261=DIRECTION('',(1.,0.,0.));
#5262=DIRECTION('',(0.,0.,1.));
#5263=DIRECTION('',(1.,0.,0.));
#5264=DIRECTION('',(0.,0.,1.));
#5265=DIRECTION('',(1.,0.,0.));
#5266=DIRECTION('',(0.,0.,1.));
#5267=DIRECTION('',(1.,0.,0.));
#5268=DIRECTION('',(0.,0.,1.));
#5269=DIRECTION('',(1.,0.,0.));
#5270=DIRECTION('',(0.,0.,1.));
#5271=DIRECTION('',(1.,0.,0.));
#5272=DIRECTION('',(0.,0.,1.));
#5273=DIRECTION('',(1.,0.,0.));
#5274=DIRECTION('',(0.,0.,1.));
#5275=DIRECTION('',(1.,0.,0.));
#5276=DIRECTION('',(0.,0.,1.));
#5277=DIRECTION('',(1.,0.,0.));
#5278=DIRECTION('',(0.,0.,-1.));
#5279=DIRECTION('',(-1.,0.,0.));
#5280=DIRECTION('',(0.,0.,-1.));
#5281=DIRECTION('',(-1.,0.,0.));
#5282=DIRECTION('',(0.,0.,-1.));
#5283=DIRECTION('',(-1.,0.,0.));
#5284=DIRECTION('',(0.,0.,-1.));
#5285=DIRECTION('',(-1.,0.,0.));
#5286=DIRECTION('',(0.,0.,-1.));
#5287=DIRECTION('',(-1.,0.,0.));
#5288=DIRECTION('',(0.,0.,-1.));
#5289=DIRECTION('',(-1.,0.,0.));
#5290=DIRECTION('',(0.,0.,1.));
#5291=DIRECTION('',(1.,0.,0.));
#5292=DIRECTION('',(1.,1.80968300020489E-16,0.));
#5293=DIRECTION('',(1.,1.80968300020489E-16,0.));
#5294=DIRECTION('',(0.,0.,1.));
#5295=DIRECTION('',(1.,0.,0.));
#5296=DIRECTION('',(1.,1.80968300020489E-16,0.));
#5297=DIRECTION('',(1.,1.80968300020489E-16,0.));
#5298=DIRECTION('',(-1.80968300020489E-16,1.,0.));
#5299=DIRECTION('',(-1.,-1.80968300020489E-16,0.));
#5300=DIRECTION('',(-1.80968300020489E-16,1.,0.));
#5301=DIRECTION('',(-1.,-1.80968300020489E-16,0.));
#5302=DIRECTION('',(0.,0.,1.));
#5303=DIRECTION('',(1.,0.,0.));
#5304=DIRECTION('',(0.707106781186548,0.707106781186548,0.));
#5305=DIRECTION('',(0.707106781186548,0.707106781186548,0.));
#5306=DIRECTION('',(0.,0.,1.));
#5307=DIRECTION('',(1.,0.,0.));
#5308=DIRECTION('',(0.707106781186548,0.707106781186548,0.));
#5309=DIRECTION('',(0.707106781186548,0.707106781186548,0.));
#5310=DIRECTION('',(-0.707106781186548,0.707106781186548,0.));
#5311=DIRECTION('',(-0.707106781186548,-0.707106781186548,0.));
#5312=DIRECTION('',(-0.707106781186548,0.707106781186548,0.));
#5313=DIRECTION('',(-0.707106781186548,-0.707106781186548,0.));
#5314=DIRECTION('',(0.,0.,1.));
#5315=DIRECTION('',(1.,0.,0.));
#5316=DIRECTION('',(0.707106781186548,-0.707106781186547,0.));
#5317=DIRECTION('',(0.707106781186548,-0.707106781186547,0.));
#5318=DIRECTION('',(0.,0.,1.));
#5319=DIRECTION('',(1.,0.,0.));
#5320=DIRECTION('',(0.707106781186548,-0.707106781186547,0.));
#5321=DIRECTION('',(0.707106781186548,-0.707106781186547,0.));
#5322=DIRECTION('',(0.707106781186547,0.707106781186548,0.));
#5323=DIRECTION('',(-0.707106781186548,0.707106781186547,0.));
#5324=DIRECTION('',(0.707106781186547,0.707106781186548,0.));
#5325=DIRECTION('',(-0.707106781186548,0.707106781186547,0.));
#5326=DIRECTION('',(0.,0.,1.));
#5327=DIRECTION('',(1.,0.,0.));
#5328=DIRECTION('',(1.,0.,0.));
#5329=DIRECTION('',(1.,0.,0.));
#5330=DIRECTION('',(0.,0.,1.));
#5331=DIRECTION('',(1.,0.,0.));
#5332=DIRECTION('',(1.,0.,0.));
#5333=DIRECTION('',(1.,0.,0.));
#5334=DIRECTION('',(0.,1.,0.));
#5335=DIRECTION('',(0.,0.,1.));
#5336=DIRECTION('',(0.,1.,0.));
#5337=DIRECTION('',(0.,0.,1.));
#5338=DIRECTION('',(0.,0.,1.));
#5339=DIRECTION('',(1.,0.,0.));
#5340=DIRECTION('',(0.707106781186547,0.707106781186548,0.));
#5341=DIRECTION('',(0.707106781186547,0.707106781186548,0.));
#5342=DIRECTION('',(0.,0.,1.));
#5343=DIRECTION('',(1.,0.,0.));
#5344=DIRECTION('',(0.707106781186547,0.707106781186548,0.));
#5345=DIRECTION('',(0.707106781186547,0.707106781186548,0.));
#5346=DIRECTION('',(-0.707106781186548,0.707106781186547,0.));
#5347=DIRECTION('',(-0.707106781186547,-0.707106781186548,0.));
#5348=DIRECTION('',(-0.707106781186548,0.707106781186547,0.));
#5349=DIRECTION('',(-0.707106781186547,-0.707106781186548,0.));
#5350=DIRECTION('',(0.707106781186548,0.707106781186548,0.));
#5351=DIRECTION('',(-0.707106781186548,0.707106781186548,0.));
#5352=DIRECTION('',(0.707106781186548,-0.707106781186548,0.));
#5353=DIRECTION('',(0.707106781186548,-0.707106781186548,0.));
#5354=DIRECTION('',(0.707106781186548,0.707106781186548,0.));
#5355=DIRECTION('',(-0.707106781186548,0.707106781186548,0.));
#5356=DIRECTION('',(0.707106781186548,-0.707106781186548,0.));
#5357=DIRECTION('',(0.707106781186548,-0.707106781186548,0.));
#5358=DIRECTION('',(0.,0.,1.));
#5359=DIRECTION('',(1.,0.,0.));
#5360=DIRECTION('',(0.,0.,1.));
#5361=DIRECTION('',(1.,0.,0.));
#5362=DIRECTION('',(0.,0.,1.));
#5363=DIRECTION('',(1.,0.,0.));
#5364=DIRECTION('',(0.,0.,-1.));
#5365=DIRECTION('',(1.,0.,0.));
#5366=DIRECTION('',(0.,0.,1.));
#5367=DIRECTION('',(1.,0.,0.));
#5368=DIRECTION('',(0.,0.,1.));
#5369=DIRECTION('',(1.,0.,0.));
#5370=DIRECTION('',(0.,0.,-1.));
#5371=DIRECTION('',(1.,0.,0.));
#5372=DIRECTION('',(0.,0.,1.));
#5373=DIRECTION('',(1.,0.,0.));
#5374=DIRECTION('',(0.,0.,1.));
#5375=DIRECTION('',(1.,0.,0.));
#5376=DIRECTION('',(0.,0.,-1.));
#5377=DIRECTION('',(1.,0.,0.));
#5378=DIRECTION('',(0.,0.,1.));
#5379=DIRECTION('',(1.,0.,0.));
#5380=DIRECTION('',(0.,0.,1.));
#5381=DIRECTION('',(1.,0.,0.));
#5382=DIRECTION('',(0.,0.,-1.));
#5383=DIRECTION('',(1.,0.,0.));
#5384=DIRECTION('',(0.,0.,1.));
#5385=DIRECTION('',(1.,0.,0.));
#5386=DIRECTION('',(0.,0.,-1.));
#5387=DIRECTION('',(-1.,0.,0.));
#5388=DIRECTION('',(0.,0.,1.));
#5389=DIRECTION('',(1.,0.,0.));
#5390=DIRECTION('',(0.,0.,1.));
#5391=DIRECTION('',(1.,0.,0.));
#5392=DIRECTION('',(0.,0.,-1.));
#5393=DIRECTION('',(-1.,0.,0.));
#5394=DIRECTION('',(0.,0.,1.));
#5395=DIRECTION('',(1.,0.,0.));
#5396=DIRECTION('',(0.,0.,1.));
#5397=DIRECTION('',(1.,0.,0.));
#5398=DIRECTION('',(0.,0.,-1.));
#5399=DIRECTION('',(-1.,0.,0.));
#5400=DIRECTION('',(0.,0.,1.));
#5401=DIRECTION('',(1.,0.,0.));
#5402=DIRECTION('',(0.,0.,1.));
#5403=DIRECTION('',(1.,0.,0.));
#5404=DIRECTION('',(0.,0.,-1.));
#5405=DIRECTION('',(-1.,0.,0.));
#5406=DIRECTION('',(0.,0.,1.));
#5407=DIRECTION('',(1.,0.,0.));
#5408=DIRECTION('',(0.,0.,1.));
#5409=DIRECTION('',(1.,0.,0.));
#5410=DIRECTION('',(0.,0.,1.));
#5411=DIRECTION('',(1.,0.,0.));
#5412=DIRECTION('',(0.,0.,1.));
#5413=DIRECTION('',(1.,0.,0.));
#5414=DIRECTION('',(0.,0.,1.));
#5415=DIRECTION('',(1.,0.,0.));
#5416=DIRECTION('',(0.,0.,1.));
#5417=DIRECTION('',(1.,0.,0.));
#5418=DIRECTION('',(0.,0.,1.));
#5419=DIRECTION('',(1.,0.,0.));
#5420=DIRECTION('',(0.,0.,1.));
#5421=DIRECTION('',(1.,0.,0.));
#5422=DIRECTION('',(-3.30423519233678E-16,1.,0.));
#5423=DIRECTION('',(1.,5.39691748081672E-16,0.));
#5424=DIRECTION('',(-5.88041856263324E-16,1.,0.));
#5425=DIRECTION('',(-1.,-6.16790569236197E-16,0.));
#5426=DIRECTION('',(1.,3.85494105772614E-16,0.));
#5427=DIRECTION('',(-1.47010464065831E-16,1.,0.));
#5428=DIRECTION('',(1.,3.85494105772614E-16,0.));
#5429=DIRECTION('',(0.,1.,0.));
#5430=DIRECTION('',(0.,0.,1.));
#5431=DIRECTION('',(1.,0.,0.));
#5432=DIRECTION('',(0.,0.,1.));
#5433=DIRECTION('',(1.,0.,0.));
#5434=DIRECTION('',(0.,0.,1.));
#5435=DIRECTION('',(1.,0.,0.));
#5436=DIRECTION('',(0.,0.,1.));
#5437=DIRECTION('',(1.,0.,0.));
#5438=DIRECTION('',(0.,1.,0.));
#5439=DIRECTION('',(1.,0.,0.));
#5440=DIRECTION('',(0.,1.,0.));
#5441=DIRECTION('',(1.,0.,0.));
#5442=DIRECTION('',(0.,-1.,0.));
#5443=DIRECTION('',(-1.,0.,0.));
#5444=DIRECTION('',(0.,1.,0.));
#5445=DIRECTION('',(-1.,0.,0.));
#5446=DIRECTION('',(0.,0.,1.));
#5447=DIRECTION('',(1.,0.,0.));
#5448=DIRECTION('',(-8.6136184714603E-16,-1.,0.));
#5449=DIRECTION('',(0.,0.,1.));
#5450=DIRECTION('',(1.,0.,0.));
#5451=DIRECTION('',(-1.,-1.08760092537731E-16,0.));
#5452=DIRECTION('',(0.,-1.,0.));
#5453=DIRECTION('',(1.,4.35040370150923E-16,0.));
#5454=DIRECTION('',(0.,0.,1.));
#5455=DIRECTION('',(1.,0.,0.));
#5456=DIRECTION('',(0.,-1.,0.));
#5457=DIRECTION('',(0.,0.,1.));
#5458=DIRECTION('',(1.,0.,0.));
#5459=DIRECTION('',(-1.,0.,0.));
#5460=DIRECTION('',(0.,1.,0.));
#5461=DIRECTION('',(1.,0.,0.));
#5462=DIRECTION('',(-5.88041856263324E-16,1.,0.));
#5463=DIRECTION('',(-1.,-6.16790569236198E-16,0.));
#5464=DIRECTION('',(0.,1.,0.));
#5465=DIRECTION('',(1.,0.,0.));
#5466=DIRECTION('',(0.,1.,0.));
#5467=DIRECTION('',(-1.,-3.08395284618098E-16,0.));
#5468=DIRECTION('',(-5.78241158658938E-16,1.,0.));
#5469=DIRECTION('',(1.,0.,0.));
#5470=DIRECTION('',(0.,-1.,0.));
#5471=DIRECTION('',(1.,4.35040370150923E-16,0.));
#5472=DIRECTION('',(0.,0.,1.));
#5473=DIRECTION('',(1.,0.,0.));
#5474=DIRECTION('',(0.,-1.,0.));
#5475=DIRECTION('',(0.,0.,1.));
#5476=DIRECTION('',(1.,0.,0.));
#5477=DIRECTION('',(1.,4.35040370150915E-16,0.));
#5478=DIRECTION('',(0.,1.,0.));
#5479=DIRECTION('',(-1.,-1.08760092537729E-16,0.));
#5480=DIRECTION('',(0.,0.,1.));
#5481=DIRECTION('',(1.,0.,0.));
#5482=DIRECTION('',(0.,-1.,0.));
#5483=DIRECTION('',(0.,0.,1.));
#5484=DIRECTION('',(1.,0.,0.));
#5485=DIRECTION('',(1.,0.,0.));
#5486=DIRECTION('',(0.,-1.,0.));
#5487=DIRECTION('',(-1.,0.,0.));
#5488=DIRECTION('',(0.,-1.,0.));
#5489=DIRECTION('',(1.,6.16790569236198E-16,0.));
#5490=DIRECTION('',(0.,0.,1.));
#5491=DIRECTION('',(1.,0.,0.));
#5492=DIRECTION('',(0.,0.,1.));
#5493=DIRECTION('',(1.,0.,0.));
#5494=DIRECTION('',(0.,0.,1.));
#5495=DIRECTION('',(1.,0.,0.));
#5496=DIRECTION('',(-3.67526160164578E-16,1.,0.));
#5497=DIRECTION('',(1.,0.,0.));
#5498=DIRECTION('',(-3.30423519233677E-16,1.,0.));
#5499=DIRECTION('',(1.,0.,0.));
#5500=DIRECTION('',(0.,0.,1.));
#5501=DIRECTION('',(1.,0.,0.));
#5502=DIRECTION('',(0.,1.,0.));
#5503=DIRECTION('',(0.,0.,1.));
#5504=DIRECTION('',(1.,0.,0.));
#5505=DIRECTION('',(-5.88041856263324E-16,1.,0.));
#5506=DIRECTION('',(1.,0.,0.));
#5507=DIRECTION('',(0.,0.,1.));
#5508=DIRECTION('',(1.,0.,0.));
#5509=DIRECTION('',(-5.78241158658938E-16,1.,0.));
#5510=DIRECTION('',(0.,0.,1.));
#5511=DIRECTION('',(1.,0.,0.));
#5512=DIRECTION('',(0.,-1.,0.));
#5513=DIRECTION('',(1.,0.,0.));
#5514=DIRECTION('',(0.,0.,1.));
#5515=DIRECTION('',(1.,0.,0.));
#5516=DIRECTION('',(0.,-1.,0.));
#5517=DIRECTION('',(0.,0.,1.));
#5518=DIRECTION('',(1.,0.,0.));
#5519=DIRECTION('',(0.,-1.,0.));
#5520=DIRECTION('',(-1.,0.,0.));
#5521=DIRECTION('',(0.,0.,1.));
#5522=DIRECTION('',(1.,0.,0.));
#5523=DIRECTION('',(0.,0.,1.));
#5524=DIRECTION('',(1.,0.,0.));
#5525=DIRECTION('',(0.,-1.,0.));
#5526=DIRECTION('',(0.,0.,1.));
#5527=DIRECTION('',(1.,0.,0.));
#5528=DIRECTION('',(1.,4.35040370150923E-16,0.));
#5529=DIRECTION('',(0.,-1.,0.));
#5530=DIRECTION('',(0.,0.,1.));
#5531=DIRECTION('',(1.,0.,0.));
#5532=DIRECTION('',(-5.78241158658938E-16,1.,0.));
#5533=DIRECTION('',(-1.,-3.08395284618098E-16,0.));
#5534=DIRECTION('',(-3.67526160164578E-16,1.,0.));
#5535=DIRECTION('',(0.,0.,1.));
#5536=DIRECTION('',(1.,0.,0.));
#5537=DIRECTION('',(-3.67526160164578E-16,1.,0.));
#5538=DIRECTION('',(1.,0.,0.));
#5539=DIRECTION('',(-3.30423519233677E-16,1.,0.));
#5540=DIRECTION('',(0.,0.,1.));
#5541=DIRECTION('',(1.,0.,0.));
#5542=DIRECTION('',(-3.30423519233677E-16,1.,0.));
#5543=DIRECTION('',(-1.,-6.16790569236198E-16,0.));
#5544=DIRECTION('',(-5.88041856263324E-16,1.,0.));
#5545=DIRECTION('',(0.,0.,1.));
#5546=DIRECTION('',(1.,0.,0.));
#5547=DIRECTION('',(0.,1.,0.));
#5548=DIRECTION('',(-1.,0.,0.));
#5549=DIRECTION('',(0.,0.,1.));
#5550=DIRECTION('',(1.,0.,0.));
#5551=DIRECTION('',(0.,-1.,0.));
#5552=DIRECTION('',(0.,0.,1.));
#5553=DIRECTION('',(1.,0.,0.));
#5554=DIRECTION('',(1.,4.35040370150923E-16,0.));
#5555=DIRECTION('',(0.,-1.,0.));
#5556=DIRECTION('',(0.,0.,1.));
#5557=DIRECTION('',(1.,0.,0.));
#5558=DIRECTION('',(-5.88041856263324E-16,1.,0.));
#5559=DIRECTION('',(1.,5.39691748081672E-16,0.));
#5560=DIRECTION('',(-3.30423519233678E-16,1.,0.));
#5561=DIRECTION('',(0.,0.,1.));
#5562=DIRECTION('',(1.,0.,0.));
#5563=DIRECTION('',(-3.30423519233678E-16,1.,0.));
#5564=DIRECTION('',(-1.,-6.16790569236197E-16,0.));
#5565=DIRECTION('',(-5.88041856263324E-16,1.,0.));
#5566=DIRECTION('',(0.,0.,1.));
#5567=DIRECTION('',(1.,0.,0.));
#5568=DIRECTION('',(0.,-1.,0.));
#5569=DIRECTION('',(-1.,-1.08760092537731E-16,0.));
#5570=DIRECTION('',(0.,0.,1.));
#5571=DIRECTION('',(1.,0.,0.));
#5572=DIRECTION('',(-8.6136184714603E-16,-1.,0.));
#5573=DIRECTION('',(0.,0.,1.));
#5574=DIRECTION('',(1.,0.,0.));
#5575=DIRECTION('',(-1.,0.,0.));
#5576=DIRECTION('',(0.,1.,0.));
#5577=DIRECTION('',(0.,0.,1.));
#5578=DIRECTION('',(1.,0.,0.));
#5579=DIRECTION('',(0.,-1.,0.));
#5580=DIRECTION('',(1.,0.,0.));
#5581=DIRECTION('',(0.,-1.,0.));
#5582=DIRECTION('',(0.,0.,1.));
#5583=DIRECTION('',(1.,0.,0.));
#5584=DIRECTION('',(0.,-1.,0.));
#5585=DIRECTION('',(-1.,0.,0.));
#5586=DIRECTION('',(3.30423519233677E-16,-1.,0.));
#5587=DIRECTION('',(0.,0.,1.));
#5588=DIRECTION('',(1.,0.,0.));
#5589=DIRECTION('',(3.30423519233677E-16,-1.,0.));
#5590=DIRECTION('',(1.,6.16790569236198E-16,0.));
#5591=DIRECTION('',(0.,-1.,0.));
#5592=DIRECTION('',(0.,0.,1.));
#5593=DIRECTION('',(1.,0.,0.));
#5594=DIRECTION('',(0.,-1.,0.));
#5595=DIRECTION('',(1.,0.,0.));
#5596=DIRECTION('',(0.,0.,1.));
#5597=DIRECTION('',(1.,0.,0.));
#5598=DIRECTION('',(0.,-1.,0.));
#5599=DIRECTION('',(0.,0.,1.));
#5600=DIRECTION('',(1.,0.,0.));
#5601=DIRECTION('',(-1.,-1.08760092537729E-16,0.));
#5602=DIRECTION('',(0.,1.,0.));
#5603=DIRECTION('',(0.,0.,1.));
#5604=DIRECTION('',(1.,0.,0.));
#5605=DIRECTION('',(0.,1.,0.));
#5606=DIRECTION('',(1.,3.85494105772614E-16,0.));
#5607=DIRECTION('',(-1.47010464065831E-16,1.,0.));
#5608=DIRECTION('',(0.,0.,1.));
#5609=DIRECTION('',(1.,0.,0.));
#5610=DIRECTION('',(-1.47010464065831E-16,1.,0.));
#5611=DIRECTION('',(1.,3.85494105772614E-16,0.));
#5612=DIRECTION('',(0.,1.,0.));
#5613=DIRECTION('',(0.,0.,1.));
#5614=DIRECTION('',(1.,0.,0.));
#5615=DIRECTION('',(0.,1.,0.));
#5616=DIRECTION('',(1.,4.35040370150915E-16,0.));
#5617=DIRECTION('',(-1.,-3.30423519233678E-16,0.));
#5618=DIRECTION('',(3.30423519233678E-16,-1.,0.));
#5619=DIRECTION('',(0.,0.,-1.));
#5620=DIRECTION('',(-3.30423519233678E-16,1.,0.));
#5621=DIRECTION('',(0.,0.,-1.));
#5622=DIRECTION('',(-5.39691748081672E-16,1.,0.));
#5623=DIRECTION('',(-1.,-5.39691748081672E-16,0.));
#5624=DIRECTION('',(1.,5.39691748081672E-16,0.));
#5625=DIRECTION('',(0.,0.,-1.));
#5626=DIRECTION('',(-1.,-5.88041856263324E-16,0.));
#5627=DIRECTION('',(5.88041856263324E-16,-1.,0.));
#5628=DIRECTION('',(-5.88041856263324E-16,1.,0.));
#5629=DIRECTION('',(0.,0.,-1.));
#5630=DIRECTION('',(-3.85494105772614E-16,1.,0.));
#5631=DIRECTION('',(-1.,-3.85494105772614E-16,0.));
#5632=DIRECTION('',(0.,0.,-1.));
#5633=DIRECTION('',(1.,3.85494105772614E-16,0.));
#5634=DIRECTION('',(0.,0.,-1.));
#5635=DIRECTION('',(-1.,-1.47010464065831E-16,0.));
#5636=DIRECTION('',(1.47010464065831E-16,-1.,0.));
#5637=DIRECTION('',(-1.47010464065831E-16,1.,0.));
#5638=DIRECTION('',(0.,0.,-1.));
#5639=DIRECTION('',(-3.85494105772614E-16,1.,0.));
#5640=DIRECTION('',(-1.,-3.85494105772614E-16,0.));
#5641=DIRECTION('',(1.,3.85494105772614E-16,0.));
#5642=DIRECTION('',(0.,0.,-1.));
#5643=DIRECTION('',(0.,-1.,0.));
#5644=DIRECTION('',(0.,0.,-1.));
#5645=DIRECTION('',(0.,0.,-1.));
#5646=DIRECTION('',(-1.,0.,0.));
#5647=DIRECTION('',(0.,0.,-1.));
#5648=DIRECTION('',(-1.,0.,0.));
#5649=DIRECTION('',(1.,-8.6136184714603E-16,0.));
#5650=DIRECTION('',(8.6136184714603E-16,1.,0.));
#5651=DIRECTION('',(0.,0.,-1.));
#5652=DIRECTION('',(-8.6136184714603E-16,-1.,0.));
#5653=DIRECTION('',(0.,0.,-1.));
#5654=DIRECTION('',(-8.6136184714603E-16,-1.,0.));
#5655=DIRECTION('',(1.08760092537731E-16,-1.,0.));
#5656=DIRECTION('',(1.,1.08760092537731E-16,0.));
#5657=DIRECTION('',(0.,0.,-1.));
#5658=DIRECTION('',(-1.,-1.08760092537731E-16,0.));
#5659=DIRECTION('',(0.,0.,-1.));
#5660=DIRECTION('',(1.,0.,0.));
#5661=DIRECTION('',(0.,0.,-1.));
#5662=DIRECTION('',(0.,-1.,0.));
#5663=DIRECTION('',(0.,0.,-1.));
#5664=DIRECTION('',(-4.35040370150923E-16,1.,0.));
#5665=DIRECTION('',(-1.,-4.35040370150923E-16,0.));
#5666=DIRECTION('',(0.,0.,-1.));
#5667=DIRECTION('',(1.,4.35040370150923E-16,0.));
#5668=DIRECTION('',(1.,0.,0.));
#5669=DIRECTION('',(0.,0.,-1.));
#5670=DIRECTION('',(0.,0.,-1.));
#5671=DIRECTION('',(0.,-1.,0.));
#5672=DIRECTION('',(0.,0.,-1.));
#5673=DIRECTION('',(0.,-1.,0.));
#5674=DIRECTION('',(0.,-1.,0.));
#5675=DIRECTION('',(0.,0.,-1.));
#5676=DIRECTION('',(0.,0.,-1.));
#5677=DIRECTION('',(-1.,0.,0.));
#5678=DIRECTION('',(0.,0.,-1.));
#5679=DIRECTION('',(-1.,0.,0.));
#5680=DIRECTION('',(-1.,0.,0.));
#5681=DIRECTION('',(0.,0.,1.));
#5682=DIRECTION('',(0.,0.,-1.));
#5683=DIRECTION('',(0.,1.,0.));
#5684=DIRECTION('',(0.,0.,-1.));
#5685=DIRECTION('',(0.,1.,0.));
#5686=DIRECTION('',(0.,1.,0.));
#5687=DIRECTION('',(0.,0.,1.));
#5688=DIRECTION('',(0.,0.,-1.));
#5689=DIRECTION('',(1.,0.,0.));
#5690=DIRECTION('',(0.,0.,-1.));
#5691=DIRECTION('',(1.,0.,0.));
#5692=DIRECTION('',(-1.,-5.88041856263324E-16,0.));
#5693=DIRECTION('',(5.88041856263324E-16,-1.,0.));
#5694=DIRECTION('',(0.,0.,-1.));
#5695=DIRECTION('',(-5.88041856263324E-16,1.,0.));
#5696=DIRECTION('',(0.,0.,-1.));
#5697=DIRECTION('',(6.16790569236198E-16,-1.,0.));
#5698=DIRECTION('',(1.,6.16790569236198E-16,0.));
#5699=DIRECTION('',(-1.,-6.16790569236198E-16,0.));
#5700=DIRECTION('',(0.,0.,-1.));
#5701=DIRECTION('',(-1.,-3.30423519233677E-16,0.));
#5702=DIRECTION('',(3.30423519233677E-16,-1.,0.));
#5703=DIRECTION('',(-3.30423519233677E-16,1.,0.));
#5704=DIRECTION('',(0.,0.,-1.));
#5705=DIRECTION('',(0.,1.,0.));
#5706=DIRECTION('',(0.,0.,1.));
#5707=DIRECTION('',(0.,0.,-1.));
#5708=DIRECTION('',(1.,0.,0.));
#5709=DIRECTION('',(0.,0.,-1.));
#5710=DIRECTION('',(1.,0.,0.));
#5711=DIRECTION('',(-1.,-3.67526160164578E-16,0.));
#5712=DIRECTION('',(3.67526160164578E-16,-1.,0.));
#5713=DIRECTION('',(0.,0.,-1.));
#5714=DIRECTION('',(-3.67526160164578E-16,1.,0.));
#5715=DIRECTION('',(0.,0.,-1.));
#5716=DIRECTION('',(3.08395284618098E-16,-1.,0.));
#5717=DIRECTION('',(1.,3.08395284618098E-16,0.));
#5718=DIRECTION('',(-1.,-3.08395284618098E-16,0.));
#5719=DIRECTION('',(0.,0.,-1.));
#5720=DIRECTION('',(-1.,-5.78241158658938E-16,0.));
#5721=DIRECTION('',(5.78241158658938E-16,-1.,0.));
#5722=DIRECTION('',(-5.78241158658938E-16,1.,0.));
#5723=DIRECTION('',(0.,0.,-1.));
#5724=DIRECTION('',(0.,1.,0.));
#5725=DIRECTION('',(0.,0.,1.));
#5726=DIRECTION('',(0.,0.,-1.));
#5727=DIRECTION('',(1.,0.,0.));
#5728=DIRECTION('',(0.,0.,-1.));
#5729=DIRECTION('',(1.,0.,0.));
#5730=DIRECTION('',(1.,0.,0.));
#5731=DIRECTION('',(0.,0.,-1.));
#5732=DIRECTION('',(0.,0.,-1.));
#5733=DIRECTION('',(0.,-1.,0.));
#5734=DIRECTION('',(0.,0.,-1.));
#5735=DIRECTION('',(0.,-1.,0.));
#5736=DIRECTION('',(-4.35040370150923E-16,1.,0.));
#5737=DIRECTION('',(-1.,-4.35040370150923E-16,0.));
#5738=DIRECTION('',(0.,0.,-1.));
#5739=DIRECTION('',(1.,4.35040370150923E-16,0.));
#5740=DIRECTION('',(0.,0.,-1.));
#5741=DIRECTION('',(1.,4.35040370150923E-16,0.));
#5742=DIRECTION('',(1.,0.,0.));
#5743=DIRECTION('',(0.,0.,-1.));
#5744=DIRECTION('',(0.,0.,-1.));
#5745=DIRECTION('',(0.,-1.,0.));
#5746=DIRECTION('',(0.,0.,-1.));
#5747=DIRECTION('',(0.,-1.,0.));
#5748=DIRECTION('',(-4.35040370150915E-16,1.,0.));
#5749=DIRECTION('',(-1.,-4.35040370150915E-16,0.));
#5750=DIRECTION('',(0.,0.,-1.));
#5751=DIRECTION('',(1.,4.35040370150915E-16,0.));
#5752=DIRECTION('',(0.,0.,-1.));
#5753=DIRECTION('',(-1.,0.,0.));
#5754=DIRECTION('',(0.,0.,1.));
#5755=DIRECTION('',(0.,1.,0.));
#5756=DIRECTION('',(0.,0.,-1.));
#5757=DIRECTION('',(1.08760092537729E-16,-1.,0.));
#5758=DIRECTION('',(1.,1.08760092537729E-16,0.));
#5759=DIRECTION('',(0.,0.,-1.));
#5760=DIRECTION('',(-1.,-1.08760092537729E-16,0.));
#5761=DIRECTION('',(1.,0.,0.));
#5762=DIRECTION('',(0.,0.,-1.));
#5763=DIRECTION('',(0.,0.,-1.));
#5764=DIRECTION('',(0.,-1.,0.));
#5765=DIRECTION('',(0.,0.,-1.));
#5766=DIRECTION('',(0.,-1.,0.));
#5767=DIRECTION('',(0.,1.,0.));
#5768=DIRECTION('',(0.,0.,1.));
#5769=DIRECTION('',(0.,0.,-1.));
#5770=DIRECTION('',(1.,0.,0.));
#5771=DIRECTION('',(0.,0.,-1.));
#5772=DIRECTION('',(1.,0.,0.));
#5773=DIRECTION('',(1.,0.,0.));
#5774=DIRECTION('',(0.,0.,-1.));
#5775=DIRECTION('',(0.,0.,-1.));
#5776=DIRECTION('',(0.,-1.,0.));
#5777=DIRECTION('',(0.,0.,-1.));
#5778=DIRECTION('',(0.,-1.,0.));
#5779=DIRECTION('',(0.,-1.,0.));
#5780=DIRECTION('',(0.,0.,-1.));
#5781=DIRECTION('',(0.,0.,-1.));
#5782=DIRECTION('',(-1.,0.,0.));
#5783=DIRECTION('',(0.,0.,-1.));
#5784=DIRECTION('',(-1.,0.,0.));
#5785=DIRECTION('',(1.,0.,0.));
#5786=DIRECTION('',(0.,0.,-1.));
#5787=DIRECTION('',(0.,0.,-1.));
#5788=DIRECTION('',(0.,-1.,0.));
#5789=DIRECTION('',(0.,0.,-1.));
#5790=DIRECTION('',(-6.16790569236198E-16,1.,0.));
#5791=DIRECTION('',(-1.,-6.16790569236198E-16,0.));
#5792=DIRECTION('',(1.,6.16790569236198E-16,0.));
#5793=DIRECTION('',(0.,0.,-1.));
#5794=DIRECTION('',(1.,3.30423519233677E-16,0.));
#5795=DIRECTION('',(-3.30423519233677E-16,1.,0.));
#5796=DIRECTION('',(3.30423519233677E-16,-1.,0.));
#5797=DIRECTION('',(0.,0.,-1.));
#5798=DIRECTION('',(3.30423519233677E-16,-1.,0.));
#5799=DIRECTION('',(0.,-1.,0.));
#5800=DIRECTION('',(0.,0.,-1.));
#5801=DIRECTION('',(0.,0.,-1.));
#5802=DIRECTION('',(-1.,0.,0.));
#5803=DIRECTION('',(0.,0.,-1.));
#5804=DIRECTION('',(-1.,0.,0.));
#5805=DIRECTION('',(1.,0.,0.));
#5806=DIRECTION('',(0.,0.,-1.));
#5807=DIRECTION('',(0.,-1.,0.));
#5808=DIRECTION('',(0.,0.,-1.));
#5809=DIRECTION('',(0.,-1.,0.));
#5810=DIRECTION('',(0.,0.,-1.));
#5811=DIRECTION('',(0.,1.,0.));
#5812=DIRECTION('',(0.,0.,1.));
#5813=DIRECTION('',(1.,0.,0.));
#5814=DIRECTION('',(0.,0.,-1.));
#5815=DIRECTION('',(1.,0.,0.));
#5816=DIRECTION('',(0.,0.,-1.));
#5817=DIRECTION('',(0.,-1.,0.));
#5818=DIRECTION('',(0.,0.,-1.));
#5819=DIRECTION('',(0.,-1.,0.));
#5820=DIRECTION('',(0.,0.,-1.));
#5821=DIRECTION('',(0.,0.,-1.));
#5822=DIRECTION('',(-1.,0.,0.));
#5823=DIRECTION('',(0.,0.,-1.));
#5824=DIRECTION('',(-1.,0.,0.));
#5825=DIRECTION('',(0.,0.,-1.));
#5826=DIRECTION('',(-1.,0.,0.));
#5827=DIRECTION('',(0.,0.,1.));
#5828=DIRECTION('',(1.,0.,0.));
#5829=DIRECTION('',(0.,0.,-1.));
#5830=DIRECTION('',(-1.,0.,0.));
#5831=DIRECTION('',(0.,0.,1.));
#5832=DIRECTION('',(1.,0.,0.));
#5833=DIRECTION('',(0.,0.,-1.));
#5834=DIRECTION('',(-1.,0.,0.));
#5835=DIRECTION('',(0.,0.,1.));
#5836=DIRECTION('',(1.,0.,0.));
#5837=DIRECTION('',(6.16790569236197E-16,-1.,0.));
#5838=DIRECTION('',(1.,6.16790569236197E-16,0.));
#5839=DIRECTION('',(-1.,-6.16790569236197E-16,0.));
#5840=DIRECTION('',(-1.,0.,0.));
#5841=DIRECTION('',(0.,0.,1.));
#5842=DIRECTION('',(0.,1.,0.));
#5843=DIRECTION('',(0.,0.,-1.));
#5844=DIRECTION('',(-1.,0.,0.));
#5845=DIRECTION('',(0.,0.,1.));
#5846=DIRECTION('',(1.,0.,0.));
#5847=DIRECTION('',(0.,0.,-1.));
#5848=DIRECTION('',(-1.,0.,0.));
#5849=DIRECTION('',(0.,0.,1.));
#5850=DIRECTION('',(1.,0.,0.));
#5851=DIRECTION('',(0.,0.,-1.));
#5852=DIRECTION('',(-1.,0.,0.));
#5853=DIRECTION('',(0.,0.,1.));
#5854=DIRECTION('',(1.,0.,0.));
#5855=DIRECTION('',(0.,0.,1.));
#5856=DIRECTION('',(1.,0.,0.));
#5857=DIRECTION('',(0.,0.,-1.));
#5858=DIRECTION('',(-1.,0.,0.));
#5859=DIRECTION('',(0.,0.,1.));
#5860=DIRECTION('',(1.,0.,0.));
#5861=DIRECTION('',(0.,0.,1.));
#5862=DIRECTION('',(1.,0.,0.));
#5863=DIRECTION('',(0.,0.,-1.));
#5864=DIRECTION('',(-1.,0.,0.));
#5865=DIRECTION('',(0.,0.,1.));
#5866=DIRECTION('',(1.,0.,0.));
#5867=DIRECTION('',(0.,0.,-1.));
#5868=DIRECTION('',(-1.,0.,0.));
#5869=DIRECTION('',(0.,0.,1.));
#5870=DIRECTION('',(1.,0.,0.));
#5871=DIRECTION('',(0.,0.,-1.));
#5872=DIRECTION('',(-1.,0.,0.));
#5873=DIRECTION('',(0.,0.,1.));
#5874=DIRECTION('',(1.,0.,0.));
#5875=DIRECTION('',(0.,0.,-1.));
#5876=DIRECTION('',(-1.,0.,0.));
#5877=DIRECTION('',(0.,0.,1.));
#5878=DIRECTION('',(1.,0.,0.));
#5879=DIRECTION('',(-1.,0.,0.));
#5880=DIRECTION('',(0.,0.,1.));
#5881=DIRECTION('',(0.,0.,-1.));
#5882=DIRECTION('',(0.,1.,0.));
#5883=DIRECTION('',(0.,0.,-1.));
#5884=DIRECTION('',(0.,1.,0.));
#5885=DIRECTION('',(0.,0.,-1.));
#5886=DIRECTION('',(-1.,0.,0.));
#5887=DIRECTION('',(0.,0.,1.));
#5888=DIRECTION('',(1.,0.,0.));
#5889=DIRECTION('',(0.,0.,1.));
#5890=DIRECTION('',(1.,0.,0.));
#5891=DIRECTION('',(1.,0.,0.));
#5892=DIRECTION('',(-1.,0.,0.));
#5893=DIRECTION('',(0.,0.,1.));
#5894=DIRECTION('',(1.,0.,0.));
#5895=DIRECTION('',(0.,-1.,0.));
#5896=DIRECTION('',(0.,0.,1.));
#5897=DIRECTION('',(1.,0.,0.));
#5898=DIRECTION('',(0.,1.,0.));
#5899=DIRECTION('',(-1.,0.,0.));
#5900=DIRECTION('',(-1.,0.,0.));
#5901=DIRECTION('',(0.,0.,1.));
#5902=DIRECTION('',(1.,0.,0.));
#5903=DIRECTION('',(0.,0.,-1.));
#5904=DIRECTION('',(0.707106781186548,0.,0.707106781186548));
#5905=DIRECTION('',(-0.707106781186548,0.,0.707106781186548));
#5906=DIRECTION('',(0.,0.,1.));
#5907=DIRECTION('',(1.,0.,0.));
#5908=DIRECTION('',(0.,0.,-1.));
#5909=DIRECTION('',(-1.,0.,0.));
#5910=DIRECTION('',(0.,-1.,0.));
#5911=DIRECTION('',(0.,0.,-1.));
#5912=DIRECTION('',(0.,-1.,0.));
#5913=DIRECTION('',(0.,0.,-1.));
#5914=DIRECTION('',(0.,0.,1.));
#5915=DIRECTION('',(1.,0.,0.));
#5916=DIRECTION('',(0.,-1.,0.));
#5917=DIRECTION('',(0.,0.,-1.));
#5918=DIRECTION('',(0.,-1.,0.));
#5919=DIRECTION('',(0.,0.,-1.));
#5920=DIRECTION('',(-1.,0.,0.));
#5921=DIRECTION('',(0.,0.,1.));
#5922=DIRECTION('',(1.,0.,0.));
#5923=DIRECTION('',(0.,0.,-1.));
#5924=DIRECTION('',(1.,0.,0.));
#5925=DIRECTION('',(0.,0.,-1.));
#5926=DIRECTION('',(0.,0.,1.));
#5927=DIRECTION('',(1.,0.,0.));
#5928=DIRECTION('',(0.,0.,-1.));
#5929=DIRECTION('',(-1.,0.,0.));
#5930=DIRECTION('',(0.,-1.,0.));
#5931=DIRECTION('',(0.,0.,-1.));
#5932=DIRECTION('',(0.,1.,0.));
#5933=DIRECTION('',(0.,0.,1.));
#5934=DIRECTION('',(0.,-1.,0.));
#5935=DIRECTION('',(0.,0.,-1.));
#5936=DIRECTION('',(0.707106781186548,-0.707106781186548,0.));
#5937=DIRECTION('',(-0.707106781186548,-0.707106781186548,0.));
#5938=DIRECTION('',(0.,0.,1.));
#5939=DIRECTION('',(1.,0.,0.));
#5940=DIRECTION('',(0.,-1.,0.));
#5941=DIRECTION('',(0.,0.,-1.));
#5942=DIRECTION('',(0.,-1.,0.));
#5943=DIRECTION('',(0.,0.,-1.));
#5944=DIRECTION('',(1.,0.,0.));
#5945=DIRECTION('',(0.,0.,-1.));
#5946=DIRECTION('',(1.,0.,0.));
#5947=DIRECTION('',(0.,0.,-1.));
#5948=DIRECTION('',(0.,0.,1.));
#5949=DIRECTION('',(1.,0.,0.));
#5950=DIRECTION('',(1.,0.,0.));
#5951=DIRECTION('',(0.,0.,-1.));
#5952=DIRECTION('',(0.707106781186548,0.707106781186548,0.));
#5953=DIRECTION('',(0.707106781186548,-0.707106781186548,0.));
#5954=DIRECTION('',(0.,0.,1.));
#5955=DIRECTION('',(1.,0.,0.));
#5956=DIRECTION('',(0.,1.,0.));
#5957=DIRECTION('',(0.,0.,1.));
#5958=DIRECTION('',(0.,1.,0.));
#5959=DIRECTION('',(0.,0.,1.));
#5960=DIRECTION('',(0.,0.,-1.));
#5961=DIRECTION('',(-1.,0.,0.));
#5962=DIRECTION('',(0.,0.,-1.));
#5963=DIRECTION('',(-1.,0.,0.));
#5964=DIRECTION('',(1.,0.,0.));
#5965=DIRECTION('',(0.,0.,-1.));
#5966=DIRECTION('',(-1.,0.,0.));
#5967=DIRECTION('',(0.,0.,1.));
#5968=DIRECTION('',(0.,0.,-1.));
#5969=DIRECTION('',(-1.,0.,0.));
#5970=DIRECTION('',(0.,0.,-1.));
#5971=DIRECTION('',(-1.,0.,0.));
#5972=DIRECTION('',(0.707106781186548,0.,-0.707106781186548));
#5973=DIRECTION('',(-0.707106781186548,0.,-0.707106781186548));
#5974=DIRECTION('',(0.,1.,0.));
#5975=DIRECTION('',(0.,0.,1.));
#5976=DIRECTION('',(0.,-1.,0.));
#5977=DIRECTION('',(0.,0.,-1.));
#5978=DIRECTION('',(1.,0.,0.));
#5979=DIRECTION('',(0.,0.,-1.));
#5980=DIRECTION('',(1.,0.,0.));
#5981=DIRECTION('',(0.,0.,-1.));
#5982=DIRECTION('',(0.,0.,1.));
#5983=DIRECTION('',(1.,0.,0.));
#5984=DIRECTION('',(0.,0.,1.));
#5985=DIRECTION('',(1.,0.,0.));
#5986=DIRECTION('',(0.,-1.,0.));
#5987=DIRECTION('',(0.,0.,-1.));
#5988=DIRECTION('',(-1.,0.,0.));
#5989=DIRECTION('',(0.,0.,1.));
#5990=DIRECTION('',(0.707106781186548,0.,0.707106781186548));
#5991=DIRECTION('',(-0.707106781186548,0.,0.707106781186548));
#5992=DIRECTION('',(1.,0.,0.));
#5993=DIRECTION('',(0.,0.,-1.));
#5994=DIRECTION('',(1.,0.,0.));
#5995=DIRECTION('',(0.,0.,-1.));
#5996=DIRECTION('',(0.,0.,1.));
#5997=DIRECTION('',(1.,0.,0.));
#5998=DIRECTION('',(-1.,0.,0.));
#5999=DIRECTION('',(0.,0.,1.));
#6000=DIRECTION('',(-1.,0.,0.));
#6001=DIRECTION('',(0.,0.,1.));
#6002=DIRECTION('',(0.,0.,-1.));
#6003=DIRECTION('',(-1.,0.,0.));
#6004=DIRECTION('',(0.,0.,1.));
#6005=DIRECTION('',(1.,0.,0.));
#6006=DIRECTION('',(-8.6136184714603E-16,-1.,0.));
#6007=DIRECTION('',(1.,-8.6136184714603E-16,0.));
#6008=DIRECTION('',(0.,1.,0.));
#6009=DIRECTION('',(0.,0.,1.));
#6010=DIRECTION('',(0.,0.,1.));
#6011=DIRECTION('',(1.,0.,0.));
#6012=DIRECTION('',(0.,0.,-1.));
#6013=DIRECTION('',(-1.,0.,0.));
#6014=DIRECTION('',(1.,0.,0.));
#6015=DIRECTION('',(0.,0.,-1.));
#6016=DIRECTION('',(-1.,0.,0.));
#6017=DIRECTION('',(0.,0.,1.));
#6018=DIRECTION('',(-3.30423519233678E-16,1.,0.));
#6019=DIRECTION('',(-1.,-3.30423519233678E-16,0.));
#6020=DIRECTION('',(0.707106781186547,0.707106781186548,0.));
#6021=DIRECTION('',(0.707106781186548,-0.707106781186547,0.));
#6022=DIRECTION('',(-0.707106781186548,0.707106781186547,0.));
#6023=DIRECTION('',(0.707106781186547,0.707106781186548,0.));
#6024=DIRECTION('',(0.,0.,1.));
#6025=DIRECTION('',(1.,0.,0.));
#6026=DIRECTION('',(0.,-1.,0.));
#6027=DIRECTION('',(0.,0.,-1.));
#6028=DIRECTION('',(0.,0.,1.));
#6029=DIRECTION('',(1.,0.,0.));
#6030=DIRECTION('',(0.,0.,1.));
#6031=DIRECTION('',(1.,0.,0.));
#6032=DIRECTION('',(0.,-1.,0.));
#6033=DIRECTION('',(0.,0.,-1.));
#6034=DIRECTION('',(0.,-1.,0.));
#6035=DIRECTION('',(0.,0.,-1.));
#6036=DIRECTION('',(0.,0.,1.));
#6037=DIRECTION('',(1.,0.,0.));
#6038=DIRECTION('',(1.,5.39691748081672E-16,0.));
#6039=DIRECTION('',(-5.39691748081672E-16,1.,0.));
#6040=DIRECTION('',(0.707106781186548,-0.707106781186547,0.));
#6041=DIRECTION('',(0.707106781186547,0.707106781186548,0.));
#6042=DIRECTION('',(-1.,-6.16790569236197E-16,0.));
#6043=DIRECTION('',(6.16790569236197E-16,-1.,0.));
#6044=DIRECTION('',(-0.707106781186547,-0.707106781186548,0.));
#6045=DIRECTION('',(-0.707106781186548,0.707106781186547,0.));
#6046=DIRECTION('',(8.6136184714603E-16,1.,0.));
#6047=DIRECTION('',(-1.,8.6136184714603E-16,0.));
#6048=DIRECTION('',(0.,1.,0.));
#6049=DIRECTION('',(0.,0.,1.));
#6050=DIRECTION('',(0.,0.,1.));
#6051=DIRECTION('',(1.,0.,0.));
#6052=DIRECTION('',(0.,0.,1.));
#6053=DIRECTION('',(1.,0.,0.));
#6054=DIRECTION('',(-1.,0.,0.));
#6055=DIRECTION('',(0.,0.,1.));
#6056=DIRECTION('',(-1.,0.,0.));
#6057=DIRECTION('',(0.,0.,1.));
#6058=DIRECTION('',(0.707106781186548,0.,-0.707106781186548));
#6059=DIRECTION('',(-0.707106781186548,0.,-0.707106781186548));
#6060=DIRECTION('',(0.,0.,-1.));
#6061=DIRECTION('',(-1.,0.,0.));
#6062=DIRECTION('',(0.,0.,-1.));
#6063=DIRECTION('',(-1.,0.,0.));
#6064=DIRECTION('',(3.30423519233677E-16,-1.,0.));
#6065=DIRECTION('',(1.,3.30423519233677E-16,0.));
#6066=DIRECTION('',(0.707106781186548,-0.707106781186547,0.));
#6067=DIRECTION('',(-0.707106781186547,-0.707106781186548,0.));
#6068=DIRECTION('',(5.88041856263324E-16,-1.,0.));
#6069=DIRECTION('',(1.,5.88041856263324E-16,0.));
#6070=DIRECTION('',(0.,0.,1.));
#6071=DIRECTION('',(1.,0.,0.));
#6072=DIRECTION('',(-1.,0.,0.));
#6073=DIRECTION('',(0.,0.,1.));
#6074=DIRECTION('',(0.,0.,1.));
#6075=DIRECTION('',(1.,0.,0.));
#6076=DIRECTION('',(0.,0.,1.));
#6077=DIRECTION('',(1.,0.,0.));
#6078=DIRECTION('',(0.,-1.,0.));
#6079=DIRECTION('',(0.,0.,-1.));
#6080=DIRECTION('',(0.,-1.,0.));
#6081=DIRECTION('',(0.,0.,-1.));
#6082=DIRECTION('',(0.,-1.,0.));
#6083=DIRECTION('',(0.,0.,-1.));
#6084=DIRECTION('',(1.,0.,0.));
#6085=DIRECTION('',(0.,0.,-1.));
#6086=DIRECTION('',(1.,6.16790569236198E-16,0.));
#6087=DIRECTION('',(-6.16790569236198E-16,1.,0.));
#6088=DIRECTION('',(0.707106781186547,0.707106781186548,0.));
#6089=DIRECTION('',(0.707106781186548,-0.707106781186547,0.));
#6090=DIRECTION('',(0.,0.,1.));
#6091=DIRECTION('',(1.,0.,0.));
#6092=DIRECTION('',(1.,1.08760092537731E-16,0.));
#6093=DIRECTION('',(-1.08760092537731E-16,1.,0.));
#6094=DIRECTION('',(0.707106781186548,0.707106781186548,0.));
#6095=DIRECTION('',(-0.707106781186548,0.707106781186548,0.));
#6096=DIRECTION('',(0.,1.,0.));
#6097=DIRECTION('',(0.,0.,1.));
#6098=DIRECTION('',(0.,1.,0.));
#6099=DIRECTION('',(0.,0.,1.));
#6100=DIRECTION('',(0.,0.,1.));
#6101=DIRECTION('',(1.,0.,0.));
#6102=DIRECTION('',(0.,0.,-1.));
#6103=DIRECTION('',(-1.,0.,0.));
#6104=DIRECTION('',(1.,0.,0.));
#6105=DIRECTION('',(0.,0.,-1.));
#6106=DIRECTION('',(-1.,0.,0.));
#6107=DIRECTION('',(0.,0.,1.));
#6108=DIRECTION('',(0.,1.,0.));
#6109=DIRECTION('',(0.,0.,1.));
#6110=DIRECTION('',(0.,1.,0.));
#6111=DIRECTION('',(0.,0.,1.));
#6112=DIRECTION('',(-0.707106781186548,0.707106781186547,0.));
#6113=DIRECTION('',(0.707106781186547,0.707106781186548,0.));
#6114=DIRECTION('',(0.,0.,1.));
#6115=DIRECTION('',(1.,0.,0.));
#6116=DIRECTION('',(0.,0.,1.));
#6117=DIRECTION('',(1.,0.,0.));
#6118=DIRECTION('',(0.,1.,0.));
#6119=DIRECTION('',(0.,0.,1.));
#6120=DIRECTION('',(0.,0.,1.));
#6121=DIRECTION('',(1.,0.,0.));
#6122=DIRECTION('',(0.,0.,1.));
#6123=DIRECTION('',(1.,0.,0.));
#6124=DIRECTION('',(-1.,0.,0.));
#6125=DIRECTION('',(0.,0.,1.));
#6126=DIRECTION('',(0.,-1.,0.));
#6127=DIRECTION('',(0.,0.,-1.));
#6128=DIRECTION('',(0.,-1.,0.));
#6129=DIRECTION('',(0.,0.,-1.));
#6130=DIRECTION('',(0.,0.,1.));
#6131=DIRECTION('',(1.,0.,0.));
#6132=DIRECTION('',(-1.,-4.35040370150923E-16,0.));
#6133=DIRECTION('',(4.35040370150923E-16,-1.,0.));
#6134=DIRECTION('',(-1.,0.,0.));
#6135=DIRECTION('',(0.,0.,1.));
#6136=DIRECTION('',(0.,0.,1.));
#6137=DIRECTION('',(1.,0.,0.));
#6138=DIRECTION('',(0.,0.,1.));
#6139=DIRECTION('',(1.,0.,0.));
#6140=DIRECTION('',(0.,-1.,0.));
#6141=DIRECTION('',(0.,0.,-1.));
#6142=DIRECTION('',(0.,1.,0.));
#6143=DIRECTION('',(0.,0.,1.));
#6144=DIRECTION('',(1.,0.,0.));
#6145=DIRECTION('',(0.,0.,-1.));
#6146=DIRECTION('',(1.,0.,0.));
#6147=DIRECTION('',(0.,0.,-1.));
#6148=DIRECTION('',(0.,0.,1.));
#6149=DIRECTION('',(1.,0.,0.));
#6150=DIRECTION('',(0.,0.,-1.));
#6151=DIRECTION('',(-1.,0.,0.));
#6152=DIRECTION('',(0.,-1.,0.));
#6153=DIRECTION('',(0.,0.,-1.));
#6154=DIRECTION('',(0.,1.,0.));
#6155=DIRECTION('',(0.,0.,1.));
#6156=DIRECTION('',(0.,0.,1.));
#6157=DIRECTION('',(1.,0.,0.));
#6158=DIRECTION('',(0.,-1.,0.));
#6159=DIRECTION('',(0.,0.,-1.));
#6160=DIRECTION('',(0.,0.,1.));
#6161=DIRECTION('',(1.,0.,0.));
#6162=DIRECTION('',(0.,0.,1.));
#6163=DIRECTION('',(1.,0.,0.));
#6164=DIRECTION('',(-1.,0.,0.));
#6165=DIRECTION('',(0.,0.,1.));
#6166=DIRECTION('',(0.,0.,1.));
#6167=DIRECTION('',(1.,0.,0.));
#6168=DIRECTION('',(0.,-1.,0.));
#6169=DIRECTION('',(0.,0.,-1.));
#6170=DIRECTION('',(0.,0.,1.));
#6171=DIRECTION('',(1.,0.,0.));
#6172=DIRECTION('',(-1.,0.,0.));
#6173=DIRECTION('',(0.,0.,1.));
#6174=DIRECTION('',(-1.,0.,0.));
#6175=DIRECTION('',(0.,0.,1.));
#6176=DIRECTION('',(0.,1.,0.));
#6177=DIRECTION('',(0.,0.,1.));
#6178=DIRECTION('',(0.,1.,0.));
#6179=DIRECTION('',(0.,0.,1.));
#6180=DIRECTION('',(0.,0.,1.));
#6181=DIRECTION('',(1.,0.,0.));
#6182=DIRECTION('',(0.,0.,1.));
#6183=DIRECTION('',(1.,0.,0.));
#6184=DIRECTION('',(-1.,0.,0.));
#6185=DIRECTION('',(0.,0.,1.));
#6186=DIRECTION('',(1.,0.,0.));
#6187=DIRECTION('',(0.,0.,-1.));
#6188=DIRECTION('',(0.,1.,0.));
#6189=DIRECTION('',(0.,0.,1.));
#6190=DIRECTION('',(0.,1.,0.));
#6191=DIRECTION('',(0.,0.,1.));
#6192=DIRECTION('',(0.,0.,-1.));
#6193=DIRECTION('',(-1.,0.,0.));
#6194=DIRECTION('',(0.,0.,1.));
#6195=DIRECTION('',(1.,0.,0.));
#6196=DIRECTION('',(-1.,0.,0.));
#6197=DIRECTION('',(0.,0.,1.));
#6198=DIRECTION('',(1.,0.,0.));
#6199=DIRECTION('',(0.,0.,-1.));
#6200=DIRECTION('',(0.,0.,1.));
#6201=DIRECTION('',(1.,0.,0.));
#6202=DIRECTION('',(0.,0.,1.));
#6203=DIRECTION('',(1.,0.,0.));
#6204=DIRECTION('',(-1.,0.,0.));
#6205=DIRECTION('',(0.,0.,1.));
#6206=DIRECTION('',(0.,0.,1.));
#6207=DIRECTION('',(1.,0.,0.));
#6208=DIRECTION('',(0.,0.,1.));
#6209=DIRECTION('',(1.,0.,0.));
#6210=DIRECTION('',(0.,-1.,0.));
#6211=DIRECTION('',(0.,0.,-1.));
#6212=DIRECTION('',(0.,-1.,0.));
#6213=DIRECTION('',(0.,0.,-1.));
#6214=DIRECTION('',(0.,1.,0.));
#6215=DIRECTION('',(0.,0.,1.));
#6216=DIRECTION('',(0.,0.,1.));
#6217=DIRECTION('',(1.,0.,0.));
#6218=DIRECTION('',(0.,0.,1.));
#6219=DIRECTION('',(1.,0.,0.));
#6220=DIRECTION('',(0.,0.,1.));
#6221=DIRECTION('',(1.,0.,0.));
#6222=DIRECTION('',(0.,-1.,0.));
#6223=DIRECTION('',(0.,0.,-1.));
#6224=DIRECTION('',(1.47010464065831E-16,-1.,0.));
#6225=DIRECTION('',(1.,1.47010464065831E-16,0.));
#6226=DIRECTION('',(-0.707106781186547,-0.707106781186548,0.));
#6227=DIRECTION('',(-0.707106781186548,0.707106781186547,0.));
#6228=DIRECTION('',(0.707106781186548,-0.707106781186547,0.));
#6229=DIRECTION('',(0.707106781186547,0.707106781186548,0.));
#6230=DIRECTION('',(1.,0.,0.));
#6231=DIRECTION('',(0.,0.,-1.));
#6232=DIRECTION('',(1.,0.,0.));
#6233=DIRECTION('',(0.,0.,-1.));
#6234=DIRECTION('',(0.,0.,1.));
#6235=DIRECTION('',(1.,0.,0.));
#6236=DIRECTION('',(0.,0.,-1.));
#6237=DIRECTION('',(-1.,0.,0.));
#6238=DIRECTION('',(0.,0.,1.));
#6239=DIRECTION('',(1.,0.,0.));
#6240=DIRECTION('',(0.,0.,1.));
#6241=DIRECTION('',(1.,0.,0.));
#6242=DIRECTION('',(0.,0.,-1.));
#6243=DIRECTION('',(-1.,0.,0.));
#6244=DIRECTION('',(1.,0.,0.));
#6245=DIRECTION('',(0.,0.,-1.));
#6246=DIRECTION('',(1.,0.,0.));
#6247=DIRECTION('',(0.,0.,-1.));
#6248=DIRECTION('',(0.,0.,-1.));
#6249=DIRECTION('',(-1.,0.,0.));
#6250=DIRECTION('',(0.,0.,1.));
#6251=DIRECTION('',(1.,0.,0.));
#6252=DIRECTION('',(0.,-1.,0.));
#6253=DIRECTION('',(0.,0.,-1.));
#6254=DIRECTION('',(0.,1.,0.));
#6255=DIRECTION('',(0.,0.,1.));
#6256=DIRECTION('',(-1.,-3.85494105772614E-16,0.));
#6257=DIRECTION('',(3.85494105772614E-16,-1.,0.));
#6258=DIRECTION('',(-0.707106781186548,0.707106781186547,0.));
#6259=DIRECTION('',(-0.707106781186547,-0.707106781186548,0.));
#6260=DIRECTION('',(1.,3.85494105772614E-16,0.));
#6261=DIRECTION('',(-3.85494105772614E-16,1.,0.));
#6262=DIRECTION('',(0.707106781186547,0.707106781186548,0.));
#6263=DIRECTION('',(0.707106781186548,-0.707106781186547,0.));
#6264=DIRECTION('',(0.,-1.,0.));
#6265=DIRECTION('',(0.,0.,-1.));
#6266=DIRECTION('',(0.,-1.,0.));
#6267=DIRECTION('',(0.,0.,-1.));
#6268=DIRECTION('',(1.,0.,0.));
#6269=DIRECTION('',(0.,0.,-1.));
#6270=DIRECTION('',(1.,0.,0.));
#6271=DIRECTION('',(0.,0.,-1.));
#6272=DIRECTION('',(0.,1.,0.));
#6273=DIRECTION('',(0.,0.,1.));
#6274=DIRECTION('',(1.,0.,0.));
#6275=DIRECTION('',(0.,0.,-1.));
#6276=DIRECTION('',(-0.707106781186548,0.,-0.707106781186548));
#6277=DIRECTION('',(0.707106781186548,0.,-0.707106781186548));
#6278=DIRECTION('',(0.,0.,1.));
#6279=DIRECTION('',(1.,0.,0.));
#6280=DIRECTION('',(1.,0.,0.));
#6281=DIRECTION('',(0.,0.,-1.));
#6282=DIRECTION('',(0.,1.,0.));
#6283=DIRECTION('',(0.,0.,1.));
#6284=DIRECTION('',(0.,1.,0.));
#6285=DIRECTION('',(0.,0.,1.));
#6286=DIRECTION('',(-1.,0.,0.));
#6287=DIRECTION('',(0.,0.,1.));
#6288=DIRECTION('',(-1.,0.,0.));
#6289=DIRECTION('',(0.,0.,1.));
#6290=DIRECTION('',(0.,0.,-1.));
#6291=DIRECTION('',(-1.,0.,0.));
#6292=DIRECTION('',(0.,0.,-1.));
#6293=DIRECTION('',(-1.,0.,0.));
#6294=DIRECTION('',(1.,1.08760092537729E-16,0.));
#6295=DIRECTION('',(-1.08760092537729E-16,1.,0.));
#6296=DIRECTION('',(0.707106781186548,-0.707106781186548,0.));
#6297=DIRECTION('',(-0.707106781186548,-0.707106781186548,0.));
#6298=DIRECTION('',(0.,0.,1.));
#6299=DIRECTION('',(1.,0.,0.));
#6300=DIRECTION('',(0.,0.,1.));
#6301=DIRECTION('',(1.,0.,0.));
#6302=DIRECTION('',(0.,1.,0.));
#6303=DIRECTION('',(0.,0.,1.));
#6304=DIRECTION('',(0.,1.,0.));
#6305=DIRECTION('',(0.,0.,1.));
#6306=DIRECTION('',(0.,-1.,0.));
#6307=DIRECTION('',(0.,0.,-1.));
#6308=DIRECTION('',(-0.707106781186547,-0.707106781186548,0.));
#6309=DIRECTION('',(0.707106781186548,-0.707106781186547,0.));
#6310=DIRECTION('',(5.88041856263324E-16,-1.,0.));
#6311=DIRECTION('',(1.,5.88041856263324E-16,0.));
#6312=DIRECTION('',(-0.707106781186547,-0.707106781186548,0.));
#6313=DIRECTION('',(-0.707106781186548,0.707106781186547,0.));
#6314=DIRECTION('',(-1.,-4.35040370150915E-16,0.));
#6315=DIRECTION('',(4.35040370150915E-16,-1.,0.));
#6316=DIRECTION('',(1.,0.,0.));
#6317=DIRECTION('',(0.,0.,-1.));
#6318=DIRECTION('',(0.,0.,1.));
#6319=DIRECTION('',(1.,0.,0.));
#6320=DIRECTION('',(-1.,-6.16790569236198E-16,0.));
#6321=DIRECTION('',(6.16790569236198E-16,-1.,0.));
#6322=DIRECTION('',(-0.707106781186548,0.707106781186547,0.));
#6323=DIRECTION('',(0.707106781186547,0.707106781186548,0.));
#6324=DIRECTION('',(0.,0.,1.));
#6325=DIRECTION('',(1.,0.,0.));
#6326=DIRECTION('',(0.,0.,1.));
#6327=DIRECTION('',(1.,0.,0.));
#6328=DIRECTION('',(0.,-1.,0.));
#6329=DIRECTION('',(0.,0.,-1.));
#6330=DIRECTION('',(-3.30423519233677E-16,1.,0.));
#6331=DIRECTION('',(-1.,-3.30423519233677E-16,0.));
#6332=DIRECTION('',(0.,1.,0.));
#6333=DIRECTION('',(0.,0.,1.));
#6334=DIRECTION('',(0.,0.,1.));
#6335=DIRECTION('',(1.,0.,0.));
#6336=DIRECTION('',(-0.707106781186548,0.,0.707106781186548));
#6337=DIRECTION('',(0.707106781186548,0.,0.707106781186548));
#6338=DIRECTION('',(0.,0.,-1.));
#6339=DIRECTION('',(-1.,0.,0.));
#6340=DIRECTION('',(0.,0.,-1.));
#6341=DIRECTION('',(-1.,0.,0.));
#6342=DIRECTION('',(0.,0.,1.));
#6343=DIRECTION('',(1.,0.,0.));
#6344=DIRECTION('',(0.,-1.,0.));
#6345=DIRECTION('',(0.,0.,-1.));
#6346=DIRECTION('',(0.,1.,0.));
#6347=DIRECTION('',(0.,0.,1.));
#6348=DIRECTION('',(1.,0.,0.));
#6349=DIRECTION('',(0.,0.,-1.));
#6350=DIRECTION('',(1.,0.,0.));
#6351=DIRECTION('',(0.,0.,-1.));
#6352=DIRECTION('',(1.,0.,0.));
#6353=DIRECTION('',(0.,0.,-1.));
#6354=DIRECTION('',(-0.707106781186548,0.,-0.707106781186548));
#6355=DIRECTION('',(0.707106781186548,0.,-0.707106781186548));
#6356=DIRECTION('',(0.,0.,1.));
#6357=DIRECTION('',(1.,0.,0.));
#6358=DIRECTION('',(0.,1.,0.));
#6359=DIRECTION('',(0.,0.,1.));
#6360=DIRECTION('',(0.,0.,1.));
#6361=DIRECTION('',(1.,0.,0.));
#6362=DIRECTION('',(0.,0.,1.));
#6363=DIRECTION('',(1.,0.,0.));
#6364=DIRECTION('',(1.,0.,0.));
#6365=DIRECTION('',(0.,0.,-1.));
#6366=DIRECTION('',(-1.,0.,0.));
#6367=DIRECTION('',(0.,0.,1.));
#6368=DIRECTION('',(-1.,0.,0.));
#6369=DIRECTION('',(0.,0.,1.));
#6370=DIRECTION('',(0.,0.,-1.));
#6371=DIRECTION('',(-1.,0.,0.));
#6372=DIRECTION('',(0.,0.,-1.));
#6373=DIRECTION('',(-1.,0.,0.));
#6374=DIRECTION('',(0.,1.,0.));
#6375=DIRECTION('',(0.,0.,1.));
#6376=DIRECTION('',(0.,1.,0.));
#6377=DIRECTION('',(0.,0.,1.));
#6378=DIRECTION('',(0.,0.,1.));
#6379=DIRECTION('',(1.,0.,0.));
#6380=DIRECTION('',(0.,0.,1.));
#6381=DIRECTION('',(1.,0.,0.));
#6382=DIRECTION('',(1.,4.35040370150923E-16,0.));
#6383=DIRECTION('',(-4.35040370150923E-16,1.,0.));
#6384=DIRECTION('',(-1.,0.,0.));
#6385=DIRECTION('',(0.,0.,1.));
#6386=DIRECTION('',(0.,0.,1.));
#6387=DIRECTION('',(1.,0.,0.));
#6388=DIRECTION('',(0.,1.,0.));
#6389=DIRECTION('',(0.,0.,1.));
#6390=DIRECTION('',(0.,1.,0.));
#6391=DIRECTION('',(0.,0.,1.));
#6392=DIRECTION('',(0.,0.,1.));
#6393=DIRECTION('',(1.,0.,0.));
#6394=DIRECTION('',(1.,0.,0.));
#6395=DIRECTION('',(0.,0.,-1.));
#6396=DIRECTION('',(0.,-1.,0.));
#6397=DIRECTION('',(0.,0.,-1.));
#6398=DIRECTION('',(0.,-1.,0.));
#6399=DIRECTION('',(0.,0.,-1.));
#6400=DIRECTION('',(0.,0.,-1.));
#6401=DIRECTION('',(-1.,0.,0.));
#6402=DIRECTION('',(3.67526160164578E-16,-1.,0.));
#6403=DIRECTION('',(1.,3.67526160164578E-16,0.));
#6404=DIRECTION('',(-0.707106781186547,-0.707106781186548,0.));
#6405=DIRECTION('',(-0.707106781186548,0.707106781186547,0.));
#6406=DIRECTION('',(-1.,-4.35040370150923E-16,0.));
#6407=DIRECTION('',(4.35040370150923E-16,-1.,0.));
#6408=DIRECTION('',(-1.,0.,0.));
#6409=DIRECTION('',(0.,0.,1.));
#6410=DIRECTION('',(0.,0.,-1.));
#6411=DIRECTION('',(-1.,0.,0.));
#6412=DIRECTION('',(0.,0.,1.));
#6413=DIRECTION('',(1.,0.,0.));
#6414=DIRECTION('',(0.,-1.,0.));
#6415=DIRECTION('',(0.,0.,-1.));
#6416=DIRECTION('',(0.,1.,0.));
#6417=DIRECTION('',(0.,0.,1.));
#6418=DIRECTION('',(0.,0.,1.));
#6419=DIRECTION('',(1.,0.,0.));
#6420=DIRECTION('',(-1.,-3.08395284618098E-16,0.));
#6421=DIRECTION('',(3.08395284618098E-16,-1.,0.));
#6422=DIRECTION('',(-0.707106781186548,0.707106781186547,0.));
#6423=DIRECTION('',(0.707106781186547,0.707106781186548,0.));
#6424=DIRECTION('',(0.,-1.,0.));
#6425=DIRECTION('',(0.,0.,-1.));
#6426=DIRECTION('',(0.,-1.,0.));
#6427=DIRECTION('',(0.,0.,-1.));
#6428=DIRECTION('',(0.,0.,-1.));
#6429=DIRECTION('',(-1.,0.,0.));
#6430=DIRECTION('',(0.,0.,-1.));
#6431=DIRECTION('',(-1.,0.,0.));
#6432=DIRECTION('',(-1.,0.,0.));
#6433=DIRECTION('',(0.,0.,1.));
#6434=DIRECTION('',(-1.,0.,0.));
#6435=DIRECTION('',(0.,0.,1.));
#6436=DIRECTION('',(1.,-3.46944695195361E-15,0.));
#6437=DIRECTION('',(3.46944695195361E-15,1.,0.));
#6438=DIRECTION('',(-5.78241158658938E-16,1.,0.));
#6439=DIRECTION('',(-1.,-5.78241158658938E-16,0.));
#6440=DIRECTION('',(0.,1.,0.));
#6441=DIRECTION('',(0.,0.,1.));
#6442=DIRECTION('',(0.,1.,0.));
#6443=DIRECTION('',(0.,0.,1.));
#6444=DIRECTION('',(0.,1.,0.));
#6445=DIRECTION('',(0.,0.,1.));
#6446=DIRECTION('',(0.,0.,1.));
#6447=DIRECTION('',(1.,0.,0.));
#6448=DIRECTION('',(0.,0.,1.));
#6449=DIRECTION('',(1.,0.,0.));
#6450=DIRECTION('',(-3.46944695195361E-15,0.,-1.));
#6451=DIRECTION('',(-1.,0.,3.46944695195361E-15));
#6452=DIRECTION('',(0.,0.,-1.));
#6453=DIRECTION('',(-1.,0.,0.));
#6454=DIRECTION('',(-1.,0.,0.));
#6455=DIRECTION('',(0.,0.,1.));
#6456=DIRECTION('',(-1.,0.,0.));
#6457=DIRECTION('',(0.,0.,1.));
#6458=DIRECTION('',(0.,0.,1.));
#6459=DIRECTION('',(1.,0.,0.));
#6460=DIRECTION('',(-0.707106781186548,0.,0.707106781186548));
#6461=DIRECTION('',(0.707106781186548,0.,0.707106781186548));
#6462=DIRECTION('',(1.,0.,0.));
#6463=DIRECTION('',(0.,0.,-1.));
#6464=DIRECTION('',(0.,0.,1.));
#6465=DIRECTION('',(1.,0.,0.));
#6466=DIRECTION('',(0.,0.,1.));
#6467=DIRECTION('',(1.,0.,0.));
#6468=DIRECTION('',(0.,0.,1.));
#6469=DIRECTION('',(1.,0.,0.));
#6470=DIRECTION('',(1.,0.,0.));
#6471=DIRECTION('',(0.,1.,0.));
#6472=DIRECTION('',(1.,0.,0.));
#6473=DIRECTION('',(0.,1.,0.));
#6474=DIRECTION('',(-1.,0.,0.));
#6475=DIRECTION('',(0.,0.,1.));
#6476=DIRECTION('',(0.,0.,1.));
#6477=DIRECTION('',(0.,0.,1.));
#6478=DIRECTION('',(-1.,0.,0.));
#6479=DIRECTION('',(0.,0.,1.));
#6480=DIRECTION('',(0.,0.,1.));
#6481=DIRECTION('',(0.,0.,1.));
#6482=DIRECTION('',(0.,-1.,0.));
#6483=DIRECTION('',(1.,0.,0.));
#6484=DIRECTION('',(0.,-1.,0.));
#6485=DIRECTION('',(1.,0.,0.));
#6486=DIRECTION('',(0.,0.,1.));
#6487=DIRECTION('',(1.,0.,0.));
#6488=DIRECTION('',(0.,0.,1.));
#6489=DIRECTION('',(1.,0.,0.));
#6490=DIRECTION('',(0.,0.,1.));
#6491=DIRECTION('',(1.,0.,0.));
#6492=DIRECTION('',(1.,0.,0.));
#6493=DIRECTION('',(0.,1.,0.));
#6494=DIRECTION('',(1.,0.,0.));
#6495=DIRECTION('',(0.,1.,0.));
#6496=DIRECTION('',(-1.,0.,0.));
#6497=DIRECTION('',(0.,0.,1.));
#6498=DIRECTION('',(0.,0.,1.));
#6499=DIRECTION('',(0.,0.,1.));
#6500=DIRECTION('',(-1.,0.,0.));
#6501=DIRECTION('',(0.,0.,1.));
#6502=DIRECTION('',(0.,0.,1.));
#6503=DIRECTION('',(0.,0.,1.));
#6504=DIRECTION('',(0.,-1.,0.));
#6505=DIRECTION('',(1.,0.,0.));
#6506=DIRECTION('',(0.,-1.,0.));
#6507=DIRECTION('',(1.,0.,0.));
#6508=DIRECTION('',(0.,0.,1.));
#6509=DIRECTION('',(1.,0.,0.));
#6510=DIRECTION('',(0.,0.,1.));
#6511=DIRECTION('',(1.,0.,0.));
#6512=DIRECTION('',(0.,0.,1.));
#6513=DIRECTION('',(1.,0.,0.));
#6514=DIRECTION('',(0.,0.,1.));
#6515=DIRECTION('',(1.,0.,0.));
#6516=DIRECTION('',(0.,0.,1.));
#6517=DIRECTION('',(1.,0.,0.));
#6518=DIRECTION('',(0.,0.,1.));
#6519=DIRECTION('',(1.,0.,0.));
#6520=DIRECTION('',(0.,0.,1.));
#6521=DIRECTION('',(1.,0.,0.));
#6522=DIRECTION('',(0.,0.,1.));
#6523=DIRECTION('',(1.,0.,0.));
#6524=DIRECTION('',(0.,0.,1.));
#6525=DIRECTION('',(1.,0.,0.));
#6526=DIRECTION('',(0.,0.,1.));
#6527=DIRECTION('',(1.,0.,0.));
#6528=DIRECTION('',(0.,0.,1.));
#6529=DIRECTION('',(1.,0.,0.));
#6530=DIRECTION('',(0.,0.,1.));
#6531=DIRECTION('',(1.,0.,0.));
#6532=CARTESIAN_POINT('',(0.,0.,0.));
#6533=CARTESIAN_POINT('',(0.0473139593679909,0.,0.119));
#6534=CARTESIAN_POINT('',(8.14657372810723E-10,0.0475,0.119));
#6535=CARTESIAN_POINT('',(-0.00199999918534263,0.0475,0.119));
#6536=CARTESIAN_POINT('',(0.033587572106361,0.033587572106361,0.119));
#6537=CARTESIAN_POINT('',(0.031587572106361,0.033587572106361,0.119));
#6538=CARTESIAN_POINT('',(-0.033587572106361,-0.033587572106361,0.119));
#6539=CARTESIAN_POINT('',(-0.035587572106361,-0.033587572106361,0.119));
#6540=CARTESIAN_POINT('',(-0.0475,1.22464679914735E-19,0.119));
#6541=CARTESIAN_POINT('',(-0.0495,1.22464679914735E-19,0.119));
#6542=CARTESIAN_POINT('',(-0.0336125143272438,0.0335626113495483,0.119));
#6543=CARTESIAN_POINT('',(-0.0356125143272438,0.0335626113495483,0.119));
#6544=CARTESIAN_POINT('',(-1.69602431528736E-5,0.,0.119));
#6545=CARTESIAN_POINT('',(-0.0499431089027361,0.,0.119));
#6546=CARTESIAN_POINT('',(-1.69602431528736E-5,0.,0.119));
#6547=CARTESIAN_POINT('',(-0.0452526508058573,0.,0.119));
#6548=CARTESIAN_POINT('',(2.1434343028425E-17,-0.0475,0.119));
#6549=CARTESIAN_POINT('',(-0.00199999999999998,-0.0475,0.119));
#6550=CARTESIAN_POINT('',(0.0335626113495483,-0.0336125143272438,0.119));
#6551=CARTESIAN_POINT('',(0.0315626113495483,-0.0336125143272438,0.119));
#6552=CARTESIAN_POINT('',(0.0475,0.,0.119));
#6553=CARTESIAN_POINT('',(0.0455,0.,0.119));
#6554=CARTESIAN_POINT('',(0.0447582307327577,0.,0.12));
#6555=CARTESIAN_POINT('',(8.14657372810723E-10,0.0475,0.12));
#6556=CARTESIAN_POINT('',(0.00200000081465737,0.0475,0.12));
#6557=CARTESIAN_POINT('',(0.033587572106361,0.033587572106361,0.12));
#6558=CARTESIAN_POINT('',(0.035587572106361,0.033587572106361,0.12));
#6559=CARTESIAN_POINT('',(-0.033587572106361,-0.033587572106361,0.12));
#6560=CARTESIAN_POINT('',(-0.031587572106361,-0.033587572106361,0.12));
#6561=CARTESIAN_POINT('',(-0.0475,1.22464679914735E-19,0.12));
#6562=CARTESIAN_POINT('',(-0.0455,1.22464679914735E-19,0.12));
#6563=CARTESIAN_POINT('',(-0.0336125143272438,0.0335626113495483,0.12));
#6564=CARTESIAN_POINT('',(-0.0316125143272438,0.0335626113495483,0.12));
#6565=CARTESIAN_POINT('',(-1.69602431528736E-5,0.,0.12));
#6566=CARTESIAN_POINT('',(-0.044567342194974,0.,0.12));
#6567=CARTESIAN_POINT('',(-1.69602431528736E-5,0.,0.12));
#6568=CARTESIAN_POINT('',(-0.0498169602431529,0.,0.12));
#6569=CARTESIAN_POINT('',(2.1434343028425E-17,-0.0475,0.12));
#6570=CARTESIAN_POINT('',(0.00200000000000002,-0.0475,0.12));
#6571=CARTESIAN_POINT('',(0.0335626113495483,-0.0336125143272438,0.12));
#6572=CARTESIAN_POINT('',(0.0355626113495483,-0.0336125143272438,0.12));
#6573=CARTESIAN_POINT('',(0.0475,0.,0.12));
#6574=CARTESIAN_POINT('',(0.0495,0.,0.12));
#6575=CARTESIAN_POINT('',(-1.69602431528762E-5,0.,0.0977068486176396));
#6576=CARTESIAN_POINT('',(-1.69602431528736E-5,0.,0.0413839571119501));
#6577=CARTESIAN_POINT('',(-0.0291728553683946,0.,0.0413839571119501));
#6578=CARTESIAN_POINT('',(-1.69602431528736E-5,0.,0.12));
#6579=CARTESIAN_POINT('',(-1.69602431528762E-5,0.,0.0984809484829841));
#6580=CARTESIAN_POINT('',(-1.69602431528736E-5,0.,0.0421786064477648));
#6581=CARTESIAN_POINT('',(-0.0285549164727709,0.,0.0421786064477648));
#6582=CARTESIAN_POINT('',(-1.69602431528736E-5,0.,0.036));
#6583=CARTESIAN_POINT('',(-1.69602431528736E-5,0.,0.036));
#6584=CARTESIAN_POINT('',(-0.0183876878427013,0.,0.036));
#6585=CARTESIAN_POINT('',(0.00917688367819777,0.,0.036));
#6586=CARTESIAN_POINT('',(-1.69602431528736E-5,0.,0.036));
#6587=CARTESIAN_POINT('',(-3.39204863057472E-5,0.,0.036));
#6588=CARTESIAN_POINT('',(-1.69602431528736E-5,0.,0.07));
#6589=CARTESIAN_POINT('',(-1.69602431528736E-5,0.,0.035));
#6590=CARTESIAN_POINT('',(-3.39204863057472E-5,0.,0.035));
#6591=CARTESIAN_POINT('',(0.00931689535456399,0.,0.035));
#6592=CARTESIAN_POINT('',(-1.69602431528736E-5,0.,0.035));
#6593=CARTESIAN_POINT('',(-0.0186677111954337,0.,0.035));
#6594=CARTESIAN_POINT('',(-1.69602431528736E-5,0.,0.035));
#6595=CARTESIAN_POINT('',(-0.0336125143272438,0.0335626113495483,0.12));
#6596=CARTESIAN_POINT('',(-0.0475,1.22464679914735E-19,0.12));
#6597=CARTESIAN_POINT('',(-0.033587572106361,-0.033587572106361,0.12));
#6598=CARTESIAN_POINT('',(2.1434343028425E-17,-0.0475,0.12));
#6599=CARTESIAN_POINT('',(0.0335626113495483,-0.0336125143272438,0.12));
#6600=CARTESIAN_POINT('',(0.0475,0.,0.12));
#6601=CARTESIAN_POINT('',(0.033587572106361,0.033587572106361,0.12));
#6602=CARTESIAN_POINT('',(8.14657372810723E-10,0.0475,0.12));
#6603=CARTESIAN_POINT('',(0.,0.,0.));
#6604=CARTESIAN_POINT('',(0.00870040086656809,0.,0.02));
#6605=CARTESIAN_POINT('',(0.,0.0205000098948579,0.02));
#6606=CARTESIAN_POINT('',(0.0015,0.0205000098948579,0.02));
#6607=CARTESIAN_POINT('',(0.,0.0104999901051422,0.02));
#6608=CARTESIAN_POINT('',(0.0015,0.0104999901051422,0.02));
#6609=CARTESIAN_POINT('',(0.,-0.0105,0.02));
#6610=CARTESIAN_POINT('',(0.0015,-0.0105,0.02));
#6611=CARTESIAN_POINT('',(0.,-0.0205000098948579,0.02));
#6612=CARTESIAN_POINT('',(0.0015,-0.0205000098948579,0.02));
#6613=CARTESIAN_POINT('',(-1.69602431528736E-5,0.,0.02));
#6614=CARTESIAN_POINT('',(-0.0400169602431529,0.,0.02));
#6615=CARTESIAN_POINT('',(-1.69602431528692E-5,0.,0.080843166392975));
#6616=CARTESIAN_POINT('',(-1.69602431528692E-5,0.,0.035));
#6617=CARTESIAN_POINT('',(0.0369033112254578,-0.0298322434135923,0.035));
#6618=CARTESIAN_POINT('',(0.0298340399571695,-0.036905107769035,0.035));
#6619=CARTESIAN_POINT('',(0.0353374558020904,-0.0282663879902249,0.03));
#6620=CARTESIAN_POINT('',(0.0358864759067004,-0.0288154080948349,0.0316497126500431));
#6621=CARTESIAN_POINT('',(0.0364084170051506,-0.0293373491932852,0.0333163860244206));
#6622=CARTESIAN_POINT('',(0.0369033112254578,-0.0298322434135923,0.035));
#6623=CARTESIAN_POINT('',(0.0353374558020904,-0.0282663879902249,0.03));
#6624=CARTESIAN_POINT('',(-1.69602431528692E-5,0.,0.03));
#6625=CARTESIAN_POINT('',(0.0282682729628865,-0.0353393407747521,0.03));
#6626=CARTESIAN_POINT('',(0.0282682729628865,-0.035339340774752,0.03));
#6627=CARTESIAN_POINT('',(0.0288172613269445,-0.03588832913881,0.0316497150255713));
#6628=CARTESIAN_POINT('',(0.0293391730530749,-0.0364102408649404,0.0333163883344081));
#6629=CARTESIAN_POINT('',(0.0298340399571694,-0.0369051077690349,0.035));
#6630=CARTESIAN_POINT('',(-1.69602431528692E-5,0.,0.035));
#6631=CARTESIAN_POINT('',(-0.0298492036567451,-0.0369202714686107,0.035));
#6632=CARTESIAN_POINT('',(-0.0369220680121878,-0.0298510002003224,0.035));
#6633=CARTESIAN_POINT('',(-0.0298492036567451,-0.0369202714686106,0.035));
#6634=CARTESIAN_POINT('',(-0.029354309436438,-0.0364253772483035,0.0333163860244206));
#6635=CARTESIAN_POINT('',(-0.0288323683379878,-0.0359034361498533,0.0316497126500431));
#6636=CARTESIAN_POINT('',(-0.0282833482333778,-0.0353544160452433,0.03));
#6637=CARTESIAN_POINT('',(-0.0282833482333778,-0.0353544160452433,0.03));
#6638=CARTESIAN_POINT('',(-1.69602431528692E-5,0.,0.03));
#6639=CARTESIAN_POINT('',(-0.0353563010179049,-0.0282852332060394,0.03));
#6640=CARTESIAN_POINT('',(-0.0369220680121878,-0.0298510002003223,0.035));
#6641=CARTESIAN_POINT('',(-0.0364272011080932,-0.0293561332962278,0.0333163883344081));
#6642=CARTESIAN_POINT('',(-0.0359052893819629,-0.0288342215700974,0.0316497150255713));
#6643=CARTESIAN_POINT('',(-0.0353563010179049,-0.0282852332060394,0.03));
#6644=CARTESIAN_POINT('',(-1.69602431528692E-5,0.,0.035));
#6645=CARTESIAN_POINT('',(-0.0472193880663457,-0.005,0.035));
#6646=CARTESIAN_POINT('',(-0.0472193880663457,0.005,0.035));
#6647=CARTESIAN_POINT('',(-0.0472193880663456,-0.005,0.035));
#6648=CARTESIAN_POINT('',(-0.0465179224993257,-0.005,0.0333125411056803));
#6649=CARTESIAN_POINT('',(-0.0457796396321717,-0.005,0.0316459608692089));
#6650=CARTESIAN_POINT('',(-0.0450049966963488,-0.005,0.03));
#6651=CARTESIAN_POINT('',(-0.0450049966963488,-0.005,0.03));
#6652=CARTESIAN_POINT('',(-1.69602431528692E-5,0.,0.03));
#6653=CARTESIAN_POINT('',(-0.0450049966963488,0.005,0.03));
#6654=CARTESIAN_POINT('',(-0.0472193880663456,0.005,0.035));
#6655=CARTESIAN_POINT('',(-0.0465179224993258,0.005,0.0333125411056803));
#6656=CARTESIAN_POINT('',(-0.0457796396321717,0.005,0.0316459608692089));
#6657=CARTESIAN_POINT('',(-0.0450049966963488,0.005,0.03));
#6658=CARTESIAN_POINT('',(-1.69602431528692E-5,0.,0.035));
#6659=CARTESIAN_POINT('',(-0.0369220680121878,0.0298510002003224,0.035));
#6660=CARTESIAN_POINT('',(-0.0298492036567452,0.0369202714686107,0.035));
#6661=CARTESIAN_POINT('',(-0.0369220680121878,0.0298510002003223,0.035));
#6662=CARTESIAN_POINT('',(-0.0364272011080933,0.0293561332962277,0.0333163883344081));
#6663=CARTESIAN_POINT('',(-0.0359052893819629,0.0288342215700974,0.0316497150255713));
#6664=CARTESIAN_POINT('',(-0.0353563010179049,0.0282852332060394,0.03));
#6665=CARTESIAN_POINT('',(-0.0353563010179049,0.0282852332060394,0.03));
#6666=CARTESIAN_POINT('',(-1.69602431528692E-5,0.,0.03));
#6667=CARTESIAN_POINT('',(-0.0282833482333778,0.0353544160452433,0.03));
#6668=CARTESIAN_POINT('',(-0.0298492036567452,0.0369202714686106,0.035));
#6669=CARTESIAN_POINT('',(-0.0293543094364381,0.0364253772483035,0.0333163860244206));
#6670=CARTESIAN_POINT('',(-0.0288323683379878,0.0359034361498532,0.0316497126500431));
#6671=CARTESIAN_POINT('',(-0.0282833482333778,0.0353544160452432,0.03));
#6672=CARTESIAN_POINT('',(-1.69602431528692E-5,0.,0.035));
#6673=CARTESIAN_POINT('',(0.0298340399571695,0.036905107769035,0.035));
#6674=CARTESIAN_POINT('',(0.0369033112254578,0.0298322434135923,0.035));
#6675=CARTESIAN_POINT('',(0.0282682729628865,0.035339340774752,0.03));
#6676=CARTESIAN_POINT('',(0.0288172613269445,0.03588832913881,0.0316497150255713));
#6677=CARTESIAN_POINT('',(0.0293391730530749,0.0364102408649404,0.0333163883344081));
#6678=CARTESIAN_POINT('',(0.0298340399571695,0.0369051077690349,0.035));
#6679=CARTESIAN_POINT('',(0.0282682729628865,0.0353393407747521,0.03));
#6680=CARTESIAN_POINT('',(-1.69602431528692E-5,0.,0.03));
#6681=CARTESIAN_POINT('',(0.0353374558020904,0.0282663879902249,0.03));
#6682=CARTESIAN_POINT('',(0.0353374558020904,0.0282663879902249,0.03));
#6683=CARTESIAN_POINT('',(0.0358864759067004,0.0288154080948349,0.0316497126500431));
#6684=CARTESIAN_POINT('',(0.0364084170051507,0.0293373491932852,0.0333163860244206));
#6685=CARTESIAN_POINT('',(0.0369033112254578,0.0298322434135923,0.035));
#6686=CARTESIAN_POINT('',(-1.69602431528692E-5,0.,0.035));
#6687=CARTESIAN_POINT('',(0.0471854675800399,0.005,0.035));
#6688=CARTESIAN_POINT('',(0.0471854675800399,-0.005,0.035));
#6689=CARTESIAN_POINT('',(0.044971076210043,0.005,0.03));
#6690=CARTESIAN_POINT('',(0.0457481009980034,0.005,0.031651021827275));
#6691=CARTESIAN_POINT('',(0.0464861545993296,0.005,0.033317719408201));
#6692=CARTESIAN_POINT('',(0.0471854675800399,0.005,0.035));
#6693=CARTESIAN_POINT('',(0.0449710762100431,0.005,0.03));
#6694=CARTESIAN_POINT('',(-1.69602431528692E-5,0.,0.03));
#6695=CARTESIAN_POINT('',(0.0449710762100431,-0.005,0.03));
#6696=CARTESIAN_POINT('',(0.044971076210043,-0.005,0.03));
#6697=CARTESIAN_POINT('',(0.0457481009980034,-0.005,0.031651021827275));
#6698=CARTESIAN_POINT('',(0.0464861545993296,-0.005,0.033317719408201));
#6699=CARTESIAN_POINT('',(0.0471854675800399,-0.005,0.035));
#6700=CARTESIAN_POINT('',(-1.69602431528736E-5,0.,0.12));
#6701=CARTESIAN_POINT('',(-0.0500169602431529,0.,0.12));
#6702=CARTESIAN_POINT('',(0.0498830397568471,0.,0.12));
#6703=CARTESIAN_POINT('',(-1.69602431528736E-5,0.,0.12));
#6704=CARTESIAN_POINT('',(-0.0498169602431529,0.,0.12));
#6705=CARTESIAN_POINT('',(-1.69602431528736E-5,0.,0.12));
#6706=CARTESIAN_POINT('',(-1.69602431528736E-5,0.,0.119));
#6707=CARTESIAN_POINT('',(-0.0499431089027361,0.,0.119));
#6708=CARTESIAN_POINT('',(0.0496591884164303,0.,0.119));
#6709=CARTESIAN_POINT('',(-1.69602431528736E-5,0.,0.119));
#6710=CARTESIAN_POINT('',(-0.0494431089027361,0.,0.119));
#6711=CARTESIAN_POINT('',(-1.69602431528692E-5,0.,0.0810408924980712));
#6712=CARTESIAN_POINT('',(0.0345739468242742,-0.0275028790124087,0.03));
#6713=CARTESIAN_POINT('',(0.0351257037727939,-0.0280546359609285,0.0316496018061143));
#6714=CARTESIAN_POINT('',(0.0356503438191373,-0.0285792760072719,0.0333162759341337));
#6715=CARTESIAN_POINT('',(0.0361479025171276,-0.0290768347052621,0.035));
#6716=CARTESIAN_POINT('',(0.0345739468242742,-0.0275028790124088,0.03));
#6717=CARTESIAN_POINT('',(0.0361479025171276,-0.0290768347052622,0.035));
#6718=CARTESIAN_POINT('',(-1.69602431528692E-5,0.,0.035));
#6719=CARTESIAN_POINT('',(0.0290786728495061,-0.0361497406613716,0.035));
#6720=CARTESIAN_POINT('',(0.027504810337699,-0.0345758781495645,0.03));
#6721=CARTESIAN_POINT('',(0.0280565338115989,-0.0351276016234644,0.0316496043362778));
#6722=CARTESIAN_POINT('',(0.0285811429128306,-0.0356522107246961,0.0333162783913086));
#6723=CARTESIAN_POINT('',(0.0290786728495061,-0.0361497406613716,0.035));
#6724=CARTESIAN_POINT('',(0.027504810337699,-0.0345758781495644,0.03));
#6725=CARTESIAN_POINT('',(-1.69602431528692E-5,0.,0.03));
#6726=CARTESIAN_POINT('',(-0.029093794948415,-0.0361648627602805,0.035));
#6727=CARTESIAN_POINT('',(-0.0285962362504247,-0.0356673040622902,0.0333162759341337));
#6728=CARTESIAN_POINT('',(-0.0280715962040813,-0.0351426640159468,0.0316496018061143));
#6729=CARTESIAN_POINT('',(-0.0275198392555616,-0.0345909070674271,0.03));
#6730=CARTESIAN_POINT('',(-0.029093794948415,-0.0361648627602805,0.035));
#6731=CARTESIAN_POINT('',(-0.0275198392555616,-0.0345909070674271,0.03));
#6732=CARTESIAN_POINT('',(-1.69602431528692E-5,0.,0.035));
#6733=CARTESIAN_POINT('',(-0.0361667009045245,-0.029095633092659,0.035));
#6734=CARTESIAN_POINT('',(-0.0361667009045244,-0.029095633092659,0.035));
#6735=CARTESIAN_POINT('',(-0.035669170967849,-0.0285981031559835,0.0333162783913086));
#6736=CARTESIAN_POINT('',(-0.0351445618666173,-0.0280734940547518,0.0316496043362778));
#6737=CARTESIAN_POINT('',(-0.0345928383927173,-0.0275217705808519,0.03));
#6738=CARTESIAN_POINT('',(-0.0345928383927173,-0.0275217705808519,0.03));
#6739=CARTESIAN_POINT('',(-1.69602431528692E-5,0.,0.03));
#6740=CARTESIAN_POINT('',(-0.0461511082784971,-0.005,0.035));
#6741=CARTESIAN_POINT('',(-0.0454457321467682,-0.005,0.0333121081755464));
#6742=CARTESIAN_POINT('',(-0.0447036198960496,-0.005,0.0316455369287659));
#6743=CARTESIAN_POINT('',(-0.0439252647619859,-0.005,0.03));
#6744=CARTESIAN_POINT('',(-0.0461511082784971,-0.005,0.035));
#6745=CARTESIAN_POINT('',(-0.0439252647619859,-0.005,0.03));
#6746=CARTESIAN_POINT('',(-1.69602431528692E-5,0.,0.035));
#6747=CARTESIAN_POINT('',(-0.0461511082784971,0.005,0.035));
#6748=CARTESIAN_POINT('',(-0.0461511082784971,0.005,0.035));
#6749=CARTESIAN_POINT('',(-0.0454457321467682,0.005,0.0333121081755464));
#6750=CARTESIAN_POINT('',(-0.0447036198960496,0.005,0.0316455369287659));
#6751=CARTESIAN_POINT('',(-0.0439252647619859,0.005,0.03));
#6752=CARTESIAN_POINT('',(-0.0439252647619859,0.005,0.03));
#6753=CARTESIAN_POINT('',(-1.69602431528692E-5,0.,0.03));
#6754=CARTESIAN_POINT('',(-0.0361667009045245,0.029095633092659,0.035));
#6755=CARTESIAN_POINT('',(-0.035669170967849,0.0285981031559835,0.0333162783913086));
#6756=CARTESIAN_POINT('',(-0.0351445618666173,0.0280734940547518,0.0316496043362778));
#6757=CARTESIAN_POINT('',(-0.0345928383927173,0.0275217705808518,0.03));
#6758=CARTESIAN_POINT('',(-0.0361667009045245,0.029095633092659,0.035));
#6759=CARTESIAN_POINT('',(-0.0345928383927173,0.0275217705808519,0.03));
#6760=CARTESIAN_POINT('',(-1.69602431528692E-5,0.,0.035));
#6761=CARTESIAN_POINT('',(-0.029093794948415,0.0361648627602804,0.035));
#6762=CARTESIAN_POINT('',(-0.029093794948415,0.0361648627602804,0.035));
#6763=CARTESIAN_POINT('',(-0.0285962362504248,0.0356673040622902,0.0333162759341337));
#6764=CARTESIAN_POINT('',(-0.0280715962040814,0.0351426640159468,0.0316496018061143));
#6765=CARTESIAN_POINT('',(-0.0275198392555616,0.0345909070674271,0.03));
#6766=CARTESIAN_POINT('',(-0.0275198392555616,0.0345909070674271,0.03));
#6767=CARTESIAN_POINT('',(-1.69602431528692E-5,0.,0.03));
#6768=CARTESIAN_POINT('',(0.027504810337699,0.0345758781495644,0.03));
#6769=CARTESIAN_POINT('',(0.0280565338115989,0.0351276016234644,0.0316496043362778));
#6770=CARTESIAN_POINT('',(0.0285811429128307,0.0356522107246961,0.0333162783913086));
#6771=CARTESIAN_POINT('',(0.0290786728495061,0.0361497406613716,0.035));
#6772=CARTESIAN_POINT('',(0.027504810337699,0.0345758781495644,0.03));
#6773=CARTESIAN_POINT('',(0.0290786728495061,0.0361497406613716,0.035));
#6774=CARTESIAN_POINT('',(-1.69602431528692E-5,0.,0.035));
#6775=CARTESIAN_POINT('',(0.0361479025171276,0.0290768347052621,0.035));
#6776=CARTESIAN_POINT('',(0.0345739468242742,0.0275028790124087,0.03));
#6777=CARTESIAN_POINT('',(0.035125703772794,0.0280546359609285,0.0316496018061143));
#6778=CARTESIAN_POINT('',(0.0356503438191374,0.0285792760072719,0.0333162759341337));
#6779=CARTESIAN_POINT('',(0.0361479025171276,0.0290768347052621,0.035));
#6780=CARTESIAN_POINT('',(0.0345739468242742,0.0275028790124088,0.03));
#6781=CARTESIAN_POINT('',(-1.69602431528692E-5,0.,0.03));
#6782=CARTESIAN_POINT('',(0.0438913442756801,0.005,0.03));
#6783=CARTESIAN_POINT('',(0.0446724846177163,0.005,0.0316514251954098));
#6784=CARTESIAN_POINT('',(0.0454143290673718,0.005,0.0333181320688281));
#6785=CARTESIAN_POINT('',(0.0461171877921913,0.005,0.035));
#6786=CARTESIAN_POINT('',(0.0438913442756802,0.005,0.03));
#6787=CARTESIAN_POINT('',(0.0461171877921914,0.005,0.035));
#6788=CARTESIAN_POINT('',(-1.69602431528692E-5,0.,0.035));
#6789=CARTESIAN_POINT('',(0.0461171877921914,-0.005,0.035));
#6790=CARTESIAN_POINT('',(0.0438913442756801,-0.005,0.03));
#6791=CARTESIAN_POINT('',(0.0446724846177163,-0.005,0.0316514251954098));
#6792=CARTESIAN_POINT('',(0.0454143290673718,-0.005,0.0333181320688281));
#6793=CARTESIAN_POINT('',(0.0461171877921914,-0.005,0.035));
#6794=CARTESIAN_POINT('',(0.0438913442756802,-0.005,0.03));
#6795=CARTESIAN_POINT('',(-1.69602431528692E-5,0.,0.03));
#6796=CARTESIAN_POINT('',(-1.69602431528736E-5,0.,0.021));
#6797=CARTESIAN_POINT('',(-0.0395044674364706,0.,0.021));
#6798=CARTESIAN_POINT('',(0.019726793353506,0.,0.021));
#6799=CARTESIAN_POINT('',(-0.0142753882390454,-0.0229496870885868,0.021));
#6800=CARTESIAN_POINT('',(-0.0152753882390454,-0.0229496870885868,0.021));
#6801=CARTESIAN_POINT('',(0.0142493755038857,-0.0229711376114199,0.021));
#6802=CARTESIAN_POINT('',(0.0132493755038857,-0.0229711376114199,0.021));
#6803=CARTESIAN_POINT('',(0.0205994285687923,0.0131495155932665,0.021));
#6804=CARTESIAN_POINT('',(0.0195994285687923,0.0131495155932665,0.021));
#6805=CARTESIAN_POINT('',(-0.0120255017788053,0.0149750415540099,0.021));
#6806=CARTESIAN_POINT('',(-0.0130255017788053,0.0149750415540099,0.021));
#6807=CARTESIAN_POINT('',(0.,0.,0.035));
#6808=CARTESIAN_POINT('',(0.0360355339059327,-0.005,0.035));
#6809=CARTESIAN_POINT('',(0.0360355339059327,0.005,0.035));
#6810=CARTESIAN_POINT('',(0.,0.,0.03));
#6811=CARTESIAN_POINT('',(0.0360355339059327,0.005,0.03));
#6812=CARTESIAN_POINT('',(0.0360355339059327,-0.005,0.03));
#6813=CARTESIAN_POINT('',(0.0360355339059327,-0.005,0.035));
#6814=CARTESIAN_POINT('',(0.0360355339059327,0.005,0.035));
#6815=CARTESIAN_POINT('',(0.,0.,0.035));
#6816=CARTESIAN_POINT('',(0.0307842712474619,0.0237132034355964,0.035));
#6817=CARTESIAN_POINT('',(0.0212132034355965,0.0282842712474619,0.035));
#6818=CARTESIAN_POINT('',(0.,0.,0.03));
#6819=CARTESIAN_POINT('',(0.0212132034355965,0.0282842712474619,0.03));
#6820=CARTESIAN_POINT('',(0.0307842712474619,0.0237132034355964,0.03));
#6821=CARTESIAN_POINT('',(0.0212132034355965,0.0282842712474619,0.035));
#6822=CARTESIAN_POINT('',(0.0307842712474619,0.0237132034355964,0.035));
#6823=CARTESIAN_POINT('',(0.,0.,0.03));
#6824=CARTESIAN_POINT('',(-0.0307842712474619,0.0237132034355964,0.03));
#6825=CARTESIAN_POINT('',(-0.0212132034355965,0.0282842712474619,0.03));
#6826=CARTESIAN_POINT('',(0.,0.,0.035));
#6827=CARTESIAN_POINT('',(-0.0212132034355965,0.0282842712474619,0.035));
#6828=CARTESIAN_POINT('',(-0.0307842712474619,0.0237132034355964,0.035));
#6829=CARTESIAN_POINT('',(-0.0307842712474619,0.0237132034355964,0.035));
#6830=CARTESIAN_POINT('',(-0.0212132034355965,0.0282842712474619,0.035));
#6831=CARTESIAN_POINT('',(0.,0.,0.03));
#6832=CARTESIAN_POINT('',(-0.0360355339059327,-0.005,0.03));
#6833=CARTESIAN_POINT('',(-0.0360355339059327,0.005,0.03));
#6834=CARTESIAN_POINT('',(0.,0.,0.035));
#6835=CARTESIAN_POINT('',(-0.0360355339059327,0.005,0.035));
#6836=CARTESIAN_POINT('',(-0.0360355339059327,-0.005,0.035));
#6837=CARTESIAN_POINT('',(-0.0360355339059327,-0.005,0.035));
#6838=CARTESIAN_POINT('',(-0.0360355339059327,0.005,0.035));
#6839=CARTESIAN_POINT('',(0.,0.,0.03));
#6840=CARTESIAN_POINT('',(-0.0212132034355964,-0.0282842712474619,0.03));
#6841=CARTESIAN_POINT('',(-0.0307842712474619,-0.0237132034355964,0.03));
#6842=CARTESIAN_POINT('',(0.,0.,0.035));
#6843=CARTESIAN_POINT('',(-0.0307842712474619,-0.0237132034355964,0.035));
#6844=CARTESIAN_POINT('',(-0.0212132034355964,-0.0282842712474619,0.035));
#6845=CARTESIAN_POINT('',(-0.0212132034355964,-0.0282842712474619,0.035));
#6846=CARTESIAN_POINT('',(-0.0307842712474619,-0.0237132034355964,0.035));
#6847=CARTESIAN_POINT('',(0.0212132034355964,-0.0282842712474619,0.035));
#6848=CARTESIAN_POINT('',(0.0212132034355964,-0.0282842712474619,0.03));
#6849=CARTESIAN_POINT('',(0.0212132034355964,-0.0282842712474619,0.035));
#6850=CARTESIAN_POINT('',(0.0307842712474619,-0.0237132034355964,0.035));
#6851=CARTESIAN_POINT('',(0.0307842712474619,-0.0237132034355964,0.035));
#6852=CARTESIAN_POINT('',(0.0307842712474619,-0.0237132034355964,0.03));
#6853=CARTESIAN_POINT('',(0.,0.,0.035));
#6854=CARTESIAN_POINT('',(0.,0.,0.03));
#6855=CARTESIAN_POINT('',(-0.0120255017788053,0.0149750415540099,0.02));
#6856=CARTESIAN_POINT('',(-0.0120255017788053,0.0149750415540099,0.03));
#6857=CARTESIAN_POINT('',(-0.0110255017788053,0.0149750415540099,0.03));
#6858=CARTESIAN_POINT('',(0.,0.,0.03));
#6859=CARTESIAN_POINT('',(0.0205994285687923,0.0131495155932665,0.02));
#6860=CARTESIAN_POINT('',(0.0205994285687923,0.0131495155932665,0.03));
#6861=CARTESIAN_POINT('',(0.0215994285687924,0.0131495155932665,0.03));
#6862=CARTESIAN_POINT('',(0.,0.,0.03));
#6863=CARTESIAN_POINT('',(0.0142493755038857,-0.0229711376114199,0.02));
#6864=CARTESIAN_POINT('',(0.0142493755038857,-0.0229711376114199,0.03));
#6865=CARTESIAN_POINT('',(0.0152493755038857,-0.0229711376114199,0.03));
#6866=CARTESIAN_POINT('',(0.,0.,0.03));
#6867=CARTESIAN_POINT('',(-0.0142753882390454,-0.0229496870885868,0.02));
#6868=CARTESIAN_POINT('',(-0.0142753882390454,-0.0229496870885868,0.03));
#6869=CARTESIAN_POINT('',(-0.0132753882390454,-0.0229496870885868,0.03));
#6870=CARTESIAN_POINT('',(0.,0.,0.03));
#6871=CARTESIAN_POINT('',(0.,-0.0205000098948579,0.02));
#6872=CARTESIAN_POINT('',(0.,-0.0205000098948579,0.01));
#6873=CARTESIAN_POINT('',(0.0015,-0.0205000098948579,0.01));
#6874=CARTESIAN_POINT('',(0.,0.,0.01));
#6875=CARTESIAN_POINT('',(0.,-0.0105,0.02));
#6876=CARTESIAN_POINT('',(0.,-0.0105,0.01));
#6877=CARTESIAN_POINT('',(0.0015,-0.0105,0.01));
#6878=CARTESIAN_POINT('',(0.,0.,0.01));
#6879=CARTESIAN_POINT('',(0.,0.0104999901051422,0.02));
#6880=CARTESIAN_POINT('',(0.,0.0104999901051422,0.01));
#6881=CARTESIAN_POINT('',(0.0015,0.0104999901051422,0.01));
#6882=CARTESIAN_POINT('',(0.,0.,0.01));
#6883=CARTESIAN_POINT('',(0.,0.0205000098948579,0.02));
#6884=CARTESIAN_POINT('',(0.,0.0205000098948579,0.01));
#6885=CARTESIAN_POINT('',(0.0015,0.0205000098948579,0.01));
#6886=CARTESIAN_POINT('',(0.,0.,0.01));
#6887=CARTESIAN_POINT('',(0.,0.,0.));
#6888=CARTESIAN_POINT('',(6.93889390390723E-18,6.93889390390723E-18,0.005));
#6889=CARTESIAN_POINT('',(-0.0295,-4.47303618463601E-17,0.005));
#6890=CARTESIAN_POINT('',(-0.0285,-4.47303618463601E-17,0.005));
#6891=CARTESIAN_POINT('',(0.0296,-2.43473610036326E-17,0.005));
#6892=CARTESIAN_POINT('',(0.0306,-2.43473610036326E-17,0.005));
#6893=CARTESIAN_POINT('',(0.00239999999999997,-4.03935531564181E-17,0.005));
#6894=CARTESIAN_POINT('',(0.00339999999999997,-4.03935531564181E-17,0.005));
#6895=CARTESIAN_POINT('',(-0.00229999999999997,-3.51893827284877E-17,0.005));
#6896=CARTESIAN_POINT('',(-0.00129999999999997,-3.51893827284877E-17,0.005));
#6897=CARTESIAN_POINT('',(0.0047,-0.00327500000000004,0.005));
#6898=CARTESIAN_POINT('',(0.0047,-0.0059,0.005));
#6899=CARTESIAN_POINT('',(0.0047,0.0059,0.005));
#6900=CARTESIAN_POINT('',(0.021575,0.0059,0.005));
#6901=CARTESIAN_POINT('',(0.0272,0.0059,0.005));
#6902=CARTESIAN_POINT('',(0.0272,-2.51534904016637E-17,0.005));
#6903=CARTESIAN_POINT('',(0.0272,-0.0059,0.005));
#6904=CARTESIAN_POINT('',(0.021575,-0.0059,0.005));
#6905=CARTESIAN_POINT('',(-0.021575,0.0059,0.005));
#6906=CARTESIAN_POINT('',(-0.0272,0.0059,0.005));
#6907=CARTESIAN_POINT('',(-0.0047,0.0059,0.005));
#6908=CARTESIAN_POINT('',(-0.0047,-3.46944695195361E-17,0.005));
#6909=CARTESIAN_POINT('',(-0.0047,-0.0059,0.005));
#6910=CARTESIAN_POINT('',(-0.021575,-0.0059,0.005));
#6911=CARTESIAN_POINT('',(-0.0272,-0.0059,0.005));
#6912=CARTESIAN_POINT('',(-0.0272,-0.00290000000000005,0.005));
#6913=CARTESIAN_POINT('',(0.0296,0.0309,0.005));
#6914=CARTESIAN_POINT('',(0.0306,0.0309,0.005));
#6915=CARTESIAN_POINT('',(-0.0295,0.0309,0.005));
#6916=CARTESIAN_POINT('',(-0.0285,0.0309,0.005));
#6917=CARTESIAN_POINT('',(-0.0296,-0.0309,0.005));
#6918=CARTESIAN_POINT('',(-0.0286,-0.0309,0.005));
#6919=CARTESIAN_POINT('',(0.0295,-0.0309,0.005));
#6920=CARTESIAN_POINT('',(0.0305,-0.0309,0.005));
#6921=CARTESIAN_POINT('',(-0.00471927451195051,6.93889390390723E-18,0.005));
#6922=CARTESIAN_POINT('',(-0.00470481862798763,-0.025,0.00499954099394381));
#6923=CARTESIAN_POINT('',(-0.00471927451195051,-0.006,0.005));
#6924=CARTESIAN_POINT('',(6.93889390390723E-18,-0.006,0.005));
#6925=CARTESIAN_POINT('',(0.00470040086656809,-0.006,0.005));
#6926=CARTESIAN_POINT('',(0.00470040086656809,-0.025,0.005));
#6927=CARTESIAN_POINT('',(0.00470033350286119,-0.025,0.00499978087932768));
#6928=CARTESIAN_POINT('',(0.021575,-0.025,0.005));
#6929=CARTESIAN_POINT('',(0.0272,-0.025,0.005));
#6930=CARTESIAN_POINT('',(0.0272,-0.027625,0.005));
#6931=CARTESIAN_POINT('',(0.0272,-0.0358,0.005));
#6932=CARTESIAN_POINT('',(6.93889390390723E-18,-0.0358,0.005));
#6933=CARTESIAN_POINT('',(0.0309,-0.0358,0.005));
#6934=CARTESIAN_POINT('',(0.0309,-0.02,0.005));
#6935=CARTESIAN_POINT('',(0.0309,-0.021,0.005));
#6936=CARTESIAN_POINT('',(0.01595,-0.021,0.005));
#6937=CARTESIAN_POINT('',(0.01695,-0.021,0.005));
#6938=CARTESIAN_POINT('',(0.01695,-0.019,0.005));
#6939=CARTESIAN_POINT('',(0.01495,-0.019,0.005));
#6940=CARTESIAN_POINT('',(0.01495,-5.93846571092593E-18,0.005));
#6941=CARTESIAN_POINT('',(0.01495,-0.0119,0.005));
#6942=CARTESIAN_POINT('',(0.01695,-0.0119,0.005));
#6943=CARTESIAN_POINT('',(0.0186820508075689,-0.0109,0.005));
#6944=CARTESIAN_POINT('',(0.023925,-0.0109,0.005));
#6945=CARTESIAN_POINT('',(0.0319,-0.0109,0.005));
#6946=CARTESIAN_POINT('',(0.0319,0.0084,0.005));
#6947=CARTESIAN_POINT('',(0.0319,0.0109,0.005));
#6948=CARTESIAN_POINT('',(0.023925,0.0109,0.005));
#6949=CARTESIAN_POINT('',(0.0186820508075689,0.0109,0.005));
#6950=CARTESIAN_POINT('',(0.01695,0.0119,0.005));
#6951=CARTESIAN_POINT('',(0.01495,0.0119,0.005));
#6952=CARTESIAN_POINT('',(0.01495,6.93889390390723E-18,0.005));
#6953=CARTESIAN_POINT('',(0.01495,0.019,0.005));
#6954=CARTESIAN_POINT('',(0.01695,0.019,0.005));
#6955=CARTESIAN_POINT('',(0.01695,0.021,0.005));
#6956=CARTESIAN_POINT('',(6.93889390390723E-18,0.021,0.005));
#6957=CARTESIAN_POINT('',(0.0309,0.021,0.005));
#6958=CARTESIAN_POINT('',(0.0309,0.0368,0.005));
#6959=CARTESIAN_POINT('',(0.0309,0.0358,0.005));
#6960=CARTESIAN_POINT('',(6.93889390390723E-18,0.0358,0.005));
#6961=CARTESIAN_POINT('',(0.0272,0.0358,0.005));
#6962=CARTESIAN_POINT('',(0.0272,0.0309,0.005));
#6963=CARTESIAN_POINT('',(0.0272,0.025,0.005));
#6964=CARTESIAN_POINT('',(0.021575,0.025,0.005));
#6965=CARTESIAN_POINT('',(0.0047003335028612,0.025,0.00499978087932768));
#6966=CARTESIAN_POINT('',(0.00470040086656809,0.006,0.005));
#6967=CARTESIAN_POINT('',(0.00470040086656809,0.006,0.005));
#6968=CARTESIAN_POINT('',(6.93889390390723E-18,0.006,0.005));
#6969=CARTESIAN_POINT('',(-0.00471927451195051,0.006,0.005));
#6970=CARTESIAN_POINT('',(-0.00471927451195051,6.93889390390723E-18,0.005));
#6971=CARTESIAN_POINT('',(-0.00470481862798761,0.025,0.00499954099394381));
#6972=CARTESIAN_POINT('',(-0.021575,0.025,0.005));
#6973=CARTESIAN_POINT('',(-0.0272,0.025,0.005));
#6974=CARTESIAN_POINT('',(-0.0272,0.028,0.005));
#6975=CARTESIAN_POINT('',(-0.0272,0.0358,0.005));
#6976=CARTESIAN_POINT('',(6.93889390390723E-18,0.0358,0.005));
#6977=CARTESIAN_POINT('',(-0.0309,0.0358,0.005));
#6978=CARTESIAN_POINT('',(-0.0309,0.02,0.005));
#6979=CARTESIAN_POINT('',(-0.0309,0.021,0.005));
#6980=CARTESIAN_POINT('',(-0.01595,0.021,0.005));
#6981=CARTESIAN_POINT('',(-0.01695,0.021,0.005));
#6982=CARTESIAN_POINT('',(-0.01695,0.019,0.005));
#6983=CARTESIAN_POINT('',(-0.01495,0.019,0.005));
#6984=CARTESIAN_POINT('',(-0.01495,0.0109,0.005));
#6985=CARTESIAN_POINT('',(-0.01495,0.0119,0.005));
#6986=CARTESIAN_POINT('',(-0.01695,0.0119,0.005));
#6987=CARTESIAN_POINT('',(-0.0186820508075689,0.0109,0.005));
#6988=CARTESIAN_POINT('',(-0.023925,0.0109,0.005));
#6989=CARTESIAN_POINT('',(-0.0319,0.0109,0.005));
#6990=CARTESIAN_POINT('',(-0.0319,0.0084,0.005));
#6991=CARTESIAN_POINT('',(-0.0319,-0.0109,0.005));
#6992=CARTESIAN_POINT('',(-0.023925,-0.0109,0.005));
#6993=CARTESIAN_POINT('',(-0.0186820508075689,-0.0109,0.005));
#6994=CARTESIAN_POINT('',(-0.01695,-0.0119,0.005));
#6995=CARTESIAN_POINT('',(-0.01495,-0.0119,0.005));
#6996=CARTESIAN_POINT('',(-0.01495,-0.02,0.005));
#6997=CARTESIAN_POINT('',(-0.01495,-0.019,0.005));
#6998=CARTESIAN_POINT('',(-0.01695,-0.019,0.005));
#6999=CARTESIAN_POINT('',(-0.01695,-0.021,0.005));
#7000=CARTESIAN_POINT('',(6.93889390390723E-18,-0.021,0.005));
#7001=CARTESIAN_POINT('',(-0.0309,-0.021,0.005));
#7002=CARTESIAN_POINT('',(-0.0309,-0.0368,0.005));
#7003=CARTESIAN_POINT('',(-0.0309,-0.0358,0.005));
#7004=CARTESIAN_POINT('',(6.93889390390723E-18,-0.0358,0.005));
#7005=CARTESIAN_POINT('',(-0.0272,-0.0358,0.005));
#7006=CARTESIAN_POINT('',(-0.0272,-0.0309,0.005));
#7007=CARTESIAN_POINT('',(-0.0272,-0.025,0.005));
#7008=CARTESIAN_POINT('',(-0.021575,-0.025,0.005));
#7009=CARTESIAN_POINT('',(6.93889390390723E-18,6.93889390390723E-18,0.005));
#7010=CARTESIAN_POINT('',(0.00239999999999996,0.0309,0.005));
#7011=CARTESIAN_POINT('',(0.00339999999999996,0.0309,0.005));
#7012=CARTESIAN_POINT('',(-0.0023,0.0309,0.005));
#7013=CARTESIAN_POINT('',(-0.0013,0.0309,0.005));
#7014=CARTESIAN_POINT('',(-0.0047,0.0309,0.005));
#7015=CARTESIAN_POINT('',(-0.0047,0.0358,0.005));
#7016=CARTESIAN_POINT('',(6.93889390390723E-18,0.025,0.005));
#7017=CARTESIAN_POINT('',(0.0047,0.027625,0.005));
#7018=CARTESIAN_POINT('',(0.0047,0.0358,0.005));
#7019=CARTESIAN_POINT('',(6.93889390390723E-18,0.0358,0.005));
#7020=CARTESIAN_POINT('',(6.93889390390723E-18,6.93889390390723E-18,0.));
#7021=CARTESIAN_POINT('',(0.0309,6.93889390390723E-18,0.));
#7022=CARTESIAN_POINT('',(0.0309,0.0358,0.));
#7023=CARTESIAN_POINT('',(0.0309,0.0324198684153571,0.));
#7024=CARTESIAN_POINT('',(0.0296,0.0309,0.));
#7025=CARTESIAN_POINT('',(0.0282,0.0323282856857086,0.));
#7026=CARTESIAN_POINT('',(0.0282,0.0368,0.));
#7027=CARTESIAN_POINT('',(0.0282,0.0358,0.));
#7028=CARTESIAN_POINT('',(0.0319,0.0358,0.));
#7029=CARTESIAN_POINT('',(6.93889390390723E-18,6.93889390390723E-18,0.));
#7030=CARTESIAN_POINT('',(-0.0282,-9.36750677027482E-18,0.));
#7031=CARTESIAN_POINT('',(-0.0282,0.0358,0.));
#7032=CARTESIAN_POINT('',(-0.0282,0.0324198684153571,0.));
#7033=CARTESIAN_POINT('',(-0.0295,0.0309,0.));
#7034=CARTESIAN_POINT('',(-0.0309,0.0323282856857086,0.));
#7035=CARTESIAN_POINT('',(-0.0309,6.93889390390723E-18,0.));
#7036=CARTESIAN_POINT('',(-0.0309,0.0358,0.));
#7037=CARTESIAN_POINT('',(-0.0272,0.0358,0.));
#7038=CARTESIAN_POINT('',(6.93889390390723E-18,6.93889390390723E-18,0.));
#7039=CARTESIAN_POINT('',(-0.0309,6.93889390390723E-18,0.));
#7040=CARTESIAN_POINT('',(-0.0309,-0.0358,0.));
#7041=CARTESIAN_POINT('',(-0.0309,-0.0324198684153571,0.));
#7042=CARTESIAN_POINT('',(-0.0296,-0.0309,0.));
#7043=CARTESIAN_POINT('',(-0.0282,-0.0323282856857086,0.));
#7044=CARTESIAN_POINT('',(-0.0282,-0.0368,0.));
#7045=CARTESIAN_POINT('',(-0.0282,-0.0358,0.));
#7046=CARTESIAN_POINT('',(-0.0319,-0.0358,0.));
#7047=CARTESIAN_POINT('',(6.93889390390723E-18,6.93889390390723E-18,0.));
#7048=CARTESIAN_POINT('',(-0.01695,0.0119,0.));
#7049=CARTESIAN_POINT('',(-0.01495,0.0119,0.));
#7050=CARTESIAN_POINT('',(-0.01695,0.0099,0.));
#7051=CARTESIAN_POINT('',(-0.01495,6.93889390390723E-18,0.));
#7052=CARTESIAN_POINT('',(-0.01495,0.019,0.));
#7053=CARTESIAN_POINT('',(-0.01695,0.019,0.));
#7054=CARTESIAN_POINT('',(-0.01695,0.021,0.));
#7055=CARTESIAN_POINT('',(-2.19695386926216E-18,0.021,0.));
#7056=CARTESIAN_POINT('',(-0.0309,0.021,0.));
#7057=CARTESIAN_POINT('',(-0.0309,6.93889390390723E-18,0.));
#7058=CARTESIAN_POINT('',(-0.0309,0.0294717143142914,0.));
#7059=CARTESIAN_POINT('',(-0.0295,0.0309,0.));
#7060=CARTESIAN_POINT('',(-0.0282,0.0293801315846429,0.));
#7061=CARTESIAN_POINT('',(-0.0282,-9.36750677027482E-18,0.));
#7062=CARTESIAN_POINT('',(-0.0282,0.024,0.));
#7063=CARTESIAN_POINT('',(-4.62592926927138E-19,0.024,0.));
#7064=CARTESIAN_POINT('',(-0.0037,0.024,0.));
#7065=CARTESIAN_POINT('',(-0.0037,0.0368,0.));
#7066=CARTESIAN_POINT('',(-0.0037,0.0294717143142915,0.));
#7067=CARTESIAN_POINT('',(-0.0023,0.0309,0.));
#7068=CARTESIAN_POINT('',(-0.0037,0.0323282856857086,0.));
#7069=CARTESIAN_POINT('',(-0.0037,0.0368,0.));
#7070=CARTESIAN_POINT('',(-0.0037,0.0358,0.));
#7071=CARTESIAN_POINT('',(0.0047,0.0358,0.));
#7072=CARTESIAN_POINT('',(0.0037,0.0358,0.));
#7073=CARTESIAN_POINT('',(0.0037,8.16146092507183E-18,0.));
#7074=CARTESIAN_POINT('',(0.0037,0.0324198684153571,0.));
#7075=CARTESIAN_POINT('',(0.00239999999999996,0.0309,0.));
#7076=CARTESIAN_POINT('',(0.0037,0.029380131584643,0.));
#7077=CARTESIAN_POINT('',(0.0037,8.16146092507183E-18,0.));
#7078=CARTESIAN_POINT('',(0.0037,0.024,0.));
#7079=CARTESIAN_POINT('',(-7.86407975776151E-18,0.024,0.));
#7080=CARTESIAN_POINT('',(0.0282,0.024,0.));
#7081=CARTESIAN_POINT('',(0.0282,0.0368,0.));
#7082=CARTESIAN_POINT('',(0.0282,0.0294717143142915,0.));
#7083=CARTESIAN_POINT('',(0.0296,0.0309,0.));
#7084=CARTESIAN_POINT('',(0.0309,0.0293801315846429,0.));
#7085=CARTESIAN_POINT('',(0.0309,6.93889390390723E-18,0.));
#7086=CARTESIAN_POINT('',(0.0309,0.021,0.));
#7087=CARTESIAN_POINT('',(0.01595,0.021,0.));
#7088=CARTESIAN_POINT('',(0.01695,0.021,0.));
#7089=CARTESIAN_POINT('',(0.01695,0.019,0.));
#7090=CARTESIAN_POINT('',(0.01495,0.019,0.));
#7091=CARTESIAN_POINT('',(0.01495,0.0109,0.));
#7092=CARTESIAN_POINT('',(0.01495,0.0119,0.));
#7093=CARTESIAN_POINT('',(0.01695,0.0119,0.));
#7094=CARTESIAN_POINT('',(0.01695,0.0099,0.));
#7095=CARTESIAN_POINT('',(0.0319,0.0099,0.));
#7096=CARTESIAN_POINT('',(0.0309,0.0099,0.));
#7097=CARTESIAN_POINT('',(0.0309,-0.0109,0.));
#7098=CARTESIAN_POINT('',(0.0309,0.00151986841535706,0.));
#7099=CARTESIAN_POINT('',(0.0296,-2.43473610036326E-17,0.));
#7100=CARTESIAN_POINT('',(0.0282,0.00142828568570853,0.));
#7101=CARTESIAN_POINT('',(0.0282,0.0059,0.));
#7102=CARTESIAN_POINT('',(0.0282,0.0069,0.));
#7103=CARTESIAN_POINT('',(3.21502084214371E-18,0.0069,0.));
#7104=CARTESIAN_POINT('',(0.0037,0.0069,0.));
#7105=CARTESIAN_POINT('',(0.0037,8.16146092507184E-18,0.));
#7106=CARTESIAN_POINT('',(0.0037,0.001519868415357,0.));
#7107=CARTESIAN_POINT('',(0.00239999999999997,-4.03935531564181E-17,0.));
#7108=CARTESIAN_POINT('',(0.0037,-0.00151986841535708,0.));
#7109=CARTESIAN_POINT('',(0.0037,8.16146092507184E-18,0.));
#7110=CARTESIAN_POINT('',(0.0037,-0.0069,0.));
#7111=CARTESIAN_POINT('',(1.1194748831637E-17,-0.0069,0.));
#7112=CARTESIAN_POINT('',(0.0282,-0.0069,0.));
#7113=CARTESIAN_POINT('',(0.0282,0.0059,0.));
#7114=CARTESIAN_POINT('',(0.0282,-0.00142828568570858,0.));
#7115=CARTESIAN_POINT('',(0.0296,-2.43473610036326E-17,0.));
#7116=CARTESIAN_POINT('',(0.0309,-0.00151986841535711,0.));
#7117=CARTESIAN_POINT('',(0.0309,-0.0109,0.));
#7118=CARTESIAN_POINT('',(0.0309,-0.0099,0.));
#7119=CARTESIAN_POINT('',(0.01595,-0.0099,0.));
#7120=CARTESIAN_POINT('',(0.01695,-0.0099,0.));
#7121=CARTESIAN_POINT('',(0.01695,-0.0119,0.));
#7122=CARTESIAN_POINT('',(0.01495,-0.0119,0.));
#7123=CARTESIAN_POINT('',(0.01495,-0.02,0.));
#7124=CARTESIAN_POINT('',(0.01495,-0.019,0.));
#7125=CARTESIAN_POINT('',(0.01695,-0.019,0.));
#7126=CARTESIAN_POINT('',(0.01695,-0.021,0.));
#7127=CARTESIAN_POINT('',(6.93889390390723E-18,-0.021,0.));
#7128=CARTESIAN_POINT('',(0.0309,-0.021,0.));
#7129=CARTESIAN_POINT('',(0.0309,6.93889390390723E-18,0.));
#7130=CARTESIAN_POINT('',(0.0309,-0.0294717143142914,0.));
#7131=CARTESIAN_POINT('',(0.0295,-0.0309,0.));
#7132=CARTESIAN_POINT('',(0.0282,-0.0293801315846429,0.));
#7133=CARTESIAN_POINT('',(0.0282,6.93889390390723E-18,0.));
#7134=CARTESIAN_POINT('',(0.0282,-0.024,0.));
#7135=CARTESIAN_POINT('',(6.93889390390723E-18,-0.024,0.));
#7136=CARTESIAN_POINT('',(0.0037,-0.024,0.));
#7137=CARTESIAN_POINT('',(0.0037,-0.0368,0.));
#7138=CARTESIAN_POINT('',(0.0037,-0.0294717143142915,0.));
#7139=CARTESIAN_POINT('',(0.0023,-0.0309,0.));
#7140=CARTESIAN_POINT('',(0.0037,-0.0323282856857086,0.));
#7141=CARTESIAN_POINT('',(0.0037,-0.0368,0.));
#7142=CARTESIAN_POINT('',(0.0037,-0.0358,0.));
#7143=CARTESIAN_POINT('',(-0.0047,-0.0358,0.));
#7144=CARTESIAN_POINT('',(-0.0037,-0.0358,0.));
#7145=CARTESIAN_POINT('',(-0.0037,5.71632688274262E-18,0.));
#7146=CARTESIAN_POINT('',(-0.0037,-0.0324198684153571,0.));
#7147=CARTESIAN_POINT('',(-0.00239999999999996,-0.0309,0.));
#7148=CARTESIAN_POINT('',(-0.0037,-0.0293801315846429,0.));
#7149=CARTESIAN_POINT('',(-0.0037,5.71632688274262E-18,0.));
#7150=CARTESIAN_POINT('',(-0.0037,-0.024,0.));
#7151=CARTESIAN_POINT('',(2.17418675655759E-17,-0.024,0.));
#7152=CARTESIAN_POINT('',(-0.0282,-0.024,0.));
#7153=CARTESIAN_POINT('',(-0.0282,-0.0368,0.));
#7154=CARTESIAN_POINT('',(-0.0282,-0.0294717143142915,0.));
#7155=CARTESIAN_POINT('',(-0.0296,-0.0309,0.));
#7156=CARTESIAN_POINT('',(-0.0309,-0.0293801315846429,0.));
#7157=CARTESIAN_POINT('',(-0.0309,6.93889390390723E-18,0.));
#7158=CARTESIAN_POINT('',(-0.0309,-0.021,0.));
#7159=CARTESIAN_POINT('',(-0.01595,-0.021,0.));
#7160=CARTESIAN_POINT('',(-0.01695,-0.021,0.));
#7161=CARTESIAN_POINT('',(-0.01695,-0.019,0.));
#7162=CARTESIAN_POINT('',(-0.01495,-0.019,0.));
#7163=CARTESIAN_POINT('',(-0.01495,6.93889390390723E-18,0.));
#7164=CARTESIAN_POINT('',(-0.01495,-0.0119,0.));
#7165=CARTESIAN_POINT('',(-0.01695,-0.0119,0.));
#7166=CARTESIAN_POINT('',(-0.01695,-0.0099,0.));
#7167=CARTESIAN_POINT('',(-0.0319,-0.0099,0.));
#7168=CARTESIAN_POINT('',(-0.0309,-0.0099,0.));
#7169=CARTESIAN_POINT('',(-0.0309,0.0109,0.));
#7170=CARTESIAN_POINT('',(-0.0309,-0.00142828568570863,0.));
#7171=CARTESIAN_POINT('',(-0.0295,-4.47303618463601E-17,0.));
#7172=CARTESIAN_POINT('',(-0.0282,-0.00151986841535711,0.));
#7173=CARTESIAN_POINT('',(-0.0282,6.93889390390723E-18,0.));
#7174=CARTESIAN_POINT('',(-0.0282,-0.0069,0.));
#7175=CARTESIAN_POINT('',(-0.0047,-0.0069,0.));
#7176=CARTESIAN_POINT('',(-0.0037,-0.0069,0.));
#7177=CARTESIAN_POINT('',(-0.0037,0.0059,0.));
#7178=CARTESIAN_POINT('',(-0.0037,-0.00142828568570858,0.));
#7179=CARTESIAN_POINT('',(-0.00229999999999997,-3.51893827284877E-17,0.));
#7180=CARTESIAN_POINT('',(-0.0037,0.00142828568570851,0.));
#7181=CARTESIAN_POINT('',(-0.0037,0.0059,0.));
#7182=CARTESIAN_POINT('',(-0.0037,0.0069,0.));
#7183=CARTESIAN_POINT('',(4.27898457407621E-18,0.0069,0.));
#7184=CARTESIAN_POINT('',(-0.0282,0.0069,0.));
#7185=CARTESIAN_POINT('',(-0.0282,6.93889390390723E-18,0.));
#7186=CARTESIAN_POINT('',(-0.0282,0.00151986841535702,0.));
#7187=CARTESIAN_POINT('',(-0.0295,-4.47303618463601E-17,0.));
#7188=CARTESIAN_POINT('',(-0.0309,0.00142828568570854,0.));
#7189=CARTESIAN_POINT('',(-0.0309,0.0109,0.));
#7190=CARTESIAN_POINT('',(-0.0309,0.0099,0.));
#7191=CARTESIAN_POINT('',(-0.0159499999999998,0.0099,0.));
#7192=CARTESIAN_POINT('',(0.0047,-0.00327500000000004,0.005));
#7193=CARTESIAN_POINT('',(0.0047,-0.0059,0.005));
#7194=CARTESIAN_POINT('',(0.0047,-0.0059,0.001));
#7195=CARTESIAN_POINT('',(0.0047,-0.00327500000000004,0.001));
#7196=CARTESIAN_POINT('',(0.0047,0.0059,0.001));
#7197=CARTESIAN_POINT('',(0.0047,0.0059,0.005));
#7198=CARTESIAN_POINT('',(0.021575,0.0059,0.005));
#7199=CARTESIAN_POINT('',(0.021575,0.0059,0.001));
#7200=CARTESIAN_POINT('',(0.0272,0.0059,0.001));
#7201=CARTESIAN_POINT('',(0.0272,0.0059,0.005));
#7202=CARTESIAN_POINT('',(0.0272,-2.51534904016637E-17,0.005));
#7203=CARTESIAN_POINT('',(0.0272,-0.0059,0.001));
#7204=CARTESIAN_POINT('',(0.0272,-0.0059,0.001));
#7205=CARTESIAN_POINT('',(0.0272,-0.0059,0.005));
#7206=CARTESIAN_POINT('',(-0.021575,0.0059,0.005));
#7207=CARTESIAN_POINT('',(-0.0272,0.0059,0.005));
#7208=CARTESIAN_POINT('',(-0.0272,0.0059,0.001));
#7209=CARTESIAN_POINT('',(-0.021575,0.0059,0.001));
#7210=CARTESIAN_POINT('',(-0.0047,0.0059,0.001));
#7211=CARTESIAN_POINT('',(-0.0047,0.0059,0.005));
#7212=CARTESIAN_POINT('',(-0.0047,-3.46944695195361E-17,0.005));
#7213=CARTESIAN_POINT('',(-0.0047,-0.0059,0.001));
#7214=CARTESIAN_POINT('',(-0.0047,-0.0059,0.001));
#7215=CARTESIAN_POINT('',(-0.0047,-0.0059,0.005));
#7216=CARTESIAN_POINT('',(-0.021575,-0.0059,0.005));
#7217=CARTESIAN_POINT('',(-0.0272,-0.0059,0.001));
#7218=CARTESIAN_POINT('',(-0.0272,-0.0059,0.001));
#7219=CARTESIAN_POINT('',(-0.0272,-0.0059,0.005));
#7220=CARTESIAN_POINT('',(0.023925,-0.02,0.005));
#7221=CARTESIAN_POINT('',(0.01695,-0.02,0.005));
#7222=CARTESIAN_POINT('',(0.01695,-0.02,0.001));
#7223=CARTESIAN_POINT('',(0.01695,-0.02,0.004));
#7224=CARTESIAN_POINT('',(0.0319,-0.02,0.004));
#7225=CARTESIAN_POINT('',(0.0309,-0.02,0.004));
#7226=CARTESIAN_POINT('',(0.0309,-0.02,0.005));
#7227=CARTESIAN_POINT('',(0.0309,-0.02,0.001));
#7228=CARTESIAN_POINT('',(0.023925,-0.02,0.001));
#7229=CARTESIAN_POINT('',(0.01595,-0.0179860688260985,0.005));
#7230=CARTESIAN_POINT('',(0.01595,-0.0119,0.005));
#7231=CARTESIAN_POINT('',(0.01595,-0.0119,0.001));
#7232=CARTESIAN_POINT('',(0.01595,-0.0119,0.004));
#7233=CARTESIAN_POINT('',(0.01595,-0.0179860688260985,0.004));
#7234=CARTESIAN_POINT('',(0.01595,-0.019,0.004));
#7235=CARTESIAN_POINT('',(0.01595,-0.019,0.005));
#7236=CARTESIAN_POINT('',(0.01595,-0.019,0.001));
#7237=CARTESIAN_POINT('',(0.01595,-0.0109,0.001));
#7238=CARTESIAN_POINT('',(0.023925,-0.0109,0.005));
#7239=CARTESIAN_POINT('',(0.0186820508075689,-0.0109,0.005));
#7240=CARTESIAN_POINT('',(0.0183353967016188,-0.0109,0.00500000000000001));
#7241=CARTESIAN_POINT('',(0.017682163357821,-0.0109,0.00473284542923536));
#7242=CARTESIAN_POINT('',(0.0171912989341966,-0.0109,0.00424129772770541));
#7243=CARTESIAN_POINT('',(0.01695,-0.0109,0.004));
#7244=CARTESIAN_POINT('',(0.01695,-0.0109,0.004));
#7245=CARTESIAN_POINT('',(0.01695,-0.0109,0.));
#7246=CARTESIAN_POINT('',(0.01695,-0.0109,0.001));
#7247=CARTESIAN_POINT('',(0.0319,-0.0109,0.001));
#7248=CARTESIAN_POINT('',(0.0319,-0.0109,0.001));
#7249=CARTESIAN_POINT('',(0.0319,-0.0109,0.005));
#7250=CARTESIAN_POINT('',(0.0319,0.0084,0.005));
#7251=CARTESIAN_POINT('',(0.0319,0.0109,0.001));
#7252=CARTESIAN_POINT('',(0.0319,0.0109,0.001));
#7253=CARTESIAN_POINT('',(0.0319,0.0109,0.005));
#7254=CARTESIAN_POINT('',(0.023925,0.0109,0.005));
#7255=CARTESIAN_POINT('',(0.01695,0.0109,0.005));
#7256=CARTESIAN_POINT('',(0.01695,0.0109,0.001));
#7257=CARTESIAN_POINT('',(0.01695,0.0109,0.004));
#7258=CARTESIAN_POINT('',(0.0186820508075689,0.0109,0.005));
#7259=CARTESIAN_POINT('',(0.0183353967016188,0.0109,0.00500000000000001));
#7260=CARTESIAN_POINT('',(0.0176821633578159,0.0109,0.00473284542924045));
#7261=CARTESIAN_POINT('',(0.0171912989342068,0.0109,0.00424129772769523));
#7262=CARTESIAN_POINT('',(0.01695,0.0109,0.004));
#7263=CARTESIAN_POINT('',(0.01595,0.0109,0.001));
#7264=CARTESIAN_POINT('',(0.01595,0.0134139311739015,0.005));
#7265=CARTESIAN_POINT('',(0.01595,0.019,0.005));
#7266=CARTESIAN_POINT('',(0.01595,0.019,0.001));
#7267=CARTESIAN_POINT('',(0.01595,0.019,0.004));
#7268=CARTESIAN_POINT('',(0.01595,0.0134139311739015,0.004));
#7269=CARTESIAN_POINT('',(0.01595,0.0119,0.004));
#7270=CARTESIAN_POINT('',(0.01595,0.0119,0.));
#7271=CARTESIAN_POINT('',(0.01595,0.0119,0.001));
#7272=CARTESIAN_POINT('',(0.01595,0.02,0.001));
#7273=CARTESIAN_POINT('',(0.023925,0.02,0.005));
#7274=CARTESIAN_POINT('',(0.0309,0.02,0.005));
#7275=CARTESIAN_POINT('',(0.0309,0.02,0.001));
#7276=CARTESIAN_POINT('',(0.0309,0.02,0.004));
#7277=CARTESIAN_POINT('',(0.023925,0.02,0.004));
#7278=CARTESIAN_POINT('',(0.01695,0.02,0.004));
#7279=CARTESIAN_POINT('',(0.01695,0.02,0.));
#7280=CARTESIAN_POINT('',(0.01695,0.02,0.001));
#7281=CARTESIAN_POINT('',(0.0319,0.02,0.001));
#7282=CARTESIAN_POINT('',(0.0319,0.027625,0.005));
#7283=CARTESIAN_POINT('',(0.0319,0.0358,0.005));
#7284=CARTESIAN_POINT('',(0.0319,0.0358,0.001));
#7285=CARTESIAN_POINT('',(0.0319,0.0358,0.004));
#7286=CARTESIAN_POINT('',(0.0319,0.02,0.004));
#7287=CARTESIAN_POINT('',(0.0319,0.021,0.004));
#7288=CARTESIAN_POINT('',(0.0319,0.021,0.));
#7289=CARTESIAN_POINT('',(0.0319,0.021,0.001));
#7290=CARTESIAN_POINT('',(0.0319,0.027625,0.001));
#7291=CARTESIAN_POINT('',(0.02955,0.0368,0.005));
#7292=CARTESIAN_POINT('',(0.0282,0.0368,0.005));
#7293=CARTESIAN_POINT('',(0.0282,0.0368,0.001));
#7294=CARTESIAN_POINT('',(0.0282,0.0368,0.004));
#7295=CARTESIAN_POINT('',(0.02955,0.0368,0.004));
#7296=CARTESIAN_POINT('',(0.0309,0.0368,0.004));
#7297=CARTESIAN_POINT('',(0.0309,0.0368,0.));
#7298=CARTESIAN_POINT('',(0.0309,0.0368,0.001));
#7299=CARTESIAN_POINT('',(0.0272,0.0368,0.001));
#7300=CARTESIAN_POINT('',(0.0272,0.0309,0.005));
#7301=CARTESIAN_POINT('',(0.0272,0.0358,0.005));
#7302=CARTESIAN_POINT('',(0.0272,0.0358,0.001));
#7303=CARTESIAN_POINT('',(0.0272,0.025,0.001));
#7304=CARTESIAN_POINT('',(0.0272,0.025,0.001));
#7305=CARTESIAN_POINT('',(0.0272,0.025,0.005));
#7306=CARTESIAN_POINT('',(0.021575,0.025,0.005));
#7307=CARTESIAN_POINT('',(0.021575,0.025,0.001));
#7308=CARTESIAN_POINT('',(0.0047,0.025,0.001));
#7309=CARTESIAN_POINT('',(0.0047,0.025,0.005));
#7310=CARTESIAN_POINT('',(0.0047,0.027625,0.005));
#7311=CARTESIAN_POINT('',(0.0047,0.027625,0.001));
#7312=CARTESIAN_POINT('',(0.0047,0.0358,0.001));
#7313=CARTESIAN_POINT('',(0.0047,0.0358,0.005));
#7314=CARTESIAN_POINT('',(-0.00235,0.0368,0.005));
#7315=CARTESIAN_POINT('',(-0.0037,0.0368,0.005));
#7316=CARTESIAN_POINT('',(-0.0037,0.0368,0.001));
#7317=CARTESIAN_POINT('',(-0.0037,0.0368,0.004));
#7318=CARTESIAN_POINT('',(-0.00235,0.0368,0.004));
#7319=CARTESIAN_POINT('',(0.0037,0.0368,0.004));
#7320=CARTESIAN_POINT('',(0.0037,0.0368,0.));
#7321=CARTESIAN_POINT('',(0.0037,0.0368,0.001));
#7322=CARTESIAN_POINT('',(-0.0047,0.0368,0.001));
#7323=CARTESIAN_POINT('',(-0.0047,0.0309,0.005));
#7324=CARTESIAN_POINT('',(-0.0047,0.0358,0.005));
#7325=CARTESIAN_POINT('',(-0.0047,0.0358,0.001));
#7326=CARTESIAN_POINT('',(-0.0047,0.025,0.001));
#7327=CARTESIAN_POINT('',(-0.0047,0.025,0.001));
#7328=CARTESIAN_POINT('',(-0.0047,0.025,0.005));
#7329=CARTESIAN_POINT('',(-0.021575,0.025,0.005));
#7330=CARTESIAN_POINT('',(-0.021575,0.025,0.001));
#7331=CARTESIAN_POINT('',(-0.0272,0.025,0.001));
#7332=CARTESIAN_POINT('',(-0.0272,0.025,0.005));
#7333=CARTESIAN_POINT('',(-0.0272,0.028,0.005));
#7334=CARTESIAN_POINT('',(-0.0272,0.028,0.001));
#7335=CARTESIAN_POINT('',(-0.0272,0.0358,0.001));
#7336=CARTESIAN_POINT('',(-0.0272,0.0358,0.005));
#7337=CARTESIAN_POINT('',(-0.02955,0.0368,0.005));
#7338=CARTESIAN_POINT('',(-0.0309,0.0368,0.005));
#7339=CARTESIAN_POINT('',(-0.0309,0.0368,0.001));
#7340=CARTESIAN_POINT('',(-0.0309,0.0368,0.004));
#7341=CARTESIAN_POINT('',(-0.02955,0.0368,0.004));
#7342=CARTESIAN_POINT('',(-0.0282,0.0368,0.004));
#7343=CARTESIAN_POINT('',(-0.0282,0.0368,0.));
#7344=CARTESIAN_POINT('',(-0.0282,0.0368,0.001));
#7345=CARTESIAN_POINT('',(-0.0319,0.0368,0.001));
#7346=CARTESIAN_POINT('',(-0.0319,0.0225,0.005));
#7347=CARTESIAN_POINT('',(-0.0319,0.021,0.005));
#7348=CARTESIAN_POINT('',(-0.0319,0.021,0.001));
#7349=CARTESIAN_POINT('',(-0.0319,0.021,0.004));
#7350=CARTESIAN_POINT('',(-0.0319,0.0368,0.004));
#7351=CARTESIAN_POINT('',(-0.0319,0.0358,0.004));
#7352=CARTESIAN_POINT('',(-0.0319,0.0358,0.));
#7353=CARTESIAN_POINT('',(-0.0319,0.0358,0.001));
#7354=CARTESIAN_POINT('',(-0.0319,0.0225,0.001));
#7355=CARTESIAN_POINT('',(-0.023925,0.02,0.005));
#7356=CARTESIAN_POINT('',(-0.01695,0.02,0.005));
#7357=CARTESIAN_POINT('',(-0.01695,0.02,0.001));
#7358=CARTESIAN_POINT('',(-0.01695,0.02,0.004));
#7359=CARTESIAN_POINT('',(-0.0319,0.02,0.004));
#7360=CARTESIAN_POINT('',(-0.0309,0.02,0.004));
#7361=CARTESIAN_POINT('',(-0.0309,0.02,0.005));
#7362=CARTESIAN_POINT('',(-0.0309,0.02,0.001));
#7363=CARTESIAN_POINT('',(-0.023925,0.02,0.001));
#7364=CARTESIAN_POINT('',(-0.01595,0.017975,0.005));
#7365=CARTESIAN_POINT('',(-0.01595,0.0119,0.005));
#7366=CARTESIAN_POINT('',(-0.01595,0.0119,0.001));
#7367=CARTESIAN_POINT('',(-0.01595,0.0119,0.004));
#7368=CARTESIAN_POINT('',(-0.01595,0.02,0.004));
#7369=CARTESIAN_POINT('',(-0.01595,0.019,0.004));
#7370=CARTESIAN_POINT('',(-0.01595,0.019,0.));
#7371=CARTESIAN_POINT('',(-0.01595,0.019,0.001));
#7372=CARTESIAN_POINT('',(-0.01595,0.017975,0.001));
#7373=CARTESIAN_POINT('',(-0.023925,0.0109,0.005));
#7374=CARTESIAN_POINT('',(-0.0186820508075689,0.0109,0.005));
#7375=CARTESIAN_POINT('',(-0.0183353967016188,0.0109,0.00500000000000001));
#7376=CARTESIAN_POINT('',(-0.0176821633578193,0.0109,0.00473284542923702));
#7377=CARTESIAN_POINT('',(-0.0171912989341999,0.0109,0.00424129772770209));
#7378=CARTESIAN_POINT('',(-0.01695,0.0109,0.004));
#7379=CARTESIAN_POINT('',(-0.01695,0.0109,0.004));
#7380=CARTESIAN_POINT('',(-0.01695,0.0109,0.005));
#7381=CARTESIAN_POINT('',(-0.01695,0.0109,0.001));
#7382=CARTESIAN_POINT('',(-0.0319,0.0109,0.001));
#7383=CARTESIAN_POINT('',(-0.0319,0.0109,0.001));
#7384=CARTESIAN_POINT('',(-0.0319,0.0109,0.005));
#7385=CARTESIAN_POINT('',(-0.0319,0.0084,0.005));
#7386=CARTESIAN_POINT('',(-0.0319,-0.0109,0.001));
#7387=CARTESIAN_POINT('',(-0.0319,-0.0109,0.001));
#7388=CARTESIAN_POINT('',(-0.0319,-0.0109,0.005));
#7389=CARTESIAN_POINT('',(-0.023925,-0.0109,0.005));
#7390=CARTESIAN_POINT('',(-0.01695,-0.0109,0.005));
#7391=CARTESIAN_POINT('',(-0.01695,-0.0109,0.001));
#7392=CARTESIAN_POINT('',(-0.01695,-0.0109,0.004));
#7393=CARTESIAN_POINT('',(-0.0186820508075689,-0.0109,0.005));
#7394=CARTESIAN_POINT('',(-0.0183353967016188,-0.0109,0.00500000000000001));
#7395=CARTESIAN_POINT('',(-0.017682163357825,-0.0109,0.00473284542923141));
#7396=CARTESIAN_POINT('',(-0.0171912989341887,-0.0109,0.00424129772771332));
#7397=CARTESIAN_POINT('',(-0.01695,-0.0109,0.004));
#7398=CARTESIAN_POINT('',(-0.0159499999999997,-0.0109,0.001));
#7399=CARTESIAN_POINT('',(-0.01595,-0.013425,0.005));
#7400=CARTESIAN_POINT('',(-0.01595,-0.019,0.005));
#7401=CARTESIAN_POINT('',(-0.01595,-0.019,0.001));
#7402=CARTESIAN_POINT('',(-0.01595,-0.019,0.004));
#7403=CARTESIAN_POINT('',(-0.01595,-0.0109,0.004));
#7404=CARTESIAN_POINT('',(-0.01595,-0.0119,0.004));
#7405=CARTESIAN_POINT('',(-0.01595,-0.0119,0.005));
#7406=CARTESIAN_POINT('',(-0.01595,-0.0119,0.001));
#7407=CARTESIAN_POINT('',(-0.01595,-0.013425,0.001));
#7408=CARTESIAN_POINT('',(-0.023925,-0.02,0.005));
#7409=CARTESIAN_POINT('',(-0.0309,-0.02,0.005));
#7410=CARTESIAN_POINT('',(-0.0309,-0.02,0.001));
#7411=CARTESIAN_POINT('',(-0.0309,-0.02,0.004));
#7412=CARTESIAN_POINT('',(-0.023925,-0.02,0.004));
#7413=CARTESIAN_POINT('',(-0.01695,-0.02,0.004));
#7414=CARTESIAN_POINT('',(-0.01695,-0.02,0.005));
#7415=CARTESIAN_POINT('',(-0.01695,-0.02,0.001));
#7416=CARTESIAN_POINT('',(-0.0319,-0.02,0.001));
#7417=CARTESIAN_POINT('',(-0.0319,-0.027625,0.005));
#7418=CARTESIAN_POINT('',(-0.0319,-0.0358,0.005));
#7419=CARTESIAN_POINT('',(-0.0319,-0.0358,0.001));
#7420=CARTESIAN_POINT('',(-0.0319,-0.0358,0.004));
#7421=CARTESIAN_POINT('',(-0.0319,-0.02,0.004));
#7422=CARTESIAN_POINT('',(-0.0319,-0.021,0.004));
#7423=CARTESIAN_POINT('',(-0.0319,-0.021,0.));
#7424=CARTESIAN_POINT('',(-0.0319,-0.021,0.001));
#7425=CARTESIAN_POINT('',(-0.0319,-0.027625,0.001));
#7426=CARTESIAN_POINT('',(-0.02955,-0.0368,0.005));
#7427=CARTESIAN_POINT('',(-0.0282,-0.0368,0.005));
#7428=CARTESIAN_POINT('',(-0.0282,-0.0368,0.001));
#7429=CARTESIAN_POINT('',(-0.0282,-0.0368,0.004));
#7430=CARTESIAN_POINT('',(-0.02955,-0.0368,0.004));
#7431=CARTESIAN_POINT('',(-0.0309,-0.0368,0.004));
#7432=CARTESIAN_POINT('',(-0.0309,-0.0368,0.));
#7433=CARTESIAN_POINT('',(-0.0309,-0.0368,0.001));
#7434=CARTESIAN_POINT('',(-0.0272,-0.0368,0.001));
#7435=CARTESIAN_POINT('',(-0.0272,-0.0309,0.005));
#7436=CARTESIAN_POINT('',(-0.0272,-0.0358,0.005));
#7437=CARTESIAN_POINT('',(-0.0272,-0.0358,0.001));
#7438=CARTESIAN_POINT('',(-0.0272,-0.025,0.001));
#7439=CARTESIAN_POINT('',(-0.0272,-0.025,0.001));
#7440=CARTESIAN_POINT('',(-0.0272,-0.025,0.005));
#7441=CARTESIAN_POINT('',(-0.021575,-0.025,0.005));
#7442=CARTESIAN_POINT('',(-0.021575,-0.025,0.001));
#7443=CARTESIAN_POINT('',(-0.0047,-0.025,0.001));
#7444=CARTESIAN_POINT('',(-0.0047,-0.025,0.005));
#7445=CARTESIAN_POINT('',(-0.0047,-0.027625,0.005));
#7446=CARTESIAN_POINT('',(-0.0047,-0.027625,0.001));
#7447=CARTESIAN_POINT('',(-0.0047,-0.0358,0.001));
#7448=CARTESIAN_POINT('',(-0.0047,-0.0358,0.005));
#7449=CARTESIAN_POINT('',(-0.0047,-0.0358,0.005));
#7450=CARTESIAN_POINT('',(-0.0047,-0.027625,0.005));
#7451=CARTESIAN_POINT('',(0.00235,-0.0368,0.005));
#7452=CARTESIAN_POINT('',(0.0037,-0.0368,0.005));
#7453=CARTESIAN_POINT('',(0.0037,-0.0368,0.001));
#7454=CARTESIAN_POINT('',(0.0037,-0.0368,0.004));
#7455=CARTESIAN_POINT('',(0.00235,-0.0368,0.004));
#7456=CARTESIAN_POINT('',(-0.0037,-0.0368,0.004));
#7457=CARTESIAN_POINT('',(-0.0037,-0.0368,0.));
#7458=CARTESIAN_POINT('',(-0.0037,-0.0368,0.001));
#7459=CARTESIAN_POINT('',(0.0047,-0.0368,0.001));
#7460=CARTESIAN_POINT('',(0.0047,-0.0309,0.005));
#7461=CARTESIAN_POINT('',(0.0047,-0.0309,0.005));
#7462=CARTESIAN_POINT('',(0.0047,-0.0358,0.005));
#7463=CARTESIAN_POINT('',(0.0047,-0.0358,0.005));
#7464=CARTESIAN_POINT('',(0.0047,-0.0358,0.001));
#7465=CARTESIAN_POINT('',(0.0047,-0.025,0.001));
#7466=CARTESIAN_POINT('',(0.0047,-0.025,0.001));
#7467=CARTESIAN_POINT('',(0.0047,-0.025,0.005));
#7468=CARTESIAN_POINT('',(0.021575,-0.025,0.005));
#7469=CARTESIAN_POINT('',(0.021575,-0.025,0.001));
#7470=CARTESIAN_POINT('',(0.0272,-0.025,0.001));
#7471=CARTESIAN_POINT('',(0.0272,-0.025,0.005));
#7472=CARTESIAN_POINT('',(0.0272,-0.027625,0.005));
#7473=CARTESIAN_POINT('',(0.0272,-0.027625,0.001));
#7474=CARTESIAN_POINT('',(0.0272,-0.0358,0.001));
#7475=CARTESIAN_POINT('',(0.0272,-0.0358,0.005));
#7476=CARTESIAN_POINT('',(0.02955,-0.0368,0.005));
#7477=CARTESIAN_POINT('',(0.0309,-0.0368,0.005));
#7478=CARTESIAN_POINT('',(0.0309,-0.0368,0.001));
#7479=CARTESIAN_POINT('',(0.0309,-0.0368,0.004));
#7480=CARTESIAN_POINT('',(0.02955,-0.0368,0.004));
#7481=CARTESIAN_POINT('',(0.0282,-0.0368,0.004));
#7482=CARTESIAN_POINT('',(0.0282,-0.0368,0.));
#7483=CARTESIAN_POINT('',(0.0282,-0.0368,0.001));
#7484=CARTESIAN_POINT('',(0.0319,-0.0368,0.001));
#7485=CARTESIAN_POINT('',(0.0296,-2.43473610036326E-17,0.005));
#7486=CARTESIAN_POINT('',(0.0296,-2.43473610036326E-17,0.001));
#7487=CARTESIAN_POINT('',(0.0306,-2.43473610036326E-17,0.001));
#7488=CARTESIAN_POINT('',(0.00239999999999997,-4.03935531564181E-17,0.005));
#7489=CARTESIAN_POINT('',(0.00239999999999997,-4.03935531564181E-17,0.001));
#7490=CARTESIAN_POINT('',(0.00339999999999997,-4.03935531564181E-17,0.001));
#7491=CARTESIAN_POINT('',(-0.00229999999999997,-3.51893827284877E-17,0.005));
#7492=CARTESIAN_POINT('',(-0.00229999999999997,-3.51893827284877E-17,0.001));
#7493=CARTESIAN_POINT('',(-0.00129999999999997,-3.51893827284877E-17,0.001));
#7494=CARTESIAN_POINT('',(0.021575,-0.0059,0.005));
#7495=CARTESIAN_POINT('',(0.021575,-0.0059,0.001));
#7496=CARTESIAN_POINT('',(-0.0272,-0.00290000000000005,0.005));
#7497=CARTESIAN_POINT('',(-0.0272,-0.00290000000000005,0.001));
#7498=CARTESIAN_POINT('',(0.00239999999999996,0.0309,0.005));
#7499=CARTESIAN_POINT('',(0.00239999999999996,0.0309,0.001));
#7500=CARTESIAN_POINT('',(0.00339999999999996,0.0309,0.001));
#7501=CARTESIAN_POINT('',(-0.0023,0.0309,0.005));
#7502=CARTESIAN_POINT('',(-0.0023,0.0309,0.001));
#7503=CARTESIAN_POINT('',(-0.0013,0.0309,0.001));
#7504=CARTESIAN_POINT('',(-0.00239999999999996,-0.0309,0.005));
#7505=CARTESIAN_POINT('',(-0.00239999999999996,-0.0309,0.001));
#7506=CARTESIAN_POINT('',(-0.00139999999999996,-0.0309,0.001));
#7507=CARTESIAN_POINT('',(-0.00239999999999996,-0.0309,0.005));
#7508=CARTESIAN_POINT('',(-0.00139999999999996,-0.0309,0.005));
#7509=CARTESIAN_POINT('',(0.0023,-0.0309,0.005));
#7510=CARTESIAN_POINT('',(0.0023,-0.0309,0.001));
#7511=CARTESIAN_POINT('',(0.0033,-0.0309,0.001));
#7512=CARTESIAN_POINT('',(0.0023,-0.0309,0.005));
#7513=CARTESIAN_POINT('',(0.0033,-0.0309,0.005));
#7514=CARTESIAN_POINT('',(0.0296,0.0309,0.005));
#7515=CARTESIAN_POINT('',(0.0296,0.0309,0.001));
#7516=CARTESIAN_POINT('',(0.0306,0.0309,0.001));
#7517=CARTESIAN_POINT('',(-0.0295,0.0309,0.005));
#7518=CARTESIAN_POINT('',(-0.0295,0.0309,0.001));
#7519=CARTESIAN_POINT('',(-0.0285,0.0309,0.001));
#7520=CARTESIAN_POINT('',(-0.0296,-0.0309,0.005));
#7521=CARTESIAN_POINT('',(-0.0296,-0.0309,0.001));
#7522=CARTESIAN_POINT('',(-0.0286,-0.0309,0.001));
#7523=CARTESIAN_POINT('',(0.0295,-0.0309,0.005));
#7524=CARTESIAN_POINT('',(0.0295,-0.0309,0.001));
#7525=CARTESIAN_POINT('',(0.0305,-0.0309,0.001));
#7526=CARTESIAN_POINT('',(0.0319,-0.0225,0.005));
#7527=CARTESIAN_POINT('',(0.0319,-0.021,0.005));
#7528=CARTESIAN_POINT('',(0.0319,-0.021,0.001));
#7529=CARTESIAN_POINT('',(0.0319,-0.021,0.004));
#7530=CARTESIAN_POINT('',(0.0319,-0.0368,0.004));
#7531=CARTESIAN_POINT('',(0.0319,-0.0358,0.004));
#7532=CARTESIAN_POINT('',(0.0319,-0.0358,0.));
#7533=CARTESIAN_POINT('',(0.0319,-0.0358,0.001));
#7534=CARTESIAN_POINT('',(0.0319,-0.0225,0.001));
#7535=CARTESIAN_POINT('',(-0.0295,-4.47303618463601E-17,0.005));
#7536=CARTESIAN_POINT('',(-0.0295,-4.47303618463601E-17,0.001));
#7537=CARTESIAN_POINT('',(-0.0285,-4.47303618463601E-17,0.001));
#7538=CARTESIAN_POINT('',(6.93889390390723E-18,6.93889390390723E-18,0.005));
#7539=CARTESIAN_POINT('',(6.93889390390723E-18,-0.025,0.005));
#7540=CARTESIAN_POINT('',(6.93889390390723E-18,-0.0358,0.005));
#7541=CARTESIAN_POINT('',(6.93889390390723E-18,6.93889390390723E-18,0.));
#7542=CARTESIAN_POINT('',(0.0282,6.93889390390723E-18,0.));
#7543=CARTESIAN_POINT('',(0.0282,-0.0358,0.));
#7544=CARTESIAN_POINT('',(0.0282,-0.0324198684153571,0.));
#7545=CARTESIAN_POINT('',(0.0295,-0.0309,0.));
#7546=CARTESIAN_POINT('',(0.0309,-0.0323282856857086,0.));
#7547=CARTESIAN_POINT('',(0.0309,6.93889390390723E-18,0.));
#7548=CARTESIAN_POINT('',(0.0309,-0.0358,0.));
#7549=CARTESIAN_POINT('',(0.0272,-0.0358,0.));
#7550=CARTESIAN_POINT('',(0.02955,-0.0358,0.004));
#7551=CARTESIAN_POINT('',(0.0309,-0.0358,0.004));
#7552=CARTESIAN_POINT('',(0.0282,-0.0358,0.004));
#7553=CARTESIAN_POINT('',(0.0282,-0.0358,0.005));
#7554=CARTESIAN_POINT('',(0.0282,-0.0358,0.001));
#7555=CARTESIAN_POINT('',(0.0309,-0.0358,0.004));
#7556=CARTESIAN_POINT('',(0.0309,-0.0358,0.004));
#7557=CARTESIAN_POINT('',(0.0309,-0.0358,0.004));
#7558=CARTESIAN_POINT('',(0.0282,-0.0358,0.001));
#7559=CARTESIAN_POINT('',(0.0282,-0.0358,0.001));
#7560=CARTESIAN_POINT('',(0.0282,-0.0358,0.001));
#7561=CARTESIAN_POINT('',(6.93889390390723E-18,-0.0358,0.001));
#7562=CARTESIAN_POINT('',(0.0309,-0.0358,0.001));
#7563=CARTESIAN_POINT('',(0.0309,-0.0358,0.005));
#7564=CARTESIAN_POINT('',(0.0309,-0.0358,0.001));
#7565=CARTESIAN_POINT('',(0.0309,6.93889390390723E-18,0.004));
#7566=CARTESIAN_POINT('',(0.0309,-0.021,0.004));
#7567=CARTESIAN_POINT('',(0.0282,-0.027625,0.001));
#7568=CARTESIAN_POINT('',(0.0282,-0.024,0.001));
#7569=CARTESIAN_POINT('',(0.0282,-0.0324198684153571,-3.01421280642493E-17));
#7570=CARTESIAN_POINT('',(0.0279820793096047,-0.0319456818015897,-2.74218909345673E-17));
#7571=CARTESIAN_POINT('',(0.027717920742778,-0.0308991838764232,0.000126500581627383));
#7572=CARTESIAN_POINT('',(0.0279820793057574,-0.0298543181966421,-2.40901282162411E-17));
#7573=CARTESIAN_POINT('',(0.0282,-0.0293801315846429,-2.68103652994043E-17));
#7574=CARTESIAN_POINT('',(0.0295,-0.0309,0.001));
#7575=CARTESIAN_POINT('',(0.0309,-0.0294717143142914,-4.36782815936824E-17));
#7576=CARTESIAN_POINT('',(0.0310883816241883,-0.0299212384827229,-4.78528475283565E-17));
#7577=CARTESIAN_POINT('',(0.0313116183411482,-0.030900686033231,9.21215862830591E-5));
#7578=CARTESIAN_POINT('',(0.0310883816243034,-0.0318787615173254,-2.15574287567972E-17));
#7579=CARTESIAN_POINT('',(0.0309,-0.0323282856857086,-1.73828628246851E-17));
#7580=CARTESIAN_POINT('',(0.0309,-0.0358,0.001));
#7581=CARTESIAN_POINT('',(0.0309,-0.0358,0.001));
#7582=CARTESIAN_POINT('',(0.0309,-0.021,0.004));
#7583=CARTESIAN_POINT('',(0.0309,-0.021,0.004));
#7584=CARTESIAN_POINT('',(0.0309,-0.021,0.004));
#7585=CARTESIAN_POINT('',(0.021575,-0.024,0.001));
#7586=CARTESIAN_POINT('',(0.0037,-0.024,0.001));
#7587=CARTESIAN_POINT('',(0.0023,-0.0309,0.001));
#7588=CARTESIAN_POINT('',(0.0037,-0.0294717143142915,-4.35931543688931E-17));
#7589=CARTESIAN_POINT('',(0.00388838162418665,-0.0299212384827236,-4.09474975286997E-17));
#7590=CARTESIAN_POINT('',(0.00411161834114933,-0.0309006860332309,9.21215862830526E-5));
#7591=CARTESIAN_POINT('',(0.00388838162430268,-0.0318787615173251,-1.47333939242579E-17));
#7592=CARTESIAN_POINT('',(0.0037,-0.0323282856857086,-1.73790507628343E-17));
#7593=CARTESIAN_POINT('',(0.0309,-0.0225,0.001));
#7594=CARTESIAN_POINT('',(0.0309,-0.021,0.001));
#7595=CARTESIAN_POINT('',(0.0309,-0.021,0.005));
#7596=CARTESIAN_POINT('',(0.0309,-0.021,0.001));
#7597=CARTESIAN_POINT('',(6.93889390390723E-18,-0.021,0.004));
#7598=CARTESIAN_POINT('',(0.01695,-0.021,0.004));
#7599=CARTESIAN_POINT('',(0.0037,-0.0358,0.005));
#7600=CARTESIAN_POINT('',(0.0037,-0.0358,0.001));
#7601=CARTESIAN_POINT('',(0.0037,-0.0358,0.004));
#7602=CARTESIAN_POINT('',(0.0037,6.93889390390723E-18,0.001));
#7603=CARTESIAN_POINT('',(0.0037,-0.0358,0.001));
#7604=CARTESIAN_POINT('',(0.0309,-0.021,0.001));
#7605=CARTESIAN_POINT('',(0.0309,-0.021,0.001));
#7606=CARTESIAN_POINT('',(0.01695,-0.019,0.004));
#7607=CARTESIAN_POINT('',(0.01695,-0.019,0.004));
#7608=CARTESIAN_POINT('',(0.01495,-0.019,0.004));
#7609=CARTESIAN_POINT('',(0.00235,-0.0358,0.004));
#7610=CARTESIAN_POINT('',(-0.0037,-0.0358,0.004));
#7611=CARTESIAN_POINT('',(0.0037,-0.0358,0.001));
#7612=CARTESIAN_POINT('',(0.0037,-0.0358,0.001));
#7613=CARTESIAN_POINT('',(0.00239999999999997,-4.03935531564181E-17,0.001));
#7614=CARTESIAN_POINT('',(0.0037,0.001519868415357,-2.67020508837261E-17));
#7615=CARTESIAN_POINT('',(0.00391792069040063,0.00104568180159226,-2.58295794509743E-17));
#7616=CARTESIAN_POINT('',(0.00418207925721872,-8.16123577974839E-7,0.000126500581627373));
#7617=CARTESIAN_POINT('',(0.00391792069424382,-0.0010456818033586,-2.91738375973532E-17));
#7618=CARTESIAN_POINT('',(0.0037,-0.00151986841535708,-3.02047006586738E-17));
#7619=CARTESIAN_POINT('',(0.023925,-0.021,0.001));
#7620=CARTESIAN_POINT('',(0.01695,-0.021,0.001));
#7621=CARTESIAN_POINT('',(0.01695,-0.019,0.005));
#7622=CARTESIAN_POINT('',(0.01695,-0.019,0.001));
#7623=CARTESIAN_POINT('',(0.01495,-0.0179860688260985,0.004));
#7624=CARTESIAN_POINT('',(0.01495,-0.0119,0.004));
#7625=CARTESIAN_POINT('',(-0.0037,-0.0358,0.005));
#7626=CARTESIAN_POINT('',(-0.0037,-0.0358,0.001));
#7627=CARTESIAN_POINT('',(6.93889390390723E-18,-0.0358,0.001));
#7628=CARTESIAN_POINT('',(-0.0037,-0.0358,0.001));
#7629=CARTESIAN_POINT('',(0.0037,-0.00327500000000004,0.001));
#7630=CARTESIAN_POINT('',(0.0037,0.0069,0.001));
#7631=CARTESIAN_POINT('',(0.0037,-0.0069,0.001));
#7632=CARTESIAN_POINT('',(0.01695,-0.019,0.001));
#7633=CARTESIAN_POINT('',(0.01495,-0.019,0.001));
#7634=CARTESIAN_POINT('',(0.01695,-0.0119,0.004));
#7635=CARTESIAN_POINT('',(0.01695,-0.0119,0.004));
#7636=CARTESIAN_POINT('',(-0.0037,-0.0358,0.001));
#7637=CARTESIAN_POINT('',(-0.0037,-0.0358,0.001));
#7638=CARTESIAN_POINT('',(-0.00239999999999996,-0.0309,0.001));
#7639=CARTESIAN_POINT('',(-0.0037,-0.0324198684153571,-3.0145195922045E-17));
#7640=CARTESIAN_POINT('',(-0.00391792069039653,-0.0319456818015903,-3.3309983565076E-17));
#7641=CARTESIAN_POINT('',(-0.00418207925722139,-0.0308991838764229,0.000126500581627374));
#7642=CARTESIAN_POINT('',(-0.00391792069424256,-0.0298543181966421,-2.98397334162027E-17));
#7643=CARTESIAN_POINT('',(-0.0037,-0.0293801315846429,-2.66749458294139E-17));
#7644=CARTESIAN_POINT('',(0.021575,0.0069,0.001));
#7645=CARTESIAN_POINT('',(0.0282,0.0069,0.001));
#7646=CARTESIAN_POINT('',(0.021575,-0.0069,0.001));
#7647=CARTESIAN_POINT('',(0.0282,-0.0069,0.001));
#7648=CARTESIAN_POINT('',(0.01495,-5.93846571092593E-18,0.001));
#7649=CARTESIAN_POINT('',(0.01495,-0.0119,0.001));
#7650=CARTESIAN_POINT('',(0.01695,-0.0119,0.005));
#7651=CARTESIAN_POINT('',(0.01695,-0.0119,0.001));
#7652=CARTESIAN_POINT('',(-0.02955,-0.0358,0.004));
#7653=CARTESIAN_POINT('',(-0.0309,-0.0358,0.004));
#7654=CARTESIAN_POINT('',(-0.0282,-0.0358,0.004));
#7655=CARTESIAN_POINT('',(-0.0282,-0.0358,0.005));
#7656=CARTESIAN_POINT('',(-0.0282,-0.0358,0.001));
#7657=CARTESIAN_POINT('',(-0.0037,-0.027625,0.001));
#7658=CARTESIAN_POINT('',(-0.0037,-0.024,0.001));
#7659=CARTESIAN_POINT('',(0.0282,2.3521674250533E-17,0.001));
#7660=CARTESIAN_POINT('',(0.0282,-0.00142828568570858,-1.74050967157696E-17));
#7661=CARTESIAN_POINT('',(0.0280116183758149,-0.000978761517275829,-1.62317227073231E-17));
#7662=CARTESIAN_POINT('',(0.027788381658849,6.86033230909195E-7,9.21215862830537E-5));
#7663=CARTESIAN_POINT('',(0.0280116183756992,0.000978761517324295,-4.23731241769473E-17));
#7664=CARTESIAN_POINT('',(0.0282,0.00142828568570853,-4.36755282196159E-17));
#7665=CARTESIAN_POINT('',(0.01695,-0.0119,0.001));
#7666=CARTESIAN_POINT('',(0.01695,-0.0099,0.001));
#7667=CARTESIAN_POINT('',(-0.0309,-0.0358,0.004));
#7668=CARTESIAN_POINT('',(-0.0309,-0.0358,0.004));
#7669=CARTESIAN_POINT('',(-0.0309,-0.0358,0.004));
#7670=CARTESIAN_POINT('',(-0.0282,-0.0358,0.001));
#7671=CARTESIAN_POINT('',(-0.0282,-0.0358,0.001));
#7672=CARTESIAN_POINT('',(-0.0282,-0.0358,0.001));
#7673=CARTESIAN_POINT('',(-0.021575,-0.024,0.001));
#7674=CARTESIAN_POINT('',(-0.0282,-0.024,0.001));
#7675=CARTESIAN_POINT('',(0.0296,-2.43473610036326E-17,0.001));
#7676=CARTESIAN_POINT('',(0.0309,0.00151986841535706,-2.67154974800649E-17));
#7677=CARTESIAN_POINT('',(0.0311179206904025,0.00104568180159314,-2.9499618220804E-17));
#7678=CARTESIAN_POINT('',(0.0313820792572167,-8.16123577843434E-7,0.000126500581627388));
#7679=CARTESIAN_POINT('',(0.0311179206942461,-0.00104568180335964,-3.33171273753353E-17));
#7680=CARTESIAN_POINT('',(0.0309,-0.00151986841535711,-3.0160654583525E-17));
#7681=CARTESIAN_POINT('',(8.01561882003077E-18,-0.0099,0.001));
#7682=CARTESIAN_POINT('',(0.0309,-0.0099,0.001));
#7683=CARTESIAN_POINT('',(-0.0309,6.93889390390723E-18,0.004));
#7684=CARTESIAN_POINT('',(-0.0309,-0.021,0.004));
#7685=CARTESIAN_POINT('',(-0.0309,-0.0358,0.005));
#7686=CARTESIAN_POINT('',(-0.0309,-0.0358,0.001));
#7687=CARTESIAN_POINT('',(6.93889390390723E-18,-0.0358,0.001));
#7688=CARTESIAN_POINT('',(-0.0309,-0.0358,0.001));
#7689=CARTESIAN_POINT('',(-0.0282,6.93889390390723E-18,0.001));
#7690=CARTESIAN_POINT('',(-0.0282,-0.0294717143142915,-4.37735724900557E-17));
#7691=CARTESIAN_POINT('',(-0.0280116183758144,-0.029921238482724,-4.14518957168879E-17));
#7692=CARTESIAN_POINT('',(-0.0277883816588505,-0.0309006860332305,9.21215862830527E-5));
#7693=CARTESIAN_POINT('',(-0.0280116183756966,-0.0318787615173254,-1.51138071476737E-17));
#7694=CARTESIAN_POINT('',(-0.0282,-0.0323282856857086,-1.74354839193548E-17));
#7695=CARTESIAN_POINT('',(0.0309,6.93889390390723E-18,0.001));
#7696=CARTESIAN_POINT('',(0.0309,0.0099,0.001));
#7697=CARTESIAN_POINT('',(0.01695,0.0119,0.004));
#7698=CARTESIAN_POINT('',(0.01695,0.0119,0.004));
#7699=CARTESIAN_POINT('',(0.01495,0.0119,0.004));
#7700=CARTESIAN_POINT('',(-0.0309,-0.021,0.004));
#7701=CARTESIAN_POINT('',(-0.0309,-0.021,0.004));
#7702=CARTESIAN_POINT('',(-0.0309,-0.021,0.004));
#7703=CARTESIAN_POINT('',(-0.0309,-0.0358,0.001));
#7704=CARTESIAN_POINT('',(-0.0309,-0.0358,0.001));
#7705=CARTESIAN_POINT('',(-0.0296,-0.0309,0.001));
#7706=CARTESIAN_POINT('',(-0.0309,-0.0324198684153571,-3.020978487261E-17));
#7707=CARTESIAN_POINT('',(-0.0311179206903984,-0.0319456818015912,-3.56585739288776E-17));
#7708=CARTESIAN_POINT('',(-0.0313820792572189,-0.0308991838764232,0.000126500581627391));
#7709=CARTESIAN_POINT('',(-0.0311179206942457,-0.0298543181966407,-3.22359664751575E-17));
#7710=CARTESIAN_POINT('',(-0.0309,-0.0293801315846429,-2.67871775139794E-17));
#7711=CARTESIAN_POINT('',(2.6319942394131E-18,0.0099,0.001));
#7712=CARTESIAN_POINT('',(0.01695,0.0099,0.001));
#7713=CARTESIAN_POINT('',(0.01695,0.0119,0.005));
#7714=CARTESIAN_POINT('',(0.01695,0.0119,0.001));
#7715=CARTESIAN_POINT('',(0.01495,0.0134139311739015,0.004));
#7716=CARTESIAN_POINT('',(0.01495,0.019,0.004));
#7717=CARTESIAN_POINT('',(-0.023925,-0.021,0.004));
#7718=CARTESIAN_POINT('',(-0.01695,-0.021,0.004));
#7719=CARTESIAN_POINT('',(-0.0309,-0.021,0.005));
#7720=CARTESIAN_POINT('',(-0.0309,-0.021,0.001));
#7721=CARTESIAN_POINT('',(-0.0309,-0.027625,0.001));
#7722=CARTESIAN_POINT('',(-0.0309,-0.021,0.001));
#7723=CARTESIAN_POINT('',(0.01695,0.0119,0.001));
#7724=CARTESIAN_POINT('',(0.01495,0.0119,0.001));
#7725=CARTESIAN_POINT('',(0.01695,0.019,0.004));
#7726=CARTESIAN_POINT('',(0.01695,0.019,0.004));
#7727=CARTESIAN_POINT('',(0.01695,0.021,0.004));
#7728=CARTESIAN_POINT('',(-0.01695,-0.019,0.004));
#7729=CARTESIAN_POINT('',(-0.01495,-0.019,0.004));
#7730=CARTESIAN_POINT('',(-0.01695,-0.019,0.004));
#7731=CARTESIAN_POINT('',(-0.0309,-0.021,0.001));
#7732=CARTESIAN_POINT('',(-0.0309,-0.021,0.001));
#7733=CARTESIAN_POINT('',(0.01495,6.93889390390723E-18,0.001));
#7734=CARTESIAN_POINT('',(0.01495,0.019,0.001));
#7735=CARTESIAN_POINT('',(0.01695,0.019,0.005));
#7736=CARTESIAN_POINT('',(0.01695,0.019,0.001));
#7737=CARTESIAN_POINT('',(0.023925,0.021,0.004));
#7738=CARTESIAN_POINT('',(0.0309,0.021,0.004));
#7739=CARTESIAN_POINT('',(-0.01495,6.93889390390723E-18,0.004));
#7740=CARTESIAN_POINT('',(-0.01495,-0.0119,0.004));
#7741=CARTESIAN_POINT('',(-0.01695,-0.019,0.005));
#7742=CARTESIAN_POINT('',(-0.01695,-0.019,0.001));
#7743=CARTESIAN_POINT('',(6.93889390390723E-18,-0.021,0.001));
#7744=CARTESIAN_POINT('',(-0.01695,-0.021,0.001));
#7745=CARTESIAN_POINT('',(-0.00229999999999997,-3.51893827284877E-17,0.001));
#7746=CARTESIAN_POINT('',(-0.0037,-0.00142828568570858,-1.74238374748234E-17));
#7747=CARTESIAN_POINT('',(-0.00388838162418586,-0.000978761517276146,-1.79901001024245E-17));
#7748=CARTESIAN_POINT('',(-0.00411161834114937,6.86033230530049E-7,9.21215862830464E-5));
#7749=CARTESIAN_POINT('',(-0.00388838162430333,0.000978761517325304,-4.39166462130657E-17));
#7750=CARTESIAN_POINT('',(-0.0037,0.00142828568570851,-4.36743636527111E-17));
#7751=CARTESIAN_POINT('',(0.01695,0.019,0.001));
#7752=CARTESIAN_POINT('',(0.01695,0.021,0.001));
#7753=CARTESIAN_POINT('',(0.0309,0.021,0.004));
#7754=CARTESIAN_POINT('',(0.0309,0.021,0.004));
#7755=CARTESIAN_POINT('',(0.0309,0.021,0.004));
#7756=CARTESIAN_POINT('',(0.0309,6.93889390390723E-18,0.004));
#7757=CARTESIAN_POINT('',(0.0309,0.0358,0.004));
#7758=CARTESIAN_POINT('',(-0.01695,-0.0119,0.004));
#7759=CARTESIAN_POINT('',(-0.01695,-0.0119,0.004));
#7760=CARTESIAN_POINT('',(-0.01695,-0.019,0.001));
#7761=CARTESIAN_POINT('',(-0.01495,-0.019,0.001));
#7762=CARTESIAN_POINT('',(-0.0037,6.39495518686365E-18,0.001));
#7763=CARTESIAN_POINT('',(-0.0037,-0.0069,0.001));
#7764=CARTESIAN_POINT('',(-0.0037,0.0069,0.001));
#7765=CARTESIAN_POINT('',(6.93889390390723E-18,0.021,0.001));
#7766=CARTESIAN_POINT('',(0.0309,0.021,0.001));
#7767=CARTESIAN_POINT('',(0.0309,0.021,0.005));
#7768=CARTESIAN_POINT('',(0.0309,0.021,0.001));
#7769=CARTESIAN_POINT('',(0.0309,0.0358,0.005));
#7770=CARTESIAN_POINT('',(0.0309,0.0358,0.004));
#7771=CARTESIAN_POINT('',(0.0309,0.0358,0.001));
#7772=CARTESIAN_POINT('',(0.0309,0.0358,0.004));
#7773=CARTESIAN_POINT('',(0.0309,0.0358,0.004));
#7774=CARTESIAN_POINT('',(-0.01695,-0.0119,0.005));
#7775=CARTESIAN_POINT('',(-0.01695,-0.0119,0.001));
#7776=CARTESIAN_POINT('',(-0.01495,-0.013425,0.001));
#7777=CARTESIAN_POINT('',(-0.01495,-0.0119,0.001));
#7778=CARTESIAN_POINT('',(9.59880323373828E-18,-0.0069,0.001));
#7779=CARTESIAN_POINT('',(-0.0282,-0.0069,0.001));
#7780=CARTESIAN_POINT('',(-0.021575,0.0069,0.001));
#7781=CARTESIAN_POINT('',(-0.0282,0.0069,0.001));
#7782=CARTESIAN_POINT('',(0.0309,0.021,0.001));
#7783=CARTESIAN_POINT('',(0.0309,0.021,0.001));
#7784=CARTESIAN_POINT('',(0.0309,0.0358,0.001));
#7785=CARTESIAN_POINT('',(0.0309,0.0358,0.001));
#7786=CARTESIAN_POINT('',(0.0309,0.0358,0.001));
#7787=CARTESIAN_POINT('',(0.02955,0.0358,0.004));
#7788=CARTESIAN_POINT('',(0.0282,0.0358,0.004));
#7789=CARTESIAN_POINT('',(-0.01695,-0.0119,0.001));
#7790=CARTESIAN_POINT('',(-0.01695,-0.0099,0.001));
#7791=CARTESIAN_POINT('',(-0.0282,-0.00290000000000005,0.001));
#7792=CARTESIAN_POINT('',(-0.0282,0.00151986841535702,-2.67087212423363E-17));
#7793=CARTESIAN_POINT('',(-0.0279820793096006,0.00104568180159169,-2.55584057387321E-17));
#7794=CARTESIAN_POINT('',(-0.0277179207427802,-8.16123577879863E-7,0.000126500581627384));
#7795=CARTESIAN_POINT('',(-0.027982079305757,-0.00104568180335823,-2.90861308259358E-17));
#7796=CARTESIAN_POINT('',(-0.0282,-0.00151986841535711,-3.01808774951407E-17));
#7797=CARTESIAN_POINT('',(0.0309,0.027625,0.001));
#7798=CARTESIAN_POINT('',(0.0309,0.0324198684153571,-2.68143885766568E-17));
#7799=CARTESIAN_POINT('',(0.0311179206904028,0.0319456818015933,-3.22631776328143E-17));
#7800=CARTESIAN_POINT('',(0.0313820792572183,0.0308991838764213,0.000126500581627387));
#7801=CARTESIAN_POINT('',(0.0311179206942425,0.029854318196642,-2.7498756998002E-17));
#7802=CARTESIAN_POINT('',(0.0309,0.0293801315846429,-3.02189940811647E-17));
#7803=CARTESIAN_POINT('',(6.93889390390723E-18,0.0358,0.001));
#7804=CARTESIAN_POINT('',(0.0282,0.0358,0.001));
#7805=CARTESIAN_POINT('',(0.0282,0.0358,0.005));
#7806=CARTESIAN_POINT('',(0.0282,0.0358,0.001));
#7807=CARTESIAN_POINT('',(8.01561882003075E-18,-0.0099,0.001));
#7808=CARTESIAN_POINT('',(-0.0309,-0.0099,0.001));
#7809=CARTESIAN_POINT('',(-0.0295,-4.47303618463601E-17,0.001));
#7810=CARTESIAN_POINT('',(-0.0309,-0.00142828568570863,-1.74392954383702E-17));
#7811=CARTESIAN_POINT('',(-0.0310883816241878,-0.000978761517276996,-1.97451947019906E-17));
#7812=CARTESIAN_POINT('',(-0.0313116183411484,6.86033230914073E-7,9.21215862830573E-5));
#7813=CARTESIAN_POINT('',(-0.0310883816243033,0.000978761517325326,-4.62571268258272E-17));
#7814=CARTESIAN_POINT('',(-0.0309,0.00142828568570854,-4.36272474967188E-17));
#7815=CARTESIAN_POINT('',(0.0296,0.0309,0.001));
#7816=CARTESIAN_POINT('',(0.0282,0.0294717143142915,-1.74458603314502E-17));
#7817=CARTESIAN_POINT('',(0.0280116183758156,0.0299212384827245,-1.51241835582671E-17));
#7818=CARTESIAN_POINT('',(0.0277883816588499,0.0309006860332303,9.21215862830501E-5));
#7819=CARTESIAN_POINT('',(0.0280116183756966,0.0318787615173254,-4.78492471187806E-17));
#7820=CARTESIAN_POINT('',(0.0282,0.0323282856857086,-4.36746811866688E-17));
#7821=CARTESIAN_POINT('',(0.0282,0.0358,0.001));
#7822=CARTESIAN_POINT('',(0.0282,0.0358,0.001));
#7823=CARTESIAN_POINT('',(-0.0309,6.93889390390723E-18,0.001));
#7824=CARTESIAN_POINT('',(-0.0309,0.0099,0.001));
#7825=CARTESIAN_POINT('',(0.0282,2.3521674250533E-17,0.001));
#7826=CARTESIAN_POINT('',(0.0282,0.024,0.001));
#7827=CARTESIAN_POINT('',(2.63199423941318E-18,0.0099,0.001));
#7828=CARTESIAN_POINT('',(-0.01695,0.0099,0.001));
#7829=CARTESIAN_POINT('',(0.00239999999999996,0.0309,0.001));
#7830=CARTESIAN_POINT('',(0.0037,0.0324198684153571,-2.6763037230079E-17));
#7831=CARTESIAN_POINT('',(0.00391792069039988,0.031945681801592,-2.99278248730592E-17));
#7832=CARTESIAN_POINT('',(0.00418207925721933,0.0308991838764222,0.000126500581627369));
#7833=CARTESIAN_POINT('',(0.00391792069424333,0.0298543181966417,-2.47911833406832E-17));
#7834=CARTESIAN_POINT('',(0.0037,0.029380131584643,-3.01371494709377E-17));
#7835=CARTESIAN_POINT('',(0.021575,0.024,0.001));
#7836=CARTESIAN_POINT('',(0.0037,0.024,0.001));
#7837=CARTESIAN_POINT('',(-0.01695,0.0119,0.001));
#7838=CARTESIAN_POINT('',(-0.01695,0.0119,0.001));
#7839=CARTESIAN_POINT('',(-0.01495,0.0119,0.001));
#7840=CARTESIAN_POINT('',(0.0037,0.027625,0.001));
#7841=CARTESIAN_POINT('',(0.0037,0.0358,0.001));
#7842=CARTESIAN_POINT('',(0.0037,0.0358,0.005));
#7843=CARTESIAN_POINT('',(0.0037,0.0358,0.004));
#7844=CARTESIAN_POINT('',(0.0037,0.0358,0.001));
#7845=CARTESIAN_POINT('',(-0.01695,0.0119,0.005));
#7846=CARTESIAN_POINT('',(-0.01695,0.0119,0.004));
#7847=CARTESIAN_POINT('',(-0.01495,0.017975,0.001));
#7848=CARTESIAN_POINT('',(-0.01495,0.019,0.001));
#7849=CARTESIAN_POINT('',(0.0037,0.0358,0.001));
#7850=CARTESIAN_POINT('',(0.0037,0.0358,0.001));
#7851=CARTESIAN_POINT('',(-0.00235,0.0358,0.004));
#7852=CARTESIAN_POINT('',(-0.0037,0.0358,0.004));
#7853=CARTESIAN_POINT('',(-0.01695,0.0119,0.004));
#7854=CARTESIAN_POINT('',(-0.01495,0.0119,0.004));
#7855=CARTESIAN_POINT('',(-0.01695,0.019,0.001));
#7856=CARTESIAN_POINT('',(-0.01695,0.019,0.001));
#7857=CARTESIAN_POINT('',(-0.01695,0.021,0.001));
#7858=CARTESIAN_POINT('',(6.93889390390723E-18,0.0358,0.001));
#7859=CARTESIAN_POINT('',(-0.0037,0.0358,0.001));
#7860=CARTESIAN_POINT('',(-0.0037,0.0358,0.005));
#7861=CARTESIAN_POINT('',(-0.0037,0.0358,0.001));
#7862=CARTESIAN_POINT('',(-0.01495,6.93889390390723E-18,0.004));
#7863=CARTESIAN_POINT('',(-0.01495,0.019,0.004));
#7864=CARTESIAN_POINT('',(-0.01695,0.019,0.005));
#7865=CARTESIAN_POINT('',(-0.01695,0.019,0.004));
#7866=CARTESIAN_POINT('',(-0.023925,0.021,0.001));
#7867=CARTESIAN_POINT('',(-0.0309,0.021,0.001));
#7868=CARTESIAN_POINT('',(-0.0023,0.0309,0.001));
#7869=CARTESIAN_POINT('',(-0.0037,0.0294717143142915,-1.73778858598868E-17));
#7870=CARTESIAN_POINT('',(-0.00388838162418571,0.029921238482724,-1.47322290196802E-17));
#7871=CARTESIAN_POINT('',(-0.00411161834114967,0.0309006860332306,9.21215862830491E-5));
#7872=CARTESIAN_POINT('',(-0.00388838162430297,0.0318787615173252,-4.09611556264027E-17));
#7873=CARTESIAN_POINT('',(-0.0037,0.0323282856857086,-4.36068124649749E-17));
#7874=CARTESIAN_POINT('',(-0.0037,0.0358,0.001));
#7875=CARTESIAN_POINT('',(-0.0037,0.0358,0.001));
#7876=CARTESIAN_POINT('',(-0.01695,0.019,0.004));
#7877=CARTESIAN_POINT('',(-0.01695,0.021,0.004));
#7878=CARTESIAN_POINT('',(-0.0309,0.021,0.001));
#7879=CARTESIAN_POINT('',(-0.0309,0.021,0.001));
#7880=CARTESIAN_POINT('',(-0.0309,0.021,0.001));
#7881=CARTESIAN_POINT('',(-0.0037,5.57904711129829E-18,0.001));
#7882=CARTESIAN_POINT('',(-0.0037,0.024,0.001));
#7883=CARTESIAN_POINT('',(-2.19695386926216E-18,0.021,0.004));
#7884=CARTESIAN_POINT('',(-0.0309,0.021,0.004));
#7885=CARTESIAN_POINT('',(-0.0309,0.021,0.005));
#7886=CARTESIAN_POINT('',(-0.0309,0.021,0.004));
#7887=CARTESIAN_POINT('',(-0.0309,0.0225,0.001));
#7888=CARTESIAN_POINT('',(-0.0309,0.0358,0.001));
#7889=CARTESIAN_POINT('',(-0.0309,0.0294717143142914,-1.73660275795694E-17));
#7890=CARTESIAN_POINT('',(-0.0310883816241871,0.0299212384827233,-2.15405935142685E-17));
#7891=CARTESIAN_POINT('',(-0.0313116183411487,0.0309006860332308,9.2121586283059E-5));
#7892=CARTESIAN_POINT('',(-0.0310883816243034,0.0318787615173254,-4.77882609533736E-17));
#7893=CARTESIAN_POINT('',(-0.0309,0.0323282856857086,-4.36136950212616E-17));
#7894=CARTESIAN_POINT('',(-0.0295,0.0309,0.001));
#7895=CARTESIAN_POINT('',(-0.0282,0.0324198684153571,-2.67222737436429E-17));
#7896=CARTESIAN_POINT('',(-0.0279820793096005,0.0319456818015918,-2.40020366140125E-17));
#7897=CARTESIAN_POINT('',(-0.02771792074278,0.030899183876422,0.000126500581627383));
#7898=CARTESIAN_POINT('',(-0.0279820793057575,0.029854318196642,-2.73760438235518E-17));
#7899=CARTESIAN_POINT('',(-0.0282,0.0293801315846429,-3.00962809067144E-17));
#7900=CARTESIAN_POINT('',(-0.021575,0.024,0.001));
#7901=CARTESIAN_POINT('',(-0.0282,0.024,0.001));
#7902=CARTESIAN_POINT('',(-0.0309,0.021,0.004));
#7903=CARTESIAN_POINT('',(-0.0309,0.021,0.004));
#7904=CARTESIAN_POINT('',(-0.0309,0.0358,0.001));
#7905=CARTESIAN_POINT('',(-0.0309,0.0358,0.001));
#7906=CARTESIAN_POINT('',(-0.0309,0.0358,0.001));
#7907=CARTESIAN_POINT('',(6.93889390390723E-18,0.0358,0.001));
#7908=CARTESIAN_POINT('',(-0.0282,0.0358,0.001));
#7909=CARTESIAN_POINT('',(-0.0282,0.028,0.001));
#7910=CARTESIAN_POINT('',(-0.0282,0.0358,0.001));
#7911=CARTESIAN_POINT('',(-0.0309,6.93889390390723E-18,0.004));
#7912=CARTESIAN_POINT('',(-0.0309,0.0358,0.004));
#7913=CARTESIAN_POINT('',(-0.0309,0.0358,0.005));
#7914=CARTESIAN_POINT('',(-0.0309,0.0358,0.004));
#7915=CARTESIAN_POINT('',(-0.0282,0.0358,0.001));
#7916=CARTESIAN_POINT('',(-0.0282,0.0358,0.001));
#7917=CARTESIAN_POINT('',(-0.0309,0.0358,0.004));
#7918=CARTESIAN_POINT('',(-0.0309,0.0358,0.004));
#7919=CARTESIAN_POINT('',(-0.0282,0.0358,0.005));
#7920=CARTESIAN_POINT('',(-0.0282,0.0358,0.004));
#7921=CARTESIAN_POINT('',(-0.02955,0.0358,0.004));
#7922=CARTESIAN_POINT('',(0.0023417203117076,0.006,0.02));
#7923=CARTESIAN_POINT('',(0.,0.0205000098948579,0.02));
#7924=CARTESIAN_POINT('',(0.0015,0.0205000098948579,0.02));
#7925=CARTESIAN_POINT('',(0.,0.0104999901051422,0.02));
#7926=CARTESIAN_POINT('',(0.0015,0.0104999901051422,0.02));
#7927=CARTESIAN_POINT('',(0.0023417203117076,0.025,0.02));
#7928=CARTESIAN_POINT('',(-0.00471927451195051,0.025,0.02));
#7929=CARTESIAN_POINT('',(0.00470040086656809,0.025,0.02));
#7930=CARTESIAN_POINT('',(-0.00471927451195051,0.006,0.02));
#7931=CARTESIAN_POINT('',(-0.00471927451195051,0.006,0.02));
#7932=CARTESIAN_POINT('',(0.0023417203117076,0.006,0.02));
#7933=CARTESIAN_POINT('',(0.00470040086656809,0.006,0.02));
#7934=CARTESIAN_POINT('',(0.00470040086656809,0.006,0.02));
#7935=CARTESIAN_POINT('',(-0.00471927451195051,0.006,0.0124995409939438));
#7936=CARTESIAN_POINT('',(-0.00471927451195051,0.025,0.0124995409939438));
#7937=CARTESIAN_POINT('',(-0.00471927451195051,0.006,0.0124995409939438));
#7938=CARTESIAN_POINT('',(0.00470040086656809,0.006,0.0124995409939438));
#7939=CARTESIAN_POINT('',(0.00470040086656809,0.025,0.0124995409939438));
#7940=CARTESIAN_POINT('',(0.00470040086656809,0.006,0.0124995409939438));
#7941=CARTESIAN_POINT('',(0.0128256879135485,0.006,0.0622495409939438));
#7942=CARTESIAN_POINT('',(0.0128256879135485,0.025,0.0622495409939438));
#7943=CARTESIAN_POINT('',(0.0023417203117076,-0.025,0.02));
#7944=CARTESIAN_POINT('',(0.,-0.0105,0.02));
#7945=CARTESIAN_POINT('',(0.0015,-0.0105,0.02));
#7946=CARTESIAN_POINT('',(0.,-0.0205000098948579,0.02));
#7947=CARTESIAN_POINT('',(0.0015,-0.0205000098948579,0.02));
#7948=CARTESIAN_POINT('',(0.0023417203117076,-0.006,0.02));
#7949=CARTESIAN_POINT('',(-0.00471927451195051,-0.006,0.02));
#7950=CARTESIAN_POINT('',(0.00470040086656809,-0.006,0.02));
#7951=CARTESIAN_POINT('',(-0.00471927451195051,-0.025,0.02));
#7952=CARTESIAN_POINT('',(-0.00471927451195051,-0.025,0.02));
#7953=CARTESIAN_POINT('',(0.0023417203117076,-0.025,0.02));
#7954=CARTESIAN_POINT('',(0.00470040086656809,-0.025,0.02));
#7955=CARTESIAN_POINT('',(0.00470040086656809,-0.025,0.02));
#7956=CARTESIAN_POINT('',(-0.00471927451195051,-0.025,0.0124995409939438));
#7957=CARTESIAN_POINT('',(-0.00471927451195051,-0.006,0.0124995409939438));
#7958=CARTESIAN_POINT('',(-0.00471927451195051,-0.025,0.0124995409939438));
#7959=CARTESIAN_POINT('',(0.00470040086656809,-0.025,0.0124995409939438));
#7960=CARTESIAN_POINT('',(0.00470040086656809,-0.006,0.0124995409939438));
#7961=CARTESIAN_POINT('',(0.00470040086656809,-0.025,0.0124995409939438));
#7962=CARTESIAN_POINT('',(0.0128256879135485,-0.025,0.0622495409939438));
#7963=CARTESIAN_POINT('',(0.0128256879135485,-0.006,0.0622495409939438));
#7964=CARTESIAN_POINT('',(0.,-0.0205000098948579,0.01));
#7965=CARTESIAN_POINT('',(0.,-0.0205000098948579,0.01));
#7966=CARTESIAN_POINT('',(0.0015,-0.0205000098948579,0.01));
#7967=CARTESIAN_POINT('',(0.,0.,0.01));
#7968=CARTESIAN_POINT('',(0.,-0.0105,0.01));
#7969=CARTESIAN_POINT('',(0.,-0.0105,0.01));
#7970=CARTESIAN_POINT('',(0.0015,-0.0105,0.01));
#7971=CARTESIAN_POINT('',(0.,0.,0.01));
#7972=CARTESIAN_POINT('',(0.,0.0104999901051422,0.01));
#7973=CARTESIAN_POINT('',(0.,0.0104999901051422,0.01));
#7974=CARTESIAN_POINT('',(0.0015,0.0104999901051422,0.01));
#7975=CARTESIAN_POINT('',(0.,0.,0.01));
#7976=CARTESIAN_POINT('',(0.,0.0205000098948579,0.01));
#7977=CARTESIAN_POINT('',(0.,0.0205000098948579,0.01));
#7978=CARTESIAN_POINT('',(0.0015,0.0205000098948579,0.01));
#7979=CARTESIAN_POINT('',(0.,0.,0.01));
#7980=MECHANICAL_DESIGN_GEOMETRIC_PRESENTATION_REPRESENTATION('',(#4505),
#7983);
#7981=MECHANICAL_DESIGN_GEOMETRIC_PRESENTATION_REPRESENTATION('',(#4506),
#7984);
#7982=MECHANICAL_DESIGN_GEOMETRIC_PRESENTATION_REPRESENTATION('',(#4507),
#7985);
#7983=(
GEOMETRIC_REPRESENTATION_CONTEXT(3)
GLOBAL_UNCERTAINTY_ASSIGNED_CONTEXT((#7986))
GLOBAL_UNIT_ASSIGNED_CONTEXT((#7995,#7992,#7989))
REPRESENTATION_CONTEXT('Part 3','TOP_LEVEL_ASSEMBLY_PART')
);
#7984=(
GEOMETRIC_REPRESENTATION_CONTEXT(3)
GLOBAL_UNCERTAINTY_ASSIGNED_CONTEXT((#7987))
GLOBAL_UNIT_ASSIGNED_CONTEXT((#7996,#7993,#7990))
REPRESENTATION_CONTEXT('Part 2','TOP_LEVEL_ASSEMBLY_PART')
);
#7985=(
GEOMETRIC_REPRESENTATION_CONTEXT(3)
GLOBAL_UNCERTAINTY_ASSIGNED_CONTEXT((#7988))
GLOBAL_UNIT_ASSIGNED_CONTEXT((#7997,#7994,#7991))
REPRESENTATION_CONTEXT('Part 1','TOP_LEVEL_ASSEMBLY_PART')
);
#7986=UNCERTAINTY_MEASURE_WITH_UNIT(LENGTH_MEASURE(1.E-8),#7995,
'DISTANCE_ACCURACY_VALUE','Maximum Tolerance applied to model');
#7987=UNCERTAINTY_MEASURE_WITH_UNIT(LENGTH_MEASURE(2.E-5),#7996,
'DISTANCE_ACCURACY_VALUE','Maximum Tolerance applied to model');
#7988=UNCERTAINTY_MEASURE_WITH_UNIT(LENGTH_MEASURE(6.92299044896713E-5),
#7997,'DISTANCE_ACCURACY_VALUE','Maximum Tolerance applied to model');
#7989=(
NAMED_UNIT(*)
SI_UNIT($,.STERADIAN.)
SOLID_ANGLE_UNIT()
);
#7990=(
NAMED_UNIT(*)
SI_UNIT($,.STERADIAN.)
SOLID_ANGLE_UNIT()
);
#7991=(
NAMED_UNIT(*)
SI_UNIT($,.STERADIAN.)
SOLID_ANGLE_UNIT()
);
#7992=(
NAMED_UNIT(*)
PLANE_ANGLE_UNIT()
SI_UNIT($,.RADIAN.)
);
#7993=(
NAMED_UNIT(*)
PLANE_ANGLE_UNIT()
SI_UNIT($,.RADIAN.)
);
#7994=(
NAMED_UNIT(*)
PLANE_ANGLE_UNIT()
SI_UNIT($,.RADIAN.)
);
#7995=(
LENGTH_UNIT()
NAMED_UNIT(*)
SI_UNIT($,.METRE.)
);
#7996=(
LENGTH_UNIT()
NAMED_UNIT(*)
SI_UNIT($,.METRE.)
);
#7997=(
LENGTH_UNIT()
NAMED_UNIT(*)
SI_UNIT($,.METRE.)
);
#7998=PRODUCT_DEFINITION_SHAPE('','',#8001);
#7999=PRODUCT_DEFINITION_SHAPE('','',#8002);
#8000=PRODUCT_DEFINITION_SHAPE('','',#8003);
#8001=PRODUCT_DEFINITION('','',#8007,#8004);
#8002=PRODUCT_DEFINITION('','',#8008,#8005);
#8003=PRODUCT_DEFINITION('','',#8009,#8006);
#8004=PRODUCT_DEFINITION_CONTEXT('',#8025,'design');
#8005=PRODUCT_DEFINITION_CONTEXT('',#8026,'design');
#8006=PRODUCT_DEFINITION_CONTEXT('',#8027,'design');
#8007=PRODUCT_DEFINITION_FORMATION_WITH_SPECIFIED_SOURCE('','',#8013,
 .NOT_KNOWN.);
#8008=PRODUCT_DEFINITION_FORMATION_WITH_SPECIFIED_SOURCE('','',#8014,
 .NOT_KNOWN.);
#8009=PRODUCT_DEFINITION_FORMATION_WITH_SPECIFIED_SOURCE('','',#8015,
 .NOT_KNOWN.);
#8010=PRODUCT_RELATED_PRODUCT_CATEGORY('','',(#8013));
#8011=PRODUCT_RELATED_PRODUCT_CATEGORY('','',(#8014));
#8012=PRODUCT_RELATED_PRODUCT_CATEGORY('','',(#8015));
#8013=PRODUCT('Part 3','Part 3','Part 3',(#8019));
#8014=PRODUCT('Part 2','Part 2','Part 2',(#8020));
#8015=PRODUCT('Part 1','Part 1','Part 1',(#8021));
#8016=PRODUCT_CATEGORY('','');
#8017=PRODUCT_CATEGORY('','');
#8018=PRODUCT_CATEGORY('','');
#8019=PRODUCT_CONTEXT('',#8025,'mechanical');
#8020=PRODUCT_CONTEXT('',#8026,'mechanical');
#8021=PRODUCT_CONTEXT('',#8027,'mechanical');
#8022=APPLICATION_PROTOCOL_DEFINITION('international standard',
'ap242_managed_model_based_3d_engineering',2020,#8025);
#8023=APPLICATION_PROTOCOL_DEFINITION('international standard',
'ap242_managed_model_based_3d_engineering',2020,#8026);
#8024=APPLICATION_PROTOCOL_DEFINITION('international standard',
'ap242_managed_model_based_3d_engineering',2020,#8027);
#8025=APPLICATION_CONTEXT('managed model based 3d engineering');
#8026=APPLICATION_CONTEXT('managed model based 3d engineering');
#8027=APPLICATION_CONTEXT('managed model based 3d engineering');
ENDSEC;
END-ISO-10303-21;
